hole_high,hole_low,suited,pocket_pair,street,num_opponents,hand_class,normalized_strength,win_pct,tie_pct,loss_pct
7,4,0,0,5,2,8,0.3279,31.8,2.6,65.6
13,2,0,0,0,6,0,0.0,8.4,3.0,88.6
4,3,0,0,3,1,8,0.2314,54.8,3.6,41.6
10,2,0,0,5,3,8,0.1823,1.6,0.0,98.4
6,4,0,0,0,4,0,0.0,12.6,2.2,85.2
14,8,0,0,3,5,9,0.1132,7.2,2.4,90.4
13,12,0,0,4,8,8,0.2809,2.8,0.4,96.8
12,8,0,0,0,6,0,0.0,12.6,3.2,84.2
13,6,0,0,0,4,0,0.0,16.2,4.6,79.2
11,2,0,0,3,7,8,0.3973,0.4,2.4,97.2
9,6,1,0,5,8,7,0.5763,0.6,2.8,96.6
12,8,0,0,4,6,8,0.4733,25.4,11.0,63.6
11,4,1,0,0,4,0,0.0,20.6,5.0,74.4
3,2,0,0,3,2,9,0.0704,6.4,1.8,91.8
9,8,0,0,5,5,5,0.7853,0.0,38.0,62.0
14,3,1,0,3,5,8,0.5253,55.2,7.6,37.2
11,8,0,0,0,6,0,0.0,14.6,3.2,82.2
4,2,0,0,3,5,9,0.0197,1.8,1.2,97.0
11,6,1,0,3,7,8,0.4496,12.2,2.4,85.4
7,2,0,0,5,5,8,0.3728,0.0,0.0,100.0
14,10,0,0,4,7,9,0.1163,2.4,1.2,96.4
6,2,0,0,4,1,7,0.6211,57.0,3.2,39.8
12,5,0,0,0,5,0,0.0,10.2,3.4,86.4
11,10,0,0,5,2,9,0.0608,3.0,0.8,96.2
11,3,1,0,3,7,9,0.0165,8.4,5.6,86.0
9,7,0,0,3,7,8,0.1812,1.2,1.4,97.4
12,7,0,0,0,8,0,0.0,6.8,3.2,90.0
7,2,0,0,4,7,8,0.2032,0.6,0.2,99.2
9,5,1,0,4,1,9,0.114,22.4,4.0,73.6
13,8,0,0,4,1,7,0.6451,90.4,0.6,9.0
5,5,0,1,4,5,7,0.5626,8.4,0.0,91.6
12,4,0,0,3,1,8,0.2452,50.0,3.0,47.0
13,11,0,0,0,2,0,0.0,43.6,3.6,52.8
14,4,1,0,3,6,9,0.1248,5.0,1.2,93.8
7,2,0,0,4,5,8,0.268,0.4,0.2,99.4
13,12,0,0,0,5,0,0.0,26.0,1.4,72.6
14,13,0,0,0,4,0,0.0,36.0,1.4,62.6
13,7,0,0,4,5,9,0.07,2.0,0.2,97.8
8,7,0,0,3,5,8,0.5094,2.4,3.0,94.6
13,6,0,0,0,3,0,0.0,22.6,4.0,73.4
12,5,0,0,5,1,9,0.0477,10.8,0.8,88.4
6,6,0,1,5,2,7,0.6278,12.0,0.0,88.0
14,13,0,0,0,4,0,0.0,31.2,2.4,66.4
14,6,1,0,0,1,0,0.0,60.0,3.0,37.0
8,2,0,0,0,8,0,0.0,4.0,2.2,93.8
10,10,0,1,4,1,7,0.6647,72.4,0.6,27.0
13,10,1,0,5,3,8,0.5159,68.6,1.4,30.0
10,8,0,0,3,2,8,0.3734,36.4,4.4,59.2
9,4,0,0,5,2,8,0.3877,16.0,2.6,81.4
8,6,1,0,5,6,7,0.6421,8.2,0.2,91.6
14,4,0,0,5,2,9,0.1317,7.6,1.0,91.4
6,3,1,0,5,6,8,0.5536,0.0,0.0,100.0
14,11,0,0,4,1,9,0.1289,38.4,0.8,60.8
13,6,0,0,3,5,8,0.4979,38.6,6.8,54.6
12,3,1,0,0,2,0,0.0,30.4,3.8,65.8
9,7,0,0,5,7,8,0.2842,0.0,0.0,100.0
14,2,1,0,4,4,8,0.2585,14.2,4.2,81.6
12,10,0,0,5,4,8,0.3994,2.2,0.4,97.4
2,2,0,1,4,2,8,0.1994,25.8,2.2,72.0
11,6,0,0,4,6,8,0.4164,2.0,0.6,97.4
7,6,0,0,5,8,6,0.7219,66.6,15.8,17.6
11,5,0,0,3,1,8,0.4444,73.6,2.4,24.0
13,4,0,0,4,3,9,0.1525,25.6,1.2,73.2
10,6,0,0,5,5,8,0.4136,30.6,0.8,68.6
8,3,1,0,3,6,8,0.3499,11.0,3.0,86.0
5,4,0,0,5,5,8,0.2574,1.0,0.2,98.8
9,4,0,0,0,2,0,0.0,22.6,3.2,74.2
13,12,0,0,0,1,0,0.0,61.6,1.8,36.6
12,10,0,0,5,8,8,0.435,1.8,0.0,98.2
11,9,0,0,3,7,8,0.3979,14.2,1.8,84.0
9,3,0,0,3,8,8,0.3776,6.6,1.0,92.4
4,2,0,0,3,1,9,0.0304,8.2,12.0,79.8
14,10,0,0,5,3,8,0.4952,13.8,0.6,85.6
14,5,0,0,5,4,8,0.5208,2.6,0.0,97.4
6,5,1,0,3,2,9,0.0682,12.4,3.4,84.2
5,3,0,0,5,6,7,0.56,1.0,2.0,97.0
10,9,0,0,5,1,5,0.785,92.6,0.6,6.8
6,6,0,1,5,6,8,0.2991,1.2,0.0,98.8
2,2,0,1,3,5,8,0.2003,5.8,1.4,92.8
13,3,0,0,5,4,7,0.6394,35.4,10.8,53.8
9,8,0,0,0,2,0,0.0,31.0,5.0,64.0
14,2,0,0,0,6,0,0.0,12.8,4.0,83.2
12,3,0,0,5,8,5,0.7854,22.4,66.4,11.2
13,5,0,0,0,7,0,0.0,9.4,2.8,87.8
12,7,0,0,3,6,9,0.1671,3.4,1.4,95.2
11,4,0,0,4,5,7,0.6143,25.6,8.0,66.4
7,4,0,0,4,7,9,0.0281,14.0,1.0,85.0
12,4,0,0,5,1,7,0.5791,36.4,10.6,53.0
10,3,0,0,0,2,0,0.0,21.0,3.6,75.4
5,3,0,0,0,5,0,0.0,11.0,3.2,85.8
13,7,0,0,4,4,8,0.2519,3.6,3.4,93.0
7,3,0,0,3,6,8,0.2091,11.0,2.0,87.0
10,2,0,0,0,4,0,0.0,12.4,2.6,85.0
12,12,0,1,3,2,7,0.6289,64.0,0.0,36.0
9,4,1,0,4,1,8,0.3849,49.4,13.0,37.6
7,6,0,0,4,7,8,0.456,0.2,0.6,99.2
7,5,0,0,0,3,0,0.0,20.0,2.6,77.4
14,5,0,0,5,8,7,0.6571,8.0,0.6,91.4
12,9,0,0,0,1,0,0.0,54.2,3.2,42.6
14,5,0,0,0,2,0,0.0,36.0,5.2,58.8
13,6,0,0,4,4,8,0.3108,17.8,0.8,81.4
3,2,0,0,3,3,8,0.1828,20.6,2.8,76.6
10,2,1,0,3,1,8,0.3547,30.4,8.0,61.6
11,2,0,0,3,7,8,0.385,1.4,1.4,97.2
13,9,0,0,3,7,9,0.0846,8.2,2.6,89.2
9,7,0,0,4,4,9,0.0843,1.2,0.2,98.6
14,11,0,0,3,1,8,0.3452,53.8,4.0,42.2
7,7,0,1,4,1,8,0.3381,60.2,0.2,39.6
13,11,0,0,0,1,0,0.0,54.8,2.8,42.4
4,3,0,0,3,5,8,0.2012,16.0,3.4,80.6
14,13,0,0,3,2,8,0.2293,32.2,4.6,63.2
2,2,0,1,5,3,8,0.1865,2.8,0.0,97.2
14,8,0,0,5,4,8,0.376,13.0,0.8,86.2
3,2,0,0,3,7,9,0.1232,1.8,0.0,98.2
14,9,0,0,4,1,8,0.1957,47.2,2.4,50.4
12,4,0,0,0,4,0,0.0,16.2,2.6,81.2
7,2,0,0,3,4,9,0.1552,2.0,0.6,97.4
14,5,1,0,0,6,0,0.0,20.0,3.2,76.8
7,2,0,0,5,5,8,0.3243,3.2,0.4,96.4
14,11,0,0,4,5,9,0.1702,9.6,0.8,89.6
12,4,0,0,3,7,9,0.1345,6.6,1.0,92.4
14,7,0,0,4,7,8,0.3441,5.8,0.4,93.8
13,2,0,0,4,6,8,0.1915,5.8,0.2,94.0
10,7,0,0,5,8,7,0.6261,0.0,0.0,100.0
8,4,1,0,0,1,0,0.0,40.2,4.2,55.6
11,3,0,0,0,8,0,0.0,7.0,1.6,91.4
6,3,1,0,0,2,0,0.0,26.0,3.2,70.8
12,8,1,0,3,1,9,0.0536,35.0,3.0,62.0
9,3,0,0,3,1,8,0.3853,65.4,2.4,32.2
14,11,0,0,3,4,9,0.126,16.4,2.0,81.6
14,6,1,0,3,1,9,0.1091,43.2,2.4,54.4
11,3,0,0,3,6,6,0.6829,73.6,4.0,22.4
7,3,1,0,0,4,0,0.0,12.8,2.0,85.2
5,4,0,0,5,8,8,0.2876,0.2,0.6,99.2
9,4,1,0,3,4,9,0.0827,7.6,1.6,90.8
13,10,0,0,0,5,0,0.0,21.8,3.6,74.6
8,4,0,0,0,8,0,0.0,5.0,2.4,92.6
13,6,1,0,3,2,8,0.1924,24.8,5.0,70.2
4,4,0,1,5,7,8,0.2474,0.6,0.0,99.4
9,8,0,0,3,5,9,0.0048,3.0,1.2,95.8
13,6,0,0,4,6,6,0.7686,66.6,7.0,26.4
3,2,1,0,4,2,8,0.1816,22.4,2.4,75.2
13,5,0,0,5,8,8,0.2804,0.0,0.0,100.0
8,8,0,1,4,6,6,0.7249,69.8,0.0,30.2
12,5,0,0,0,2,0,0.0,27.8,3.0,69.2
13,9,0,0,3,2,9,0.1552,49.6,1.0,49.4
14,14,0,1,3,5,6,0.7765,82.4,0.0,17.6
10,7,0,0,4,4,8,0.3239,12.4,2.8,84.8
10,6,1,0,3,6,8,0.4125,19.2,3.2,77.6
7,5,0,0,5,2,5,0.7849,83.4,1.6,15.0
11,10,0,0,5,1,7,0.666,74.6,6.4,19.0
10,9,0,0,4,8,7,0.6482,16.4,3.8,79.8
12,4,1,0,4,8,9,0.0982,19.6,0.2,80.2
6,2,0,0,0,8,0,0.0,4.4,1.0,94.6
10,5,1,0,3,1,9,0.143,24.0,7.8,68.2
10,5,0,0,0,8,0,0.0,4.0,4.0,92.0
13,5,0,0,0,1,0,0.0,50.0,4.4,45.6
13,2,1,0,3,8,9,0.0738,1.8,1.4,96.8
14,8,0,0,0,6,0,0.0,20.0,2.6,77.4
9,8,0,0,3,5,9,0.0068,27.4,2.6,70.0
12,9,1,0,5,4,5,0.7854,78.0,3.4,18.6
12,2,0,0,0,2,0,0.0,26.0,4.8,69.2
7,2,0,0,5,1,8,0.4522,6.4,5.6,88.0
7,4,1,0,5,2,7,0.5734,84.2,0.8,15.0
14,11,1,0,4,5,8,0.3772,4.6,2.0,93.4
6,3,0,0,4,7,7,0.6278,2.4,4.0,93.6
10,7,0,0,5,3,8,0.3381,24.4,0.4,75.2
9,5,0,0,5,4,7,0.6569,19.6,0.6,79.8
9,7,0,0,3,1,9,0.0769,53.6,3.4,43.0
13,10,0,0,5,6,7,0.6467,27.6,1.8,70.6
5,5,0,1,0,4,0,0.0,20.6,0.6,78.8
14,9,1,0,3,5,8,0.1959,12.6,4.2,83.2
12,8,0,0,0,2,0,0.0,34.2,4.2,61.6
5,2,0,0,0,5,0,0.0,9.6,2.4,88.0
5,4,1,0,0,5,0,0.0,15.2,1.8,83.0
10,7,1,0,3,6,9,0.0993,8.2,1.8,90.0
10,5,0,0,5,7,9,0.1327,0.0,0.0,100.0
11,5,0,0,0,6,0,0.0,9.8,2.6,87.6
5,3,0,0,3,3,9,0.0615,32.4,2.2,65.4
10,9,0,0,4,4,7,0.6482,37.6,6.0,56.4
14,10,0,0,3,7,9,0.1328,8.4,7.6,84.0
9,3,0,0,5,1,8,0.2298,45.8,3.8,50.4
11,3,0,0,0,1,0,0.0,39.6,3.6,56.8
12,8,1,0,5,2,4,0.8274,98.4,0.0,1.6
9,8,0,0,5,6,9,0.0852,0.0,0.0,100.0
7,2,0,0,4,2,8,0.1906,21.8,1.4,76.8
5,5,0,1,5,7,6,0.7018,42.0,0.0,58.0
13,5,0,0,0,8,0,0.0,6.6,1.4,92.0
4,3,1,0,3,7,8,0.4369,2.8,0.8,96.4
3,2,1,0,4,4,9,0.008,12.2,2.2,85.6
11,5,0,0,0,8,0,0.0,6.8,2.8,90.4
4,2,0,0,3,8,8,0.4232,0.0,0.8,99.2
10,3,1,0,5,2,6,0.7435,77.8,2.8,19.4
11,5,0,0,4,2,9,0.145,15.4,2.6,82.0
14,9,0,0,3,7,9,0.1138,7.2,3.6,89.2
9,4,0,0,4,1,7,0.5897,82.0,0.0,18.0
12,9,0,0,3,7,9,0.1388,5.8,0.6,93.6
4,3,1,0,4,8,7,0.5587,9.8,0.4,89.8
12,11,1,0,4,3,7,0.6678,29.8,15.2,55.0
13,3,0,0,3,3,8,0.3349,11.8,4.6,83.6
11,5,1,0,5,3,8,0.2687,9.0,0.2,90.8
2,2,0,1,4,5,8,0.1978,4.4,0.0,95.6
14,8,1,0,4,8,8,0.5495,25.2,4.2,70.6
14,14,0,1,3,8,7,0.6571,37.0,0.0,63.0
8,2,0,0,0,7,0,0.0,4.8,2.4,92.8
13,8,0,0,0,8,0,0.0,8.6,2.4,89.0
8,5,1,0,0,7,0,0.0,11.4,3.2,85.4
9,2,0,0,5,2,8,0.4027,33.6,0.6,65.8
12,2,0,0,0,7,0,0.0,6.4,2.4,91.2
13,11,0,0,5,8,8,0.5248,6.6,0.6,92.8
10,3,0,0,4,3,8,0.2657,4.4,0.4,95.2
12,4,0,0,4,2,8,0.4488,12.6,2.6,84.8
13,3,0,0,0,4,0,0.0,15.2,2.6,82.2
13,11,0,0,0,6,0,0.0,18.8,2.2,79.0
12,5,0,0,4,6,9,0.0992,0.0,0.2,99.8
11,11,0,1,5,6,3,0.9692,62.6,0.6,36.8
14,5,1,0,4,6,7,0.6674,18.2,10.2,71.6
5,4,0,0,5,7,7,0.5951,0.0,0.0,100.0
11,11,0,1,3,5,7,0.6489,45.0,0.2,54.8
12,8,0,0,0,8,0,0.0,8.8,3.6,87.6
14,10,0,0,5,2,7,0.6014,73.0,1.4,25.6
7,5,0,0,4,4,8,0.3668,9.6,1.4,89.0
4,2,0,0,4,6,9,0.1569,6.4,0.8,92.8
7,3,0,0,0,4,0,0.0,9.0,3.0,88.0
12,2,0,0,3,7,9,0.0472,3.0,0.6,96.4
13,7,0,0,5,8,9,0.1623,0.0,0.0,100.0
11,7,1,0,4,7,9,0.0202,4.0,4.2,91.8
13,5,0,0,4,1,6,0.7046,90.2,1.0,8.8
13,6,0,0,0,3,0,0.0,25.0,3.8,71.2
8,3,1,0,0,4,0,0.0,17.0,2.2,80.8
10,9,1,0,4,3,9,0.1601,3.8,0.0,96.2
11,7,1,0,0,5,0,0.0,20.0,2.8,77.2
4,4,0,1,5,5,5,0.7845,64.2,32.6,3.2
7,7,0,1,3,7,8,0.3242,13.4,0.6,86.0
13,4,1,0,4,6,8,0.4256,1.4,1.6,97.0
11,3,1,0,0,3,0,0.0,23.4,3.0,73.6
11,3,0,0,5,3,8,0.4275,0.0,0.2,99.8
6,4,0,0,0,5,0,0.0,8.6,1.8,89.6
13,8,0,0,5,7,8,0.3688,2.8,0.0,97.2
3,2,1,0,4,4,9,0.046,0.0,0.0,100.0
11,6,0,0,4,2,9,0.0245,7.0,0.4,92.6
12,4,0,0,0,5,0,0.0,13.6,2.8,83.6
11,11,0,1,3,5,8,0.4631,22.6,2.2,75.2
3,2,1,0,5,8,8,0.3419,0.0,0.0,100.0
9,6,0,0,0,5,0,0.0,10.8,3.0,86.2
12,6,1,0,3,5,9,0.0555,2.0,1.4,96.6
8,7,0,0,0,6,0,0.0,11.4,2.0,86.6
11,4,0,0,4,6,9,0.0293,1.2,0.2,98.6
14,4,0,0,0,3,0,0.0,26.4,4.2,69.4
9,8,0,0,5,6,7,0.6628,31.2,1.6,67.2
13,7,1,0,4,8,9,0.1707,3.2,7.6,89.2
11,9,0,0,3,1,8,0.4412,79.0,1.2,19.8
8,4,0,0,0,5,0,0.0,10.2,1.8,88.0
12,4,0,0,4,3,9,0.1384,10.6,4.2,85.2
13,4,0,0,3,1,9,0.1545,44.2,4.6,51.2
8,2,0,0,4,3,9,0.1173,6.8,3.8,89.4
12,8,0,0,5,3,6,0.766,85.0,1.6,13.4
9,4,0,0,4,7,7,0.5891,48.0,1.0,51.0
12,5,1,0,0,1,0,0.0,47.0,5.0,48.0
9,8,0,0,4,2,8,0.3961,50.2,1.6,48.2
3,2,0,0,3,8,9,0.0499,3.0,0.2,96.8
6,2,0,0,0,3,0,0.0,13.6,2.2,84.2
10,8,0,0,4,3,9,0.1427,3.2,0.2,96.6
14,9,0,0,5,2,8,0.5468,75.6,1.8,22.6
12,7,0,0,3,4,9,0.0371,13.0,1.6,85.4
7,4,0,0,4,8,8,0.2324,7.8,0.4,91.8
11,3,0,0,3,8,9,0.1626,2.0,1.4,96.6
4,2,0,0,5,2,7,0.5654,0.0,2.4,97.6
14,6,0,0,3,3,8,0.3145,28.8,1.0,70.2
12,9,0,0,4,2,8,0.515,32.2,1.6,66.2
13,11,0,0,3,5,9,0.0887,17.2,1.8,81.0
14,13,0,0,5,1,8,0.23,52.6,0.8,46.6
9,7,0,0,3,4,9,0.0059,11.4,0.2,88.4
12,5,0,0,4,2,9,0.1467,11.6,1.8,86.6
6,3,0,0,5,5,8,0.3771,0.0,0.0,100.0
9,6,0,0,0,6,0,0.0,8.0,3.0,89.0
10,5,1,0,0,6,0,0.0,12.4,2.2,85.4
4,4,0,1,3,4,8,0.2309,16.8,4.0,79.2
12,10,0,0,5,3,7,0.6221,26.8,9.2,64.0
10,9,0,0,5,1,7,0.663,81.4,0.2,18.4
12,2,0,0,5,3,8,0.36,0.2,0.0,99.8
7,4,0,0,5,8,7,0.5716,1.4,1.2,97.4
10,2,0,0,4,8,8,0.4475,1.8,4.4,93.8
9,6,0,0,5,7,5,0.7845,28.8,63.6,7.6
5,2,1,0,3,3,8,0.4295,5.0,8.0,87.0
12,7,0,0,0,7,0,0.0,11.6,2.4,86.0
10,3,0,0,3,2,7,0.5982,71.4,2.4,26.2
10,9,1,0,5,5,8,0.4267,21.0,1.6,77.4
13,11,1,0,3,5,4,0.8877,84.4,0.0,15.6
12,5,0,0,3,6,9,0.0454,3.4,1.6,95.0
14,2,1,0,3,8,8,0.4304,4.8,3.4,91.8
13,5,1,0,5,8,6,0.7724,50.8,14.0,35.2
14,14,0,1,4,7,7,0.6542,42.0,0.2,57.8
9,8,0,0,0,4,0,0.0,15.2,3.0,81.8
7,5,0,0,4,2,9,0.1639,1.8,5.0,93.2
12,2,0,0,5,7,8,0.1927,0.0,0.0,100.0
9,5,0,0,0,2,0,0.0,25.2,3.6,71.2
9,5,0,0,4,3,8,0.2745,12.2,3.8,84.0
5,2,0,0,3,6,9,0.0893,2.4,0.2,97.4
11,9,0,0,3,6,8,0.3874,18.8,3.0,78.2
9,8,0,0,3,4,9,0.0048,6.6,1.6,91.8
13,12,0,0,4,3,7,0.6678,66.0,4.6,29.4
11,9,0,0,3,7,8,0.2107,5.6,1.0,93.4
13,8,1,0,4,6,8,0.3771,15.6,1.0,83.4
8,4,0,0,0,5,0,0.0,8.4,1.4,90.2
11,5,0,0,5,1,8,0.4495,75.2,0.8,24.0
10,9,0,0,0,4,0,0.0,19.4,2.0,78.6
4,2,0,0,4,4,9,0.0669,5.6,0.2,94.2
13,4,0,0,4,4,8,0.2514,16.4,0.6,83.0
10,3,0,0,3,8,9,0.0306,2.4,4.6,93.0
4,3,1,0,0,4,0,0.0,13.8,3.4,82.8
10,6,0,0,0,1,0,0.0,45.2,3.0,51.8
10,7,1,0,5,4,8,0.2509,0.2,0.0,99.8
11,5,1,0,0,1,0,0.0,43.6,4.2,52.2
7,3,0,0,0,3,0,0.0,14.2,2.8,83.0
12,6,0,0,4,2,8,0.4953,19.6,8.6,71.8
4,4,0,1,5,2,7,0.6027,0.0,14.0,86.0
11,8,0,0,4,6,9,0.0252,10.8,1.0,88.2
13,11,1,0,5,2,8,0.4658,42.8,0.8,56.4
12,7,0,0,3,4,9,0.0395,7.0,2.4,90.6
14,2,0,0,0,3,0,0.0,22.8,4.8,72.4
7,3,1,0,4,5,7,0.5653,3.8,1.6,94.6
10,5,1,0,3,2,8,0.4759,17.2,5.6,77.2
8,2,0,0,5,2,8,0.4054,0.0,7.8,92.2
12,3,1,0,5,6,4,0.8313,79.0,0.0,21.0
10,7,0,0,5,5,8,0.359,0.0,0.0,100.0
11,8,0,0,5,1,9,0.06,15.8,0.6,83.6
13,8,1,0,3,4,9,0.0816,10.0,1.0,89.0
14,3,0,0,5,1,8,0.2853,36.8,5.0,58.2
4,2,0,0,4,7,8,0.4979,0.0,0.2,99.8
12,4,1,0,4,8,6,0.7603,53.8,11.8,34.4
2,2,0,1,3,4,8,0.1821,7.6,0.6,91.8
11,11,0,1,4,6,7,0.666,39.8,0.4,59.8
9,7,1,0,5,1,7,0.5954,66.8,7.8,25.4
13,3,1,0,3,3,8,0.4958,67.6,3.4,29.0
10,2,0,0,3,4,9,0.0574,6.0,3.4,90.6
12,8,0,0,0,7,0,0.0,10.0,2.6,87.4
10,9,0,0,0,6,0,0.0,18.0,2.6,79.4
9,7,0,0,0,7,0,0.0,8.6,3.4,88.0
13,13,0,1,5,8,8,0.5114,25.8,0.4,73.8
9,7,0,0,0,8,0,0.0,9.6,3.2,87.2
9,5,0,0,3,3,9,0.0212,8.6,1.4,90.0
14,14,0,1,3,3,7,0.6648,61.8,0.8,37.4
14,11,0,0,3,7,8,0.4645,16.0,9.4,74.6
14,4,0,0,4,5,9,0.1545,9.8,0.0,90.2
4,2,0,0,0,7,0,0.0,5.8,1.2,93.0
11,6,0,0,4,6,9,0.0524,4.6,5.0,90.4
13,3,0,0,5,6,8,0.3479,0.2,1.2,98.6
14,13,0,0,5,3,9,0.1695,5.4,0.6,94.0
13,5,1,0,5,5,4,0.8668,82.2,0.0,17.8
13,10,1,0,4,6,8,0.2521,7.6,0.6,91.8
7,4,0,0,4,7,9,0.0233,0.0,0.0,100.0
8,8,0,1,4,2,8,0.3525,47.6,1.4,51.0
14,11,1,0,4,7,9,0.1289,20.8,0.4,78.8
13,2,0,0,4,3,9,0.1585,5.4,1.0,93.6
12,2,0,0,4,3,8,0.1924,17.6,1.0,81.4
8,3,0,0,3,5,7,0.6165,15.6,8.2,76.2
12,8,0,0,3,1,8,0.4693,78.6,0.8,20.6
11,5,1,0,5,5,7,0.641,15.0,0.6,84.4
9,8,0,0,5,2,7,0.6319,56.6,1.2,42.2
11,6,1,0,5,1,8,0.3097,58.2,1.2,40.6
8,6,0,0,5,6,7,0.5835,45.8,1.6,52.6
6,5,0,0,0,3,0,0.0,18.0,2.2,79.8
10,9,0,0,3,2,8,0.4573,24.6,7.4,68.0
7,4,0,0,3,8,9,0.1059,5.4,6.4,88.2
9,4,0,0,4,2,8,0.178,5.2,1.6,93.2
14,6,0,0,4,7,8,0.1998,1.0,1.6,97.4
8,5,1,0,3,3,6,0.6994,72.8,4.8,22.4
14,7,1,0,4,2,8,0.3479,46.4,0.8,52.8
10,9,0,0,5,7,8,0.4573,0.0,0.0,100.0
7,2,0,0,0,4,0,0.0,11.0,2.8,86.2
11,2,0,0,3,1,9,0.021,23.6,2.6,73.8
13,3,1,0,0,3,0,0.0,26.6,3.2,70.2
13,10,0,0,0,5,0,0.0,18.6,4.6,76.8
7,6,0,0,3,4,9,0.1462,1.0,3.2,95.8
11,3,0,0,0,3,0,0.0,16.2,5.6,78.2
7,2,0,0,5,3,8,0.3372,18.4,2.6,79.0
11,7,0,0,4,7,9,0.1707,2.2,5.8,92.0
4,4,0,1,0,4,0,0.0,17.0,1.8,81.2
14,10,1,0,3,1,9,0.1147,46.0,4.8,49.2
14,6,1,0,4,4,9,0.1469,4.0,1.2,94.8
8,5,1,0,0,1,0,0.0,41.6,5.2,53.2
9,7,0,0,0,3,0,0.0,19.8,3.8,76.4
12,6,1,0,0,6,0,0.0,14.6,2.2,83.2
12,7,1,0,0,4,0,0.0,20.4,3.4,76.2
11,8,0,0,0,2,0,0.0,35.4,2.4,62.2
2,2,0,1,4,8,8,0.1802,3.0,0.0,97.0
7,4,0,0,3,1,8,0.3277,52.2,5.6,42.2
13,13,0,1,3,3,8,0.5154,52.8,1.2,46.0
8,4,0,0,5,4,8,0.2481,0.8,0.0,99.2
5,4,0,0,5,7,8,0.425,0.0,0.0,100.0
11,8,0,0,4,2,9,0.0812,7.2,0.6,92.2
12,6,0,0,4,6,9,0.0399,3.4,0.2,96.4
10,8,0,0,0,1,0,0.0,46.2,3.0,50.8
11,9,0,0,3,5,9,0.0889,28.4,3.0,68.6
12,8,0,0,3,3,9,0.0933,10.0,1.8,88.2
10,8,0,0,3,1,9,0.0742,48.4,2.4,49.2
10,4,0,0,3,1,7,0.5996,85.4,0.6,14.0
7,2,0,0,4,7,7,0.5704,44.0,2.6,53.4
10,4,1,0,0,4,0,0.0,19.8,2.8,77.4
13,2,0,0,0,5,0,0.0,10.2,4.2,85.6
13,9,0,0,5,6,8,0.193,0.0,0.0,100.0
11,7,0,0,0,6,0,0.0,9.6,4.0,86.4
12,2,1,0,5,7,8,0.4219,0.0,0.0,100.0
5,4,0,0,5,7,3,0.961,33.6,14.4,52.0
13,11,0,0,5,2,8,0.1918,13.2,0.2,86.6
9,2,0,0,4,4,8,0.1918,9.4,1.6,89.0
14,9,0,0,4,2,9,0.1479,22.4,4.0,73.6
14,5,0,0,5,1,7,0.6191,70.2,11.2,18.6
6,5,0,0,5,7,7,0.6493,0.0,0.0,100.0
6,6,0,1,4,6,8,0.2962,11.2,0.0,88.8
9,7,0,0,5,3,8,0.3905,34.4,1.2,64.4
7,5,0,0,3,4,8,0.335,22.2,3.4,74.4
10,7,1,0,0,8,0,0.0,12.4,4.0,83.6
11,10,0,0,5,3,8,0.3884,0.4,0.0,99.6
14,6,0,0,3,4,8,0.5374,45.2,8.4,46.4
13,12,0,0,3,1,8,0.495,78.2,2.0,19.8
9,3,1,0,5,4,7,0.6099,6.6,2.4,91.0
4,3,0,0,5,2,8,0.208,8.2,2.0,89.8
12,11,0,0,4,2,7,0.6676,69.6,4.0,26.4
10,4,0,0,0,5,0,0.0,10.8,3.4,85.8
12,9,0,0,0,6,0,0.0,15.2,2.4,82.4
9,4,0,0,4,3,8,0.3829,31.8,3.2,65.0
9,5,0,0,4,7,9,0.0886,0.2,2.0,97.8
11,5,1,0,0,8,0,0.0,11.0,1.6,87.4
13,7,1,0,0,5,0,0.0,16.0,2.4,81.6
7,6,0,0,0,7,0,0.0,8.0,2.8,89.2
10,9,0,0,4,1,9,0.1217,37.0,1.8,61.2
13,3,1,0,5,1,4,0.8566,99.4,0.0,0.6
8,4,0,0,3,1,8,0.3488,72.8,3.2,24.0
14,3,0,0,3,7,9,0.1104,2.6,1.6,95.8
13,12,0,0,4,5,7,0.6513,55.8,1.0,43.2
10,9,0,0,3,1,8,0.4173,71.6,2.2,26.2
14,7,0,0,4,8,8,0.5515,20.0,8.2,71.8
10,3,0,0,3,8,9,0.0423,1.2,1.8,97.0
14,6,0,0,3,5,9,0.1339,5.6,4.0,90.4
6,2,0,0,4,8,9,0.0206,1.6,4.4,94.0
5,2,0,0,4,3,8,0.1821,11.8,2.0,86.2
14,13,1,0,3,8,9,0.1545,2.8,0.2,97.0
5,4,0,0,3,8,9,0.0677,0.6,0.6,98.8
7,5,0,0,3,6,9,0.0444,2.8,0.2,97.0
12,11,1,0,3,6,6,0.7627,81.2,6.8,12.0
8,3,0,0,3,6,8,0.2932,2.2,1.8,96.0
14,13,1,0,5,1,7,0.6457,79.8,0.6,19.6
14,7,1,0,3,7,9,0.1282,2.8,1.8,95.4
11,4,0,0,4,2,9,0.1459,8.6,3.0,88.4
11,6,1,0,3,3,9,0.0302,12.4,7.0,80.6
12,7,0,0,5,5,9,0.1031,0.2,0.0,99.8
10,5,0,0,3,4,9,0.0115,15.2,11.2,73.6
3,2,1,0,4,6,9,0.0427,13.0,1.6,85.4
13,6,0,0,3,2,9,0.1585,48.2,2.8,49.0
8,5,0,0,5,3,9,0.0543,0.0,0.0,100.0
13,4,1,0,3,4,8,0.5226,22.0,7.6,70.4
8,7,0,0,4,8,8,0.3391,5.0,1.4,93.6
11,11,0,1,4,6,8,0.4564,19.0,0.0,81.0
10,9,0,0,4,2,8,0.2214,15.2,8.2,76.6
7,7,0,1,5,5,7,0.6157,15.0,0.8,84.2
12,3,0,0,4,8,7,0.6328,14.0,6.0,80.0
13,7,0,0,0,8,0,0.0,9.2,3.6,87.2
12,3,1,0,5,7,3,0.9594,30.6,14.2,55.2
6,4,0,0,3,4,9,0.0481,2.2,1.4,96.4
14,11,0,0,5,4,8,0.4658,9.0,0.4,90.6
10,5,0,0,0,3,0,0.0,17.2,2.8,80.0
9,3,0,0,5,1,8,0.5397,12.8,4.0,83.2
8,3,0,0,5,2,8,0.4733,0.0,0.4,99.6
8,2,0,0,0,3,0,0.0,12.8,3.0,84.2
13,4,1,0,3,2,9,0.0685,15.0,1.8,83.2
6,6,0,1,0,2,0,0.0,42.4,0.6,57.0
7,7,0,1,4,3,8,0.323,21.6,1.4,77.0
13,11,1,0,0,3,0,0.0,37.0,2.2,60.8
10,4,0,0,0,5,0,0.0,14.2,3.2,82.6
10,4,1,0,0,2,0,0.0,28.6,4.2,67.2
10,4,0,0,3,5,8,0.4099,25.0,4.0,71.0
3,2,1,0,3,7,8,0.2021,5.0,2.2,92.8
8,2,0,0,0,5,0,0.0,8.8,2.0,89.2
10,6,0,0,3,3,9,0.0478,10.0,2.6,87.4
8,8,0,1,0,2,0,0.0,49.8,1.6,48.6
5,2,0,0,0,6,0,0.0,6.6,0.6,92.8
14,8,0,0,0,8,0,0.0,8.4,2.6,89.0
6,3,0,0,3,6,9,0.0679,2.4,0.6,97.0
12,9,1,0,0,8,0,0.0,13.6,3.2,83.2
4,3,0,0,5,2,6,0.7178,0.0,0.0,100.0
6,3,0,0,3,6,9,0.0095,2.0,0.6,97.4
4,3,0,0,0,6,0,0.0,7.0,1.6,91.4
6,3,0,0,4,1,7,0.5667,56.0,2.6,41.4
14,14,0,1,0,6,0,0.0,42.6,1.0,56.4
14,4,0,0,3,6,8,0.5355,27.0,8.4,64.6
6,4,0,0,3,7,8,0.3074,7.6,2.4,90.0
13,4,1,0,3,7,9,0.0614,7.2,11.6,81.2
11,4,0,0,5,6,7,0.6557,3.2,0.0,96.8
12,5,0,0,4,8,8,0.281,0.0,2.2,97.8
10,2,0,0,0,6,0,0.0,6.6,3.2,90.2
14,3,1,0,4,1,9,0.1529,31.2,2.0,66.8
12,3,1,0,0,5,0,0.0,17.4,2.8,79.8
9,6,1,0,3,2,8,0.3969,61.4,3.8,34.8
4,3,0,0,4,4,9,0.0828,0.2,0.0,99.8
12,9,0,0,3,7,9,0.138,3.0,0.4,96.6
7,6,0,0,5,1,9,0.1631,6.2,3.4,90.4
12,3,0,0,4,4,7,0.6232,53.2,1.0,45.8
12,11,0,0,5,6,5,0.7856,95.0,5.0,0.0
9,9,0,1,3,5,7,0.5938,18.6,0.4,81.0
13,6,0,0,0,6,0,0.0,9.0,3.6,87.4
7,2,0,0,5,3,9,0.0956,0.0,0.0,100.0
13,11,0,0,4,4,9,0.1644,14.4,0.8,84.8
9,5,0,0,3,3,8,0.2885,22.6,4.4,73.0
3,2,0,0,5,1,6,0.6777,90.4,1.6,8.0
12,9,0,0,5,6,7,0.6324,15.2,0.6,84.2
12,4,0,0,5,7,8,0.2518,0.6,0.2,99.2
12,11,0,0,4,6,9,0.0586,1.4,0.0,98.6
11,5,0,0,3,3,6,0.7044,75.6,6.4,18.0
14,13,0,0,5,6,8,0.5515,32.2,2.4,65.4
10,5,0,0,0,7,0,0.0,6.4,2.6,91.0
13,11,1,0,4,4,8,0.2888,5.4,5.0,89.6
10,3,0,0,0,2,0,0.0,24.8,3.0,72.2
11,5,0,0,0,8,0,0.0,6.8,3.8,89.4
9,7,0,0,3,4,8,0.3949,30.8,3.4,65.8
11,2,0,0,3,1,8,0.4371,77.8,2.6,19.6
12,5,0,0,5,1,9,0.0956,25.2,0.2,74.6
13,6,0,0,4,3,8,0.5161,41.6,6.4,52.0
14,12,0,0,5,1,4,0.8982,100.0,0.0,0.0
11,8,0,0,3,3,9,0.0202,18.8,5.4,75.8
12,10,0,0,4,7,8,0.5453,3.8,0.2,96.0
13,9,0,0,3,3,9,0.1636,14.8,3.0,82.2
11,5,0,0,5,3,7,0.6085,22.0,8.6,69.4
4,3,0,0,5,2,5,0.7848,48.6,18.8,32.6
13,2,0,0,3,1,9,0.0951,30.2,4.0,65.8
11,3,1,0,3,2,9,0.0603,29.6,7.6,62.8
14,5,0,0,3,7,9,0.13,6.4,2.2,91.4
5,3,0,0,5,2,8,0.2097,23.6,0.0,76.4
13,11,1,0,0,6,0,0.0,22.6,1.8,75.6
13,4,0,0,0,7,0,0.0,10.2,2.0,87.8
10,3,0,0,3,3,8,0.388,6.6,3.6,89.8
8,6,1,0,5,2,7,0.6186,4.2,3.0,92.8
7,2,1,0,0,6,0,0.0,9.2,2.0,88.8
14,13,0,0,4,5,7,0.6691,66.6,2.0,31.4
10,5,1,0,3,8,8,0.4272,6.8,3.8,89.4
14,10,0,0,0,8,0,0.0,16.8,1.6,81.6
7,2,0,0,5,5,7,0.5749,7.8,6.8,85.4
7,6,1,0,0,5,0,0.0,17.4,2.0,80.6
13,12,0,0,4,5,8,0.4577,7.4,0.6,92.0
9,3,0,0,0,5,0,0.0,10.2,1.6,88.2
13,3,0,0,5,3,8,0.3677,0.6,1.4,98.0
4,3,0,0,4,1,9,0.0393,4.8,0.8,94.4
14,8,0,0,4,1,8,0.3748,55.6,0.0,44.4
10,10,0,1,4,7,7,0.6044,10.0,0.0,90.0
12,8,0,0,0,8,0,0.0,9.0,3.4,87.6
10,7,1,0,5,8,6,0.7474,0.8,0.8,98.4
12,4,1,0,5,8,7,0.625,40.0,0.8,59.2
10,4,0,0,5,1,8,0.1979,24.4,6.8,68.8
5,2,1,0,3,6,9,0.0172,3.0,1.6,95.4
12,5,0,0,4,4,8,0.2812,16.6,2.8,80.6
12,5,0,0,4,6,8,0.479,24.2,5.2,70.6
5,5,0,1,0,6,0,0.0,13.6,1.0,85.4
11,6,1,0,4,1,9,0.0281,47.8,2.6,49.6
13,8,0,0,3,1,9,0.088,51.4,4.0,44.6
13,7,0,0,3,5,9,0.0799,7.4,2.4,90.2
14,2,0,0,5,7,3,0.957,28.2,14.2,57.6
9,3,0,0,5,3,9,0.0402,0.0,0.0,100.0
13,8,0,0,3,6,9,0.0694,8.0,1.0,91.0
12,3,0,0,4,4,7,0.5864,5.6,7.6,86.8
4,2,0,0,0,8,0,0.0,4.2,1.4,94.4
11,3,0,0,5,5,7,0.638,3.8,0.2,96.0
7,6,0,0,0,2,0,0.0,29.4,3.6,67.0
5,3,1,0,5,4,7,0.5882,1.4,1.0,97.6
9,5,0,0,0,1,0,0.0,39.6,4.8,55.6
9,9,0,1,4,8,8,0.4059,1.6,0.0,98.4
8,3,0,0,0,6,0,0.0,7.4,1.6,91.0
6,3,1,0,3,1,8,0.26,39.0,6.2,54.8
9,8,0,0,0,7,0,0.0,10.4,3.6,86.0
9,8,0,0,5,5,8,0.3849,13.6,0.6,85.8
9,2,0,0,5,2,8,0.5507,1.2,2.8,96.0
5,4,0,0,5,1,8,0.2814,32.8,3.4,63.8
5,5,0,1,0,4,0,0.0,18.0,0.8,81.2
12,2,0,0,5,1,8,0.4055,27.8,6.8,65.4
14,6,0,0,5,7,8,0.2549,0.0,0.2,99.8
11,5,0,0,5,2,8,0.3286,1.0,0.8,98.2
6,2,0,0,5,5,7,0.5649,5.0,0.2,94.8
14,4,0,0,0,8,0,0.0,9.4,3.0,87.6
8,5,0,0,0,6,0,0.0,7.6,2.8,89.6
11,7,1,0,5,4,8,0.4278,0.0,0.4,99.6
14,7,1,0,5,7,8,0.3774,0.0,0.2,99.8
12,3,0,0,0,4,0,0.0,15.2,2.4,82.4
13,3,1,0,0,6,0,0.0,16.0,2.0,82.0
10,4,0,0,0,4,0,0.0,14.2,3.4,82.4
11,5,0,0,3,2,9,0.0797,15.6,2.0,82.4
7,6,0,0,0,1,0,0.0,37.2,6.8,56.0
9,3,0,0,0,5,0,0.0,7.2,2.2,90.6
12,11,1,0,4,6,8,0.4804,35.4,1.2,63.4
13,12,0,0,0,8,0,0.0,14.6,2.4,83.0
5,2,1,0,3,6,8,0.1726,9.8,2.4,87.8
14,7,0,0,4,8,9,0.1189,2.8,3.8,93.4
8,7,0,0,4,1,8,0.3313,69.4,1.6,29.0
8,6,1,0,4,4,8,0.2992,12.0,2.8,85.2
13,7,0,0,0,3,0,0.0,24.4,2.8,72.8
10,2,0,0,3,2,8,0.1907,32.6,2.2,65.2
13,3,0,0,4,4,8,0.4966,29.2,7.6,63.2
11,4,0,0,0,2,0,0.0,27.0,3.2,69.8
10,2,1,0,3,2,8,0.4299,46.0,4.6,49.4
12,10,0,0,5,7,7,0.6455,0.0,0.2,99.8
7,5,0,0,3,6,8,0.3573,5.0,1.6,93.4
12,6,0,0,4,3,7,0.5923,18.8,1.6,79.6
13,5,0,0,4,8,6,0.7022,41.8,5.4,52.8
10,3,1,0,4,4,8,0.2113,6.6,0.0,93.4
14,13,1,0,4,1,9,0.1557,42.6,1.4,56.0
9,5,1,0,5,4,8,0.1928,0.0,0.0,100.0
6,2,1,0,0,8,0,0.0,10.0,0.8,89.2
6,2,0,0,3,5,9,0.0099,3.6,0.8,95.6
13,8,0,0,5,5,8,0.5221,28.0,2.0,70.0
10,4,0,0,5,4,7,0.6205,0.6,0.8,98.6
9,8,1,0,3,6,9,0.0568,10.4,1.0,88.6
8,4,0,0,3,6,9,0.1246,1.4,2.2,96.4
13,8,1,0,0,4,0,0.0,23.6,2.0,74.4
12,9,1,0,3,7,8,0.3986,16.6,2.0,81.4
14,4,0,0,3,6,9,0.1094,4.0,3.4,92.6
7,5,1,0,5,1,8,0.2775,57.8,0.6,41.6
13,6,0,0,4,4,7,0.6508,39.4,13.0,47.6
13,8,0,0,5,8,7,0.6376,11.2,0.4,88.4
9,2,0,0,4,5,8,0.3881,6.0,1.2,92.8
10,3,0,0,3,8,9,0.0076,2.8,1.2,96.0
7,5,0,0,4,2,9,0.1244,11.6,0.6,87.8
12,3,0,0,0,4,0,0.0,12.6,2.0,85.4
9,6,1,0,4,7,9,0.139,0.2,0.0,99.8
11,3,0,0,4,4,9,0.1462,1.0,1.0,98.0
11,6,1,0,0,7,0,0.0,10.6,3.2,86.2
13,6,1,0,0,4,0,0.0,22.8,3.6,73.6
14,3,1,0,4,1,9,0.1355,37.8,3.2,59.0
8,2,0,0,3,5,8,0.1752,11.4,0.8,87.8
13,5,0,0,4,3,9,0.0783,12.0,4.8,83.2
9,9,0,1,5,3,8,0.4047,12.8,0.0,87.2
3,2,0,0,0,4,0,0.0,10.6,1.4,88.0
9,8,0,0,0,2,0,0.0,30.0,3.8,66.2
12,6,0,0,5,3,4,0.9404,40.8,0.0,59.2
13,7,0,0,0,5,0,0.0,14.8,4.6,80.6
10,5,0,0,0,2,0,0.0,29.2,3.8,67.0
10,3,1,0,3,2,8,0.4197,48.4,4.0,47.6
4,2,0,0,0,8,0,0.0,6.2,1.8,92.0
12,3,0,0,3,2,6,0.7728,27.6,12.6,59.8
11,2,0,0,3,5,9,0.0284,4.4,2.2,93.4
14,11,0,0,3,5,8,0.5377,50.4,1.8,47.8
14,6,0,0,3,5,8,0.5444,19.8,6.4,73.8
11,2,0,0,4,7,8,0.1977,6.6,1.2,92.2
9,3,1,0,5,2,8,0.2263,21.8,1.0,77.2
8,2,0,0,3,6,9,0.1285,2.0,1.4,96.6
12,3,0,0,4,3,9,0.091,6.2,0.2,93.6
8,5,0,0,3,8,8,0.3605,10.4,3.0,86.6
10,4,1,0,4,2,9,0.1583,5.8,2.0,92.2
12,6,0,0,0,7,0,0.0,10.6,1.8,87.6
14,8,0,0,0,8,0,0.0,10.8,3.0,86.2
13,4,1,0,5,5,9,0.1048,0.0,0.0,100.0
14,12,1,0,3,7,6,0.7664,70.0,7.2,22.8
10,6,0,0,0,2,0,0.0,25.4,3.4,71.2
6,4,1,0,3,8,8,0.2976,7.2,2.0,90.8
13,8,1,0,0,7,0,0.0,14.8,2.8,82.4
8,7,0,0,3,6,9,0.0113,18.8,1.8,79.4
5,4,0,0,3,1,8,0.4073,19.6,4.4,76.0
12,5,0,0,0,1,0,0.0,48.2,2.8,49.0
9,6,0,0,0,2,0,0.0,29.4,3.8,66.8
12,10,0,0,4,2,8,0.3037,14.6,1.8,83.6
13,10,0,0,5,6,9,0.1049,0.0,0.0,100.0
10,7,0,0,0,7,0,0.0,9.8,3.0,87.2
9,6,1,0,4,1,8,0.4422,22.2,0.8,77.0
13,6,1,0,5,7,9,0.1651,0.0,0.0,100.0
13,7,0,0,4,6,8,0.5064,14.4,3.0,82.6
10,10,0,1,5,6,8,0.4181,16.8,0.0,83.2
10,10,0,1,0,7,0,0.0,21.0,2.8,76.2
5,2,1,0,0,4,0,0.0,16.2,2.8,81.0
9,4,0,0,5,3,8,0.4063,27.8,3.8,68.4
11,9,0,0,3,4,8,0.4559,26.8,3.0,70.2
7,6,0,0,5,2,8,0.5,0.8,0.0,99.2
13,10,0,0,4,3,8,0.4363,33.0,4.0,63.0
4,3,0,0,4,6,6,0.6942,59.4,12.4,28.2
11,4,0,0,4,7,7,0.6114,46.4,2.6,51.0
12,2,0,0,5,4,8,0.4642,0.8,1.0,98.2
11,5,0,0,0,3,0,0.0,18.4,3.8,77.8
10,4,0,0,4,8,8,0.4124,13.4,4.0,82.6
12,4,0,0,5,2,8,0.3932,4.8,2.2,93.0
3,2,1,0,4,1,8,0.3516,5.0,7.4,87.6
10,2,0,0,0,6,0,0.0,7.0,2.4,90.6
11,2,0,0,4,8,8,0.4564,5.4,2.6,92.0
6,5,0,0,5,8,5,0.7849,45.2,3.8,51.0
8,3,0,0,3,6,9,0.1173,1.6,0.6,97.8
12,8,0,0,3,1,8,0.4792,80.4,2.8,16.8
14,10,0,0,0,4,0,0.0,24.8,2.6,72.6
12,7,1,0,3,5,9,0.0539,8.4,0.8,90.8
11,6,0,0,3,3,9,0.1615,8.6,3.8,87.6
14,7,0,0,4,6,9,0.1631,20.6,1.0,78.4
5,4,1,0,5,7,7,0.6249,0.0,0.0,100.0
12,9,1,0,0,4,0,0.0,26.2,1.6,72.2
10,5,0,0,5,8,8,0.4195,5.0,0.4,94.6
13,6,0,0,5,6,8,0.5202,13.8,4.4,81.8
7,3,0,0,4,4,9,0.1376,0.6,0.4,99.0
12,6,0,0,0,2,0,0.0,29.4,5.2,65.4
14,8,0,0,5,2,8,0.4363,8.8,7.8,83.4
12,11,0,0,0,2,0,0.0,38.6,2.2,59.2
13,12,0,0,5,5,9,0.1001,0.0,0.0,100.0
14,2,0,0,0,2,0,0.0,32.6,2.4,65.0
14,10,0,0,0,2,0,0.0,43.0,3.0,54.0
14,2,0,0,4,2,8,0.1969,29.4,0.4,70.2
8,3,0,0,0,6,0,0.0,6.8,3.4,89.8
9,2,0,0,5,5,5,0.7844,36.8,33.6,29.6
10,5,0,0,4,7,8,0.2151,0.8,0.4,98.8
14,7,0,0,4,7,8,0.1951,1.4,1.6,97.0
13,8,0,0,5,1,7,0.56,43.0,8.6,48.4
12,2,0,0,5,5,3,0.9629,18.2,15.6,66.2
13,3,0,0,5,6,5,0.7856,28.6,53.4,18.0
12,2,0,0,5,3,7,0.6221,70.8,1.6,27.6
14,9,0,0,0,8,0,0.0,11.4,2.4,86.2
11,4,0,0,0,4,0,0.0,14.4,3.8,81.8
14,2,0,0,4,7,8,0.2544,6.6,2.2,91.2
13,9,1,0,5,8,8,0.3988,6.0,0.8,93.2
6,4,0,0,5,5,5,0.785,14.6,14.0,71.4
3,2,1,0,4,7,8,0.3602,12.0,0.0,88.0
10,7,0,0,0,4,0,0.0,19.2,3.2,77.6
11,5,0,0,0,3,0,0.0,23.4,2.8,73.8
5,3,0,0,4,8,9,0.1237,9.4,0.4,90.2
10,6,0,0,0,7,0,0.0,9.2,3.6,87.2
12,8,0,0,3,5,9,0.0537,9.8,2.6,87.6
6,3,0,0,4,2,9,0.1077,7.6,0.0,92.4
13,3,0,0,3,7,8,0.217,9.0,0.8,90.2
14,3,0,0,4,1,8,0.2274,69.6,0.8,29.6
13,8,0,0,3,1,9,0.1561,53.0,2.6,44.4
12,11,0,0,5,8,8,0.4814,25.0,1.4,73.6
11,7,0,0,3,4,8,0.4405,36.2,2.8,61.0
9,7,0,0,3,3,8,0.3297,29.2,8.0,62.8
14,7,0,0,4,5,8,0.4645,3.8,7.2,89.0
13,10,0,0,0,8,0,0.0,14.2,2.8,83.0
9,5,0,0,4,6,9,0.1383,3.4,3.8,92.8
6,2,0,0,0,3,0,0.0,17.4,3.4,79.2
8,3,0,0,0,2,0,0.0,19.6,3.2,77.2
13,6,0,0,5,1,8,0.5103,76.6,4.8,18.6
14,8,1,0,0,8,0,0.0,15.4,2.4,82.2
4,3,0,0,3,2,9,0.1085,6.0,1.4,92.6
12,10,0,0,5,7,9,0.1695,0.0,0.0,100.0
13,9,0,0,4,2,5,0.7854,88.2,5.2,6.6
9,2,0,0,0,7,0,0.0,6.4,2.0,91.6
7,3,0,0,5,1,9,0.0889,8.0,3.8,88.2
14,5,1,0,3,6,8,0.2868,15.4,1.2,83.4
10,4,0,0,5,4,7,0.6556,6.6,1.2,92.2
12,11,0,0,4,4,8,0.3047,8.0,0.4,91.6
11,2,0,0,4,1,8,0.1931,50.4,1.8,47.8
7,2,1,0,0,7,0,0.0,10.0,1.0,89.0
10,8,0,0,5,7,9,0.1592,0.0,0.0,100.0
13,10,1,0,0,4,0,0.0,27.6,2.0,70.4
10,7,0,0,3,1,9,0.0993,49.6,4.0,46.4
14,3,0,0,4,1,8,0.3742,44.8,4.0,51.2
7,7,0,1,0,6,0,0.0,18.6,0.8,80.6
13,3,1,0,3,3,9,0.0661,11.0,4.2,84.8
13,9,1,0,4,3,8,0.4264,13.2,1.8,85.0
12,5,0,0,5,8,8,0.5162,0.0,0.0,100.0
10,10,0,1,5,1,8,0.4355,53.2,0.2,46.6
12,5,1,0,0,7,0,0.0,10.4,3.0,86.6
11,3,0,0,5,6,9,0.1478,0.0,0.0,100.0
9,8,0,0,0,8,0,0.0,8.6,3.4,88.0
12,6,0,0,4,7,9,0.0448,2.0,0.0,98.0
7,6,0,0,3,1,8,0.3196,70.8,4.8,24.4
6,2,0,0,0,3,0,0.0,14.6,1.6,83.8
13,7,0,0,4,7,8,0.3668,3.4,5.4,91.2
11,9,0,0,5,6,7,0.6174,8.6,4.8,86.6
14,7,0,0,3,3,9,0.1161,16.6,1.2,82.2
12,3,1,0,5,8,4,0.8005,0.0,1.6,98.4
14,8,1,0,3,5,9,0.1363,12.2,0.6,87.2
10,5,0,0,0,6,0,0.0,9.4,3.8,86.8
10,8,0,0,0,2,0,0.0,31.6,5.2,63.2
8,6,0,0,5,8,7,0.6619,0.6,0.6,98.8
13,9,1,0,0,6,0,0.0,18.6,1.4,80.0
12,5,0,0,5,5,8,0.517,0.0,0.0,100.0
7,7,0,1,3,3,8,0.3226,27.4,1.2,71.4
13,8,0,0,3,4,9,0.156,6.0,1.6,92.4
13,6,0,0,0,1,0,0.0,53.4,3.4,43.2
11,4,0,0,5,3,7,0.6425,6.0,5.2,88.8
13,10,0,0,5,8,7,0.6441,12.6,20.4,67.0
5,5,0,1,0,6,0,0.0,15.6,1.0,83.4
13,4,0,0,4,8,9,0.101,1.4,0.4,98.2
14,7,0,0,5,5,7,0.6604,88.6,1.4,10.0
12,9,1,0,4,4,8,0.4363,6.0,10.0,84.0
9,8,0,0,0,3,0,0.0,23.6,3.0,73.4
14,7,0,0,5,5,9,0.1557,0.2,0.0,99.8
13,3,0,0,4,4,8,0.3183,23.0,4.2,72.8
10,9,0,0,0,3,0,0.0,24.2,2.8,73.0
9,3,0,0,3,6,9,0.0125,1.0,0.6,98.4
11,4,1,0,0,4,0,0.0,17.6,3.4,79.0
7,5,0,0,0,1,0,0.0,38.2,7.4,54.4
4,3,0,0,4,3,8,0.2554,17.6,1.8,80.6
11,8,0,0,3,7,8,0.4042,5.0,1.8,93.2
14,10,0,0,3,6,9,0.1434,7.2,0.8,92.0
14,5,0,0,0,4,0,0.0,19.8,4.2,76.0
12,3,0,0,4,5,8,0.4764,23.2,5.8,71.0
11,6,1,0,5,4,7,0.6114,39.6,10.6,49.8
6,5,1,0,3,7,9,0.0791,9.8,0.6,89.6
12,5,0,0,5,7,7,0.5909,0.4,0.2,99.4
13,6,0,0,5,1,6,0.7383,38.4,8.2,53.4
8,4,1,0,3,4,9,0.0044,5.2,1.2,93.6
14,2,1,0,5,2,9,0.1707,5.2,2.4,92.4
12,9,0,0,0,8,0,0.0,12.4,2.8,84.8
9,9,0,1,0,8,0,0.0,15.2,1.4,83.4
5,3,0,0,3,3,8,0.2619,17.0,2.4,80.6
8,3,0,0,0,2,0,0.0,18.4,2.4,79.2
14,13,0,0,5,7,8,0.2003,0.6,0.0,99.4
11,3,0,0,0,7,0,0.0,7.2,1.8,91.0
6,4,0,0,4,1,5,0.7846,93.6,2.8,3.6
11,2,0,0,5,8,8,0.4467,2.2,0.4,97.4
13,10,1,0,5,6,7,0.6484,71.6,1.6,26.8
13,11,0,0,5,7,8,0.5102,18.2,1.0,80.8
12,12,0,1,5,7,8,0.4866,15.2,0.0,84.8
9,7,0,0,3,1,8,0.401,72.8,1.2,26.0
13,9,0,0,4,5,8,0.2779,5.0,0.8,94.2
9,7,1,0,0,2,0,0.0,30.8,4.0,65.2
14,3,1,0,3,6,8,0.1961,7.8,4.0,88.2
7,6,1,0,3,5,8,0.3821,19.8,3.2,77.0
14,6,0,0,3,5,8,0.3184,16.6,1.4,82.0
12,6,0,0,3,8,9,0.0524,3.8,1.6,94.6
5,3,0,0,0,7,0,0.0,10.2,1.4,88.4
12,10,0,0,0,3,0,0.0,30.8,3.0,66.2
7,6,0,0,4,8,8,0.425,0.2,0.6,99.2
10,6,0,0,3,5,8,0.3626,2.4,4.4,93.2
8,2,0,0,4,7,9,0.0599,0.8,1.8,97.4
13,5,0,0,5,7,8,0.2889,0.4,0.0,99.6
12,8,0,0,0,1,0,0.0,51.0,4.4,44.6
9,2,1,0,0,1,0,0.0,39.0,5.4,55.6
10,4,0,0,5,8,9,0.1697,0.0,0.0,100.0
8,7,0,0,4,6,8,0.3342,7.2,1.0,91.8
9,7,0,0,5,8,8,0.502,0.0,0.0,100.0
14,8,0,0,5,7,9,0.132,0.0,0.0,100.0
9,9,0,1,0,8,0,0.0,19.2,1.2,79.6
11,2,1,0,5,2,8,0.494,10.0,6.2,83.8
14,10,1,0,0,8,0,0.0,16.8,2.8,80.4
7,6,1,0,3,4,8,0.2903,28.8,16.8,54.4
4,2,1,0,5,3,8,0.23,0.0,11.0,89.0
13,5,1,0,4,4,8,0.5054,44.0,5.8,50.2
9,8,0,0,0,6,0,0.0,14.0,3.2,82.8
13,7,0,0,4,2,8,0.3388,43.8,0.2,56.0
12,9,1,0,5,2,7,0.5746,8.6,4.6,86.8
12,3,0,0,5,5,8,0.5469,0.0,0.0,100.0
6,3,0,0,5,1,7,0.5655,89.2,0.2,10.6
12,4,0,0,0,1,0,0.0,54.2,3.0,42.8
9,3,0,0,3,1,9,0.0209,27.6,2.0,70.4
14,10,0,0,0,6,0,0.0,19.6,1.8,78.6
11,7,0,0,4,3,8,0.1915,5.0,2.4,92.6
11,2,1,0,4,6,9,0.082,17.6,0.4,82.0
9,8,0,0,5,2,7,0.5956,62.4,1.2,36.4
11,3,0,0,4,5,9,0.0264,5.0,3.6,91.4
12,4,0,0,4,3,8,0.4342,8.0,5.2,86.8
11,2,0,0,3,6,8,0.4534,17.0,4.2,78.8
10,3,0,0,4,8,8,0.2952,1.0,0.4,98.6
9,5,0,0,5,1,7,0.6177,0.0,68.0,32.0
10,7,0,0,5,8,8,0.5457,0.0,0.0,100.0
3,2,0,0,3,6,9,0.0897,2.8,0.2,97.0
14,10,1,0,3,1,9,0.1297,55.0,1.0,44.0
13,8,0,0,5,4,9,0.0878,0.0,0.0,100.0
6,2,0,0,5,2,7,0.622,30.0,6.4,63.6
14,8,1,0,3,7,9,0.1289,3.2,2.0,94.8
10,9,0,0,4,6,7,0.5994,20.2,5.0,74.8
9,6,0,0,0,7,0,0.0,8.4,2.6,89.0
9,6,1,0,4,7,8,0.4142,6.2,1.8,92.0
13,2,1,0,3,8,8,0.5029,16.0,5.8,78.2
9,6,0,0,0,4,0,0.0,17.0,2.4,80.6
12,9,0,0,5,8,9,0.1699,0.0,0.0,100.0
8,4,0,0,4,3,7,0.589,16.4,3.0,80.6
4,2,0,0,4,5,9,0.086,0.0,0.2,99.8
14,4,0,0,0,4,0,0.0,18.0,2.4,79.6
9,4,1,0,3,7,8,0.389,16.2,2.4,81.4
11,4,0,0,5,6,8,0.5094,0.0,0.0,100.0
10,10,0,1,4,5,7,0.6057,21.6,0.0,78.4
7,7,0,1,4,5,8,0.3305,15.0,4.0,81.0
11,3,0,0,4,5,9,0.1244,1.8,1.0,97.2
6,5,0,0,5,4,6,0.6977,65.4,1.0,33.6
4,4,0,1,5,6,7,0.6392,3.0,0.0,97.0
8,2,1,0,3,2,8,0.1951,32.4,4.0,63.6
12,4,1,0,3,4,9,0.1335,6.6,5.4,88.0
14,8,1,0,3,1,8,0.4016,52.8,5.4,41.8
11,5,0,0,4,8,8,0.2707,7.6,0.2,92.2
6,3,0,0,3,4,9,0.0084,13.2,2.6,84.2
9,7,0,0,4,8,9,0.1557,2.2,0.0,97.8
13,5,0,0,0,6,0,0.0,14.4,2.6,83.0
10,5,0,0,5,7,8,0.182,0.0,0.0,100.0
10,5,0,0,3,2,9,0.0476,16.6,2.2,81.2
4,2,0,0,4,8,8,0.178,4.6,0.8,94.6
12,4,0,0,4,2,9,0.149,18.8,6.2,75.0
11,8,0,0,0,5,0,0.0,15.8,2.4,81.8
12,9,0,0,0,7,0,0.0,14.0,2.4,83.6
9,8,0,0,4,7,7,0.6454,2.6,5.8,91.6
14,7,0,0,4,6,8,0.4318,5.8,0.8,93.4
9,8,0,0,5,1,9,0.0068,0.0,1.0,99.0
13,13,0,1,5,1,7,0.6435,87.0,0.2,12.8
9,5,0,0,5,5,8,0.2802,5.8,0.4,93.8
13,6,0,0,4,5,8,0.3086,8.4,0.2,91.4
11,6,1,0,4,3,9,0.1242,3.6,0.2,96.2
13,2,1,0,0,6,0,0.0,13.0,2.0,85.0
11,9,0,0,5,2,6,0.7828,16.6,9.8,73.6
11,8,0,0,4,8,8,0.3638,7.6,6.0,86.4
11,3,0,0,3,5,9,0.1465,4.0,1.8,94.2
6,2,0,0,5,3,8,0.177,4.2,0.2,95.6
10,5,0,0,5,6,7,0.6012,52.8,0.8,46.4
9,3,0,0,0,4,0,0.0,10.8,2.4,86.8
10,6,0,0,5,4,8,0.3771,0.0,0.6,99.4
4,2,0,0,4,8,7,0.653,1.0,2.0,97.0
11,2,0,0,4,8,9,0.0812,0.4,0.4,99.2
11,11,0,1,0,6,0,0.0,27.0,0.4,72.6
3,2,0,0,3,1,9,0.0574,11.8,12.4,75.8
13,11,0,0,5,7,7,0.6501,57.4,2.4,40.2
12,8,1,0,0,2,0,0.0,35.2,3.0,61.8
11,8,0,0,4,4,9,0.125,17.6,2.2,80.2
13,10,0,0,0,8,0,0.0,12.8,3.8,83.4
4,4,0,1,3,8,8,0.2525,10.6,6.6,82.8
13,4,0,0,3,5,9,0.1549,3.4,1.0,95.6
11,8,0,0,3,2,9,0.1628,14.0,4.2,81.8
13,8,1,0,4,8,8,0.3086,0.6,0.8,98.6
9,4,0,0,5,7,7,0.6628,15.8,9.6,74.6
9,6,0,0,5,8,6,0.7129,37.4,1.4,61.2
11,5,1,0,0,6,0,0.0,13.8,2.6,83.6
13,12,0,0,5,6,8,0.4866,43.2,2.0,54.8
4,3,0,0,4,3,9,0.0536,0.6,0.2,99.2
12,7,1,0,3,3,8,0.4209,12.8,4.6,82.6
11,10,0,0,4,4,9,0.1305,3.8,0.4,95.8
3,2,0,0,0,1,0,0.0,29.4,5.2,65.4
12,3,0,0,3,6,9,0.0521,3.4,1.0,95.6
12,5,0,0,5,5,9,0.149,0.0,0.0,100.0
13,5,0,0,4,1,9,0.0742,26.8,3.0,70.2
11,10,0,0,0,4,0,0.0,24.8,3.0,72.2
5,2,1,0,5,1,8,0.186,25.8,5.4,68.8
13,2,0,0,3,5,8,0.1906,14.6,1.2,84.2
7,6,0,0,5,4,9,0.0544,0.0,0.0,100.0
13,8,0,0,5,2,9,0.093,2.8,0.4,96.8
12,3,1,0,5,3,9,0.1668,1.6,0.0,98.4
13,5,1,0,4,2,9,0.1045,19.8,5.6,74.6
14,9,0,0,3,7,8,0.5393,34.6,3.8,61.6
11,7,0,0,5,3,8,0.5172,2.2,1.0,96.8
10,4,0,0,3,4,9,0.0326,15.6,10.4,74.0
14,6,0,0,4,2,7,0.6585,79.6,2.4,18.0
11,5,0,0,0,8,0,0.0,6.2,3.4,90.4
8,3,1,0,0,6,0,0.0,11.0,2.8,86.2
14,10,0,0,3,7,8,0.5409,32.2,5.2,62.6
11,9,1,0,0,6,0,0.0,17.8,2.2,80.0
10,5,0,0,3,3,8,0.2663,45.4,1.0,53.6
13,8,0,0,4,3,8,0.4288,8.6,6.2,85.2
10,8,0,0,0,2,0,0.0,34.0,3.8,62.2
8,4,1,0,4,8,7,0.5804,7.2,1.6,91.2
12,6,1,0,0,2,0,0.0,32.8,3.8,63.4
6,5,0,0,5,2,8,0.5343,0.0,0.4,99.6
14,5,0,0,5,2,9,0.1592,7.6,1.2,91.2
8,3,0,0,3,7,8,0.3671,6.0,1.2,92.8
13,2,0,0,5,8,7,0.6368,54.2,2.2,43.6
10,9,0,0,3,1,8,0.3983,70.8,5.2,24.0
14,5,0,0,3,1,8,0.5336,79.0,3.8,17.2
11,4,0,0,5,4,5,0.7848,22.6,19.0,58.4
8,6,0,0,4,6,8,0.3022,6.8,0.8,92.4
14,6,0,0,4,3,7,0.658,78.6,0.8,20.6
14,10,0,0,4,4,7,0.5631,10.8,11.6,77.6
9,7,1,0,4,6,5,0.7849,77.4,10.0,12.6
4,4,0,1,3,1,8,0.2408,51.4,0.4,48.2
10,3,0,0,5,6,6,0.6865,65.6,0.4,34.0
5,2,1,0,4,5,8,0.2668,8.2,0.8,91.0
6,4,0,0,5,6,7,0.5827,17.6,3.2,79.2
9,4,0,0,3,6,9,0.0827,2.0,0.4,97.6
13,4,0,0,4,5,8,0.5212,24.6,5.4,70.0
6,2,1,0,4,5,9,0.019,9.0,0.6,90.4
7,3,0,0,5,8,8,0.3424,0.0,0.0,100.0
13,3,0,0,5,3,9,0.1695,2.0,1.0,97.0
8,3,0,0,4,8,8,0.2022,0.2,1.6,98.2
9,8,1,0,3,7,9,0.0063,14.0,2.6,83.4
8,4,0,0,5,6,8,0.3766,3.6,0.8,95.6
14,8,0,0,4,4,9,0.163,6.0,0.8,93.2
12,6,0,0,4,5,9,0.0914,18.2,0.2,81.6
11,8,0,0,3,6,9,0.1262,6.0,2.0,92.0
3,2,1,0,3,4,8,0.3112,5.8,4.4,89.8
9,7,1,0,5,3,8,0.3994,9.0,2.0,89.0
14,6,0,0,0,7,0,0.0,9.4,2.2,88.4
12,12,0,1,4,2,7,0.6295,58.6,0.2,41.2
8,8,0,1,4,6,6,0.7293,67.6,0.0,32.4
14,4,1,0,0,7,0,0.0,15.8,2.0,82.2
6,5,0,0,0,6,0,0.0,11.4,2.2,86.4
11,4,0,0,3,8,9,0.0237,3.2,1.8,95.0
14,5,1,0,5,6,7,0.569,2.2,0.2,97.6
13,9,0,0,0,2,0,0.0,36.0,1.6,62.4
13,4,0,0,0,8,0,0.0,9.4,1.8,88.8
11,4,0,0,4,7,8,0.4788,1.6,0.6,97.8
7,7,0,1,0,7,0,0.0,18.0,0.8,81.2
11,4,0,0,5,8,7,0.6116,0.4,0.0,99.6
14,4,0,0,4,6,8,0.3764,3.0,1.8,95.2
8,3,1,0,5,2,7,0.5792,84.8,0.4,14.8
12,2,1,0,3,6,9,0.141,5.2,3.6,91.2
12,10,0,0,4,5,9,0.0598,13.6,0.4,86.0
11,2,1,0,4,8,8,0.3983,1.0,4.2,94.8
11,2,0,0,0,7,0,0.0,6.6,2.8,90.6
8,5,0,0,3,4,9,0.1289,4.4,2.8,92.8
7,5,0,0,0,1,0,0.0,38.2,4.6,57.2
6,5,1,0,5,7,5,0.7845,79.2,4.4,16.4
8,2,1,0,0,4,0,0.0,16.4,3.6,80.0
6,5,1,0,0,2,0,0.0,30.4,3.2,66.4
9,3,0,0,0,5,0,0.0,9.0,4.0,87.0
6,3,1,0,4,3,8,0.207,29.2,1.8,69.0
4,3,0,0,0,1,0,0.0,33.6,6.8,59.6
13,12,0,0,4,2,8,0.4952,61.2,4.6,34.2
10,6,0,0,5,8,8,0.241,0.0,0.0,100.0
14,5,0,0,4,3,7,0.6014,30.8,4.0,65.2
8,4,1,0,5,3,8,0.2294,0.0,0.4,99.6
10,9,0,0,5,2,7,0.5969,41.4,8.0,50.6
14,2,0,0,0,5,0,0.0,14.4,3.2,82.4
12,7,0,0,5,2,9,0.1478,4.8,0.2,95.0
14,9,0,0,5,8,7,0.5661,0.4,4.0,95.6
8,7,0,0,5,3,8,0.4847,0.0,0.0,100.0
5,4,1,0,5,8,6,0.6991,33.8,5.0,61.2
7,6,1,0,4,6,6,0.7171,46.6,11.0,42.4
5,3,0,0,0,1,0,0.0,33.8,7.0,59.2
10,4,0,0,0,7,0,0.0,5.2,4.2,90.6
9,2,1,0,4,8,9,0.1682,0.0,0.0,100.0
8,8,0,1,5,5,7,0.5819,9.0,0.2,90.8
11,3,0,0,4,2,8,0.4418,57.2,1.4,41.4
12,7,0,0,4,4,9,0.0911,7.4,3.2,89.4
12,5,1,0,0,3,0,0.0,27.8,2.4,69.8
13,6,0,0,5,6,9,0.1698,0.0,0.0,100.0
6,5,1,0,3,6,9,0.1504,29.6,0.4,70.0
11,6,0,0,5,6,8,0.3932,0.0,0.0,100.0
14,14,0,1,4,6,8,0.5515,44.0,0.0,56.0
11,10,0,0,3,6,9,0.1301,6.2,0.0,93.8
11,7,0,0,5,6,9,0.1631,0.0,0.0,100.0
9,7,0,0,3,6,9,0.0142,13.8,2.0,84.2
11,10,0,0,4,3,9,0.0264,2.6,2.4,95.0
5,3,0,0,5,6,9,0.1202,0.0,0.0,100.0
12,8,1,0,0,8,0,0.0,12.8,2.8,84.4
14,9,1,0,5,2,5,0.7852,70.4,21.2,8.4
12,6,0,0,4,1,9,0.0482,24.0,2.0,74.0
12,7,1,0,5,7,8,0.2517,0.0,0.0,100.0
6,4,0,0,3,3,9,0.0263,7.2,0.6,92.2
10,9,0,0,3,8,8,0.3969,12.4,2.4,85.2
12,8,0,0,0,7,0,0.0,10.2,4.0,85.8
13,5,1,0,0,5,0,0.0,17.6,4.2,78.2
5,3,0,0,5,7,9,0.137,0.0,0.0,100.0
14,8,0,0,5,6,9,0.1291,0.4,0.0,99.6
14,5,1,0,3,7,8,0.2243,4.4,2.2,93.4
6,3,0,0,3,7,9,0.0521,2.8,0.6,96.6
9,7,0,0,5,6,7,0.647,5.4,5.6,89.0
12,10,0,0,0,2,0,0.0,41.2,2.4,56.4
14,13,1,0,3,5,9,0.1514,11.2,0.4,88.4
14,7,1,0,4,8,9,0.1479,0.4,1.6,98.0
13,6,0,0,5,7,8,0.2782,0.0,0.0,100.0
13,8,0,0,3,5,9,0.0631,6.8,0.8,92.4
7,5,0,0,5,6,8,0.5381,0.0,0.0,100.0
11,3,0,0,4,5,9,0.1469,0.6,0.6,98.8
8,5,1,0,4,6,9,0.0598,1.2,0.8,98.0
14,10,1,0,0,5,0,0.0,26.4,2.0,71.6
11,3,0,0,5,8,9,0.1282,0.0,0.0,100.0
8,6,0,0,3,6,9,0.1257,4.4,0.8,94.8
10,2,0,0,3,6,8,0.5043,2.0,2.6,95.4
10,3,0,0,4,8,9,0.1579,0.0,0.0,100.0
8,2,0,0,5,4,9,0.1631,0.0,0.0,100.0
9,9,0,1,4,5,7,0.5878,22.0,0.2,77.8
5,2,0,0,4,7,9,0.0456,0.0,0.0,100.0
12,6,1,0,5,2,8,0.3184,20.8,0.4,78.8
14,3,0,0,0,5,0,0.0,17.0,4.4,78.6
13,6,0,0,0,8,0,0.0,6.8,2.2,91.0
3,2,0,0,5,5,9,0.0064,0.0,0.0,100.0
13,9,1,0,0,3,0,0.0,30.8,2.6,66.6
14,11,0,0,4,4,8,0.5543,53.4,7.8,38.8
10,8,0,0,0,7,0,0.0,11.0,2.2,86.8
5,3,0,0,4,4,9,0.1016,0.2,0.0,99.8
9,4,1,0,3,7,9,0.0547,31.4,1.0,67.6
13,4,0,0,3,5,8,0.3092,3.2,4.2,92.6
14,13,0,0,4,6,8,0.5507,31.4,1.4,67.2
13,9,0,0,4,6,7,0.591,11.4,3.4,85.2
12,9,1,0,3,5,9,0.0551,3.2,1.8,95.0
9,6,0,0,0,8,0,0.0,7.8,1.6,90.6
9,6,0,0,0,8,0,0.0,7.4,3.8,88.8
8,4,0,0,0,3,0,0.0,17.6,4.0,78.4
8,4,0,0,5,3,8,0.2282,0.0,0.0,100.0
12,3,0,0,5,7,8,0.4913,5.6,1.6,92.8
12,4,0,0,3,8,8,0.242,13.4,2.0,84.6
14,13,0,0,5,7,7,0.6685,38.2,1.8,60.0
14,6,0,0,0,3,0,0.0,20.4,4.4,75.2
10,7,0,0,0,8,0,0.0,7.4,2.6,90.0
11,10,1,0,3,4,8,0.415,45.6,2.0,52.4
13,10,0,0,4,3,8,0.3109,9.6,2.6,87.8
4,3,0,0,3,2,8,0.2053,39.6,5.8,54.6
8,5,0,0,5,6,7,0.5819,11.0,0.2,88.8
14,10,1,0,5,3,8,0.5453,58.0,0.8,41.2
13,2,0,0,0,1,0,0.0,46.6,3.4,50.0
13,5,0,0,4,4,8,0.399,2.8,4.0,93.2
14,7,0,0,3,7,9,0.106,4.8,11.4,83.8
9,8,0,0,0,3,0,0.0,24.6,3.0,72.4
14,8,0,0,5,8,9,0.1679,0.0,0.0,100.0
13,9,0,0,3,8,9,0.0777,6.8,11.8,81.4
3,2,1,0,4,4,8,0.2294,9.4,2.8,87.8
12,11,0,0,3,4,8,0.3042,10.0,2.6,87.4
14,2,0,0,5,1,7,0.572,54.4,10.6,35.0
10,5,0,0,5,8,8,0.5456,0.0,0.0,100.0
11,8,0,0,5,7,7,0.6174,37.6,1.6,60.8
13,6,0,0,0,7,0,0.0,11.0,1.4,87.6
13,11,0,0,0,4,0,0.0,24.4,2.8,72.8
6,4,0,0,0,5,0,0.0,9.2,2.2,88.6
14,13,0,0,4,2,9,0.1706,30.4,0.6,69.0
6,4,1,0,4,5,8,0.417,0.0,0.2,99.8
9,7,0,0,4,3,8,0.2164,2.4,3.8,93.8
7,5,1,0,0,6,0,0.0,14.0,2.6,83.4
13,9,0,0,5,5,8,0.3373,0.0,0.2,99.8
11,5,0,0,5,3,6,0.7119,3.4,3.0,93.6
9,2,0,0,3,4,9,0.0209,5.2,0.6,94.2
10,9,1,0,3,6,9,0.0149,14.2,1.0,84.8
4,2,1,0,3,3,9,0.0076,7.6,0.8,91.6
12,5,0,0,3,8,8,0.2745,9.4,1.2,89.4
13,8,0,0,4,8,9,0.1536,2.0,5.4,92.6
14,7,0,0,0,6,0,0.0,13.6,2.2,84.2
10,4,0,0,0,5,0,0.0,7.8,2.8,89.4
13,6,0,0,3,6,8,0.3105,16.6,0.4,83.0
14,11,0,0,5,3,7,0.6619,55.0,17.8,27.2
7,2,0,0,4,6,9,0.0068,6.0,8.2,85.8
10,7,0,0,4,6,8,0.2062,2.6,0.0,97.4
10,3,0,0,4,6,8,0.2166,6.2,8.6,85.2
7,4,0,0,5,3,8,0.3628,0.0,0.2,99.8
7,2,1,0,4,4,6,0.7517,8.4,7.8,83.8
14,8,0,0,3,3,8,0.5196,18.8,5.8,75.4
12,3,0,0,3,7,9,0.0525,2.4,1.4,96.2
14,9,0,0,5,7,6,0.6778,0.6,1.2,98.2
14,2,0,0,4,7,9,0.147,1.4,0.6,98.0
13,11,0,0,3,1,9,0.1615,52.4,2.2,45.4
13,9,1,0,5,5,7,0.5939,48.2,1.0,50.8
12,7,0,0,5,4,9,0.1039,0.2,0.0,99.8
14,10,1,0,4,5,8,0.1979,4.0,1.6,94.4
14,8,0,0,4,4,9,0.1135,5.8,1.6,92.6
11,7,0,0,4,4,9,0.0803,18.6,2.2,79.2
13,9,0,0,5,7,8,0.1898,0.0,0.0,100.0
12,10,0,0,0,3,0,0.0,30.0,3.0,67.0
5,3,0,0,4,5,8,0.2881,5.2,1.2,93.6
14,2,0,0,3,3,9,0.1451,8.2,3.6,88.2
13,8,0,0,5,4,8,0.5066,47.6,1.8,50.6
5,2,0,0,0,1,0,0.0,32.0,5.8,62.2
12,10,1,0,0,2,0,0.0,43.2,2.4,54.4
13,5,0,0,5,2,8,0.2883,12.8,0.4,86.8
9,4,1,0,4,7,7,0.6614,3.0,3.8,93.2
11,9,0,0,0,7,0,0.0,9.6,2.0,88.4
9,6,0,0,0,3,0,0.0,18.4,4.2,77.4
10,5,0,0,4,8,9,0.0434,2.8,4.2,93.0
14,3,0,0,5,2,7,0.5587,52.8,1.4,45.8
10,5,1,0,4,6,8,0.2875,8.8,2.0,89.2
6,3,1,0,5,4,5,0.7846,25.4,21.2,53.4
8,5,0,0,3,7,9,0.0736,0.4,0.4,99.2
11,8,0,0,3,1,9,0.0537,37.2,3.6,59.2
10,4,1,0,5,1,7,0.6,83.0,0.6,16.4
11,10,0,0,5,2,8,0.4225,49.2,0.6,50.2
5,2,0,0,0,4,0,0.0,12.2,3.6,84.2
11,8,1,0,5,8,9,0.163,0.0,0.0,100.0
6,2,1,0,0,7,0,0.0,10.0,1.8,88.2
14,3,0,0,4,5,8,0.2297,12.2,0.0,87.8
8,5,1,0,0,7,0,0.0,10.6,2.2,87.2
10,5,0,0,0,5,0,0.0,11.6,3.0,85.4
12,10,0,0,5,2,8,0.4217,48.0,1.0,51.0
13,5,0,0,0,3,0,0.0,21.0,3.4,75.6
13,7,0,0,3,8,9,0.0701,3.4,8.8,87.8
10,5,0,0,3,3,9,0.0973,6.2,3.6,90.2
13,9,1,0,0,6,0,0.0,17.4,3.0,79.6
12,2,0,0,0,3,0,0.0,19.2,3.0,77.8
11,9,0,0,4,1,9,0.031,20.2,0.6,79.2
13,10,0,0,4,7,8,0.2519,1.8,1.8,96.4
14,11,0,0,5,3,9,0.1292,0.4,0.4,99.2
7,5,0,0,5,4,8,0.2814,5.0,1.2,93.8
5,2,0,0,0,1,0,0.0,34.0,6.4,59.6
9,5,0,0,3,4,9,0.0327,12.4,10.4,77.2
11,11,0,1,0,5,0,0.0,32.8,1.2,66.0
14,8,0,0,5,7,8,0.372,0.6,0.2,99.2
8,5,0,0,4,2,8,0.2852,30.2,4.8,65.0
8,2,1,0,0,2,0,0.0,25.8,4.4,69.8
5,4,0,0,0,6,0,0.0,11.6,2.8,85.6
14,2,0,0,0,5,0,0.0,13.0,3.0,84.0
10,4,1,0,3,3,9,0.1147,40.2,4.2,55.6
9,8,0,0,0,5,0,0.0,13.4,3.4,83.2
6,3,1,0,0,2,0,0.0,22.6,1.6,75.8
12,12,0,1,3,2,6,0.7607,95.0,0.0,5.0
14,14,0,1,4,7,7,0.6632,33.0,0.2,66.8
12,5,0,0,5,4,5,0.7845,39.6,30.8,29.6
9,3,0,0,3,8,9,0.0826,0.6,0.2,99.2
10,5,0,0,0,5,0,0.0,10.4,2.4,87.2
10,9,0,0,4,3,8,0.2117,10.8,2.0,87.2
12,8,0,0,0,8,0,0.0,6.6,2.4,91.0
4,2,0,0,5,7,8,0.245,0.0,0.0,100.0
11,5,1,0,4,7,9,0.0872,0.0,0.4,99.6
12,8,0,0,3,4,9,0.0571,22.8,2.0,75.2
12,3,0,0,4,4,8,0.361,2.8,0.4,96.8
7,6,0,0,0,3,0,0.0,20.0,2.8,77.2
9,2,0,0,5,2,6,0.7485,4.4,4.2,91.4
14,13,0,0,5,4,9,0.1592,1.2,0.0,98.8
12,12,0,1,5,6,6,0.7604,2.0,0.0,98.0
14,7,0,0,4,3,8,0.3449,34.8,1.2,64.0
13,4,1,0,5,4,9,0.1695,0.0,0.0,100.0
14,9,1,0,5,1,7,0.6412,67.6,11.8,20.6
12,2,0,0,0,8,0,0.0,7.6,3.2,89.2
5,3,0,0,4,5,9,0.1384,7.4,0.2,92.4
5,4,0,0,0,5,0,0.0,10.6,1.8,87.6
7,5,0,0,0,8,0,0.0,6.6,1.4,92.0
10,2,0,0,5,4,8,0.2203,0.0,0.2,99.8
10,4,0,0,0,2,0,0.0,24.2,3.4,72.4
12,10,0,0,5,5,9,0.1049,0.0,0.0,100.0
7,3,0,0,3,2,8,0.3191,45.0,4.0,51.0
9,4,0,0,3,2,9,0.0393,8.4,1.2,90.4
11,5,0,0,5,4,7,0.6128,13.0,0.6,86.4
12,10,1,0,3,8,9,0.0476,10.0,0.2,89.8
3,3,0,1,0,8,0,0.0,13.6,1.0,85.4
9,3,1,0,5,1,3,0.9609,84.2,10.2,5.6
10,5,0,0,5,8,9,0.1047,0.0,0.0,100.0
11,7,0,0,4,3,9,0.06,8.6,3.6,87.8
12,2,0,0,5,8,9,0.1417,0.0,0.0,100.0
13,11,0,0,5,4,7,0.563,2.8,3.8,93.4
7,7,0,1,3,8,8,0.3243,7.6,1.8,90.6
4,2,0,0,5,7,8,0.3135,0.0,0.0,100.0
12,6,0,0,5,4,9,0.093,0.4,0.0,99.6
10,7,0,0,4,3,8,0.2072,15.0,0.8,84.2
11,2,0,0,5,8,9,0.032,0.0,0.0,100.0
13,5,1,0,4,6,9,0.0895,9.6,8.6,81.8
14,12,1,0,3,6,7,0.6664,68.6,2.6,28.8
9,8,0,0,0,1,0,0.0,46.6,3.6,49.8
9,5,1,0,5,1,7,0.6039,16.8,4.4,78.8
12,4,0,0,0,8,0,0.0,5.8,2.4,91.8
12,9,1,0,4,7,8,0.4916,17.2,3.0,79.8
8,2,0,0,5,3,8,0.2727,0.0,0.0,100.0
14,12,1,0,0,6,0,0.0,25.0,1.0,74.0
7,3,0,0,4,1,8,0.338,57.0,3.2,39.8
11,3,1,0,5,3,6,0.6855,70.2,9.8,20.0
12,4,1,0,4,2,9,0.0415,4.0,5.8,90.2
12,3,1,0,4,5,8,0.5452,16.8,1.6,81.6
13,3,0,0,4,1,6,0.6851,94.6,0.4,5.0
13,7,1,0,5,6,7,0.6293,8.2,0.6,91.2
4,3,0,0,0,1,0,0.0,31.6,8.0,60.4
13,7,0,0,5,1,8,0.3391,62.2,0.2,37.6
6,3,0,0,0,8,0,0.0,7.4,0.8,91.8
12,6,0,0,3,3,7,0.6211,48.0,8.6,43.4
12,4,0,0,5,8,9,0.0497,0.0,0.0,100.0
12,7,0,0,0,4,0,0.0,14.6,3.4,82.0
4,2,1,0,0,6,0,0.0,13.4,1.8,84.8
11,4,0,0,4,7,9,0.0842,0.4,0.0,99.6
9,3,0,0,3,8,9,0.0413,1.6,2.8,95.6
5,2,0,0,5,6,7,0.6363,0.8,1.0,98.2
14,2,0,0,4,8,9,0.1461,0.2,1.2,98.6
14,3,1,0,5,7,8,0.3171,0.2,0.0,99.8
12,12,0,1,5,8,7,0.6248,34.0,0.2,65.8
10,2,0,0,3,2,8,0.4149,49.8,3.6,46.6
8,4,0,0,0,6,0,0.0,7.6,3.4,89.0
10,9,0,0,4,1,9,0.1002,36.0,1.6,62.4
4,4,0,1,4,8,7,0.6394,3.0,0.0,97.0
11,8,0,0,4,8,7,0.6307,12.8,4.4,82.8
10,7,0,0,4,7,9,0.0302,6.0,0.4,93.6
8,3,0,0,0,1,0,0.0,35.2,6.0,58.8
3,2,1,0,3,7,8,0.218,3.4,1.6,95.0
12,10,0,0,5,2,9,0.1431,5.2,0.2,94.6
12,5,0,0,3,3,9,0.0578,10.4,3.4,86.2
5,3,0,0,5,6,9,0.1467,0.0,0.0,100.0
14,8,1,0,0,4,0,0.0,26.4,4.6,69.0
6,2,0,0,3,2,8,0.3207,9.6,4.4,86.0
8,4,0,0,0,3,0,0.0,15.0,3.2,81.8
13,10,0,0,4,6,8,0.2498,2.8,0.0,97.2
13,7,0,0,3,1,9,0.0819,43.8,1.6,54.6
8,5,0,0,4,2,9,0.1317,4.2,2.0,93.8
11,6,0,0,5,5,8,0.3157,3.2,0.0,96.8
8,3,1,0,0,6,0,0.0,12.8,2.0,85.2
7,5,0,0,5,5,8,0.5193,0.0,0.0,100.0
14,13,0,0,5,1,8,0.5541,88.0,0.2,11.8
5,3,0,0,0,6,0,0.0,11.4,2.2,86.4
7,4,0,0,4,2,9,0.1264,9.8,0.2,90.0
8,6,0,0,5,8,8,0.318,0.2,0.0,99.8
11,11,0,1,3,3,8,0.4477,43.2,0.2,56.6
12,9,0,0,5,7,8,0.2225,0.0,0.0,100.0
11,8,1,0,4,8,8,0.4622,8.4,1.8,89.8
9,2,0,0,3,3,8,0.3366,3.6,4.6,91.8
13,6,1,0,5,5,9,0.165,0.0,0.0,100.0
8,6,0,0,5,7,7,0.5568,0.0,0.0,100.0
13,4,1,0,4,7,8,0.5062,18.0,6.2,75.8
8,6,0,0,0,2,0,0.0,24.0,4.4,71.6
3,2,0,0,4,3,6,0.6761,78.2,6.4,15.4
13,8,0,0,3,8,8,0.5151,17.2,5.6,77.2
10,9,1,0,5,7,8,0.3443,0.0,0.0,100.0
11,6,0,0,0,1,0,0.0,46.6,6.2,47.2
12,12,0,1,0,5,0,0.0,36.2,0.6,63.2
9,2,0,0,5,8,9,0.1277,0.0,0.0,100.0
10,5,1,0,0,8,0,0.0,8.4,2.6,89.0
14,7,0,0,5,6,7,0.5941,42.4,2.0,55.6
11,5,0,0,5,8,7,0.6494,8.4,4.8,86.8
9,7,0,0,4,5,9,0.0229,5.8,0.2,94.0
14,8,0,0,5,5,8,0.4032,1.2,0.0,98.8
5,3,0,0,5,4,7,0.5616,70.6,1.0,28.4
7,4,1,0,4,7,8,0.241,8.8,1.2,90.0
8,7,1,0,4,1,9,0.132,21.6,5.6,72.8
13,11,0,0,3,5,8,0.5082,42.4,2.6,55.0
11,9,1,0,3,6,9,0.1635,6.0,1.0,93.0
10,4,0,0,3,4,8,0.2443,19.8,1.8,78.4
10,10,0,1,4,2,6,0.7428,82.4,0.0,17.6
8,3,0,0,0,2,0,0.0,21.8,3.8,74.4
9,5,1,0,3,6,9,0.0378,6.8,2.4,90.8
8,3,1,0,3,2,9,0.096,6.6,5.0,88.4
5,5,0,1,3,8,8,0.2816,3.4,0.2,96.4
11,10,1,0,5,1,7,0.6199,88.8,0.2,11.0
11,3,0,0,5,4,6,0.6853,77.6,0.8,21.6
9,7,1,0,5,4,9,0.104,0.0,0.4,99.6
4,4,0,1,4,3,7,0.6111,15.0,0.4,84.6
10,2,1,0,3,4,8,0.177,18.2,1.6,80.2
12,8,1,0,4,4,8,0.3598,29.8,0.8,69.4
12,5,1,0,3,4,9,0.0517,11.4,1.4,87.2
10,9,0,0,4,8,8,0.2793,4.6,0.2,95.2
8,6,0,0,4,3,7,0.5832,57.2,1.0,41.8
10,8,0,0,4,4,9,0.1217,18.6,0.6,80.8
10,3,1,0,3,5,8,0.2225,15.4,3.2,81.4
11,8,1,0,0,4,0,0.0,23.4,4.2,72.4
13,10,1,0,4,7,9,0.0992,4.2,0.2,95.6
10,5,1,0,3,2,8,0.4103,49.6,4.6,45.8
11,8,1,0,0,7,0,0.0,14.4,3.4,82.2
10,2,0,0,3,3,8,0.4319,35.4,6.6,58.0
14,3,0,0,4,2,9,0.1461,31.6,2.2,66.2
7,2,0,0,0,4,0,0.0,10.4,2.4,87.2
11,3,1,0,0,6,0,0.0,15.2,1.6,83.2
10,3,0,0,4,5,8,0.325,2.8,0.6,96.6
12,11,0,0,0,1,0,0.0,57.0,2.4,40.6
12,10,1,0,0,8,0,0.0,15.8,3.2,81.0
10,6,0,0,4,5,9,0.0863,11.8,0.0,88.2
13,8,0,0,3,4,8,0.3648,28.8,1.6,69.6
10,7,0,0,5,7,7,0.6206,2.6,3.2,94.2
4,2,1,0,3,5,9,0.0752,3.4,1.8,94.8
8,7,0,0,3,8,6,0.7238,58.6,9.8,31.6
9,5,1,0,4,1,8,0.3856,72.0,2.6,25.4
7,4,1,0,3,5,9,0.0907,1.0,1.0,98.0
10,10,0,1,4,2,7,0.6013,54.4,0.0,45.6
8,2,0,0,5,5,7,0.5552,2.4,0.6,97.0
10,9,0,0,3,3,8,0.4217,36.0,3.6,60.4
10,6,0,0,3,7,9,0.0267,2.6,1.6,95.8
11,4,1,0,5,8,9,0.165,0.0,0.0,100.0
9,3,0,0,5,6,8,0.2284,1.0,0.0,99.0
3,2,0,0,3,3,9,0.0574,2.2,3.4,94.4
14,3,0,0,4,5,8,0.2286,11.4,0.8,87.8
5,2,0,0,0,1,0,0.0,32.8,5.8,61.4
14,4,1,0,0,8,0,0.0,13.4,5.2,81.4
13,11,0,0,0,5,0,0.0,21.2,2.4,76.4
9,2,0,0,0,6,0,0.0,7.2,2.2,90.6
13,5,0,0,0,7,0,0.0,9.6,3.6,86.8
7,5,0,0,5,3,7,0.5823,14.6,8.6,76.8
9,8,0,0,3,8,8,0.3618,10.6,4.4,85.0
11,11,0,1,3,7,8,0.4578,8.6,2.8,88.6
3,2,0,0,0,4,0,0.0,12.0,1.8,86.2
8,7,1,0,5,5,8,0.3466,1.6,2.4,96.0
11,6,0,0,0,3,0,0.0,22.8,4.4,72.8
14,5,1,0,0,3,0,0.0,29.6,4.8,65.6
4,2,0,0,3,3,8,0.1801,19.6,2.8,77.6
12,3,0,0,0,3,0,0.0,20.6,4.6,74.8
7,5,0,0,0,4,0,0.0,14.0,3.2,82.8
12,4,0,0,3,4,9,0.1663,4.2,3.0,92.8
7,2,1,0,5,1,8,0.463,9.0,3.8,87.2
12,12,0,1,4,7,8,0.4938,13.6,0.0,86.4
14,6,0,0,0,3,0,0.0,27.0,3.2,69.8
11,2,0,0,5,4,9,0.1312,0.0,0.0,100.0
11,5,0,0,0,2,0,0.0,22.8,3.8,73.4
12,5,0,0,5,3,7,0.6295,30.8,11.8,57.4
12,7,1,0,3,8,8,0.4898,12.4,1.4,86.2
12,8,0,0,0,8,0,0.0,7.4,3.0,89.6
7,2,0,0,0,3,0,0.0,13.2,2.0,84.8
13,10,1,0,3,5,9,0.0718,38.2,0.2,61.6
6,2,0,0,3,6,9,0.0662,2.0,0.0,98.0
4,2,0,0,4,1,9,0.0864,6.2,7.6,86.2
11,4,0,0,0,3,0,0.0,16.8,3.8,79.4
11,5,0,0,0,4,0,0.0,14.8,3.6,81.6
13,11,0,0,5,1,7,0.6497,83.2,0.4,16.4
9,3,1,0,0,4,0,0.0,17.0,1.4,81.6
9,8,0,0,3,2,7,0.6614,51.4,8.8,39.8
12,10,1,0,3,6,8,0.4228,21.6,10.6,67.8
14,6,0,0,0,3,0,0.0,24.4,5.2,70.4
13,4,0,0,5,3,9,0.1631,1.4,0.6,98.0
7,5,0,0,0,7,0,0.0,7.2,2.2,90.6
11,6,0,0,3,5,8,0.4568,17.0,5.6,77.4
10,9,1,0,0,8,0,0.0,14.8,1.8,83.4
14,4,0,0,5,3,7,0.6544,47.8,15.0,37.2
5,2,0,0,0,1,0,0.0,29.6,7.4,63.0
11,6,0,0,4,2,8,0.2683,14.8,4.0,81.2
3,2,0,0,4,7,8,0.2196,5.0,0.4,94.6
3,2,0,0,0,6,0,0.0,8.2,1.6,90.2
10,3,0,0,3,7,8,0.2261,8.2,0.6,91.2
3,2,0,0,4,3,9,0.0035,10.4,1.8,87.8
10,8,0,0,5,7,5,0.7854,24.6,51.6,23.8
11,3,0,0,3,2,9,0.018,11.4,7.2,81.4
12,7,0,0,0,6,0,0.0,10.0,1.8,88.2
14,3,0,0,4,1,9,0.1545,44.4,2.4,53.2
13,2,0,0,3,4,7,0.56,16.0,3.2,80.8
14,6,1,0,3,2,9,0.1068,59.8,7.8,32.4
9,2,0,0,5,7,7,0.6559,0.0,0.0,100.0
12,4,0,0,0,5,0,0.0,15.8,3.0,81.2
11,3,0,0,3,1,9,0.1234,28.8,4.2,67.0
13,10,1,0,0,5,0,0.0,26.8,2.4,70.8
4,3,0,0,3,7,8,0.2317,6.4,1.4,92.2
13,7,0,0,4,7,8,0.3479,11.0,0.4,88.6
14,11,0,0,3,1,8,0.4932,58.6,2.6,38.8
13,9,0,0,4,3,9,0.0852,17.0,5.4,77.6
6,3,0,0,3,2,8,0.378,16.4,3.6,80.0
11,8,1,0,5,4,4,0.81,82.8,0.0,17.2
8,7,0,0,3,5,9,0.0197,5.4,0.2,94.4
14,4,1,0,0,5,0,0.0,20.2,3.8,76.0
14,8,0,0,3,6,9,0.1589,5.6,2.0,92.4
13,4,1,0,4,3,7,0.6359,47.6,10.0,42.4
8,2,0,0,5,1,6,0.6943,0.0,51.2,48.8
13,3,1,0,5,1,7,0.5615,44.2,0.8,55.0
11,8,0,0,5,6,9,0.1292,0.0,0.0,100.0
8,6,1,0,0,7,0,0.0,11.6,3.4,85.0
7,6,0,0,0,3,0,0.0,19.0,3.4,77.6
10,4,0,0,4,5,9,0.0761,1.8,0.0,98.2
6,4,0,0,0,4,0,0.0,12.2,3.6,84.2
10,7,0,0,5,4,8,0.4114,32.4,1.2,66.4
12,11,0,0,4,7,8,0.4934,21.4,0.8,77.8
8,4,0,0,0,2,0,0.0,21.8,4.2,74.0
13,6,1,0,4,1,7,0.6513,72.2,6.2,21.6
7,3,0,0,5,2,9,0.0489,0.2,0.2,99.6
8,4,0,0,0,7,0,0.0,6.8,3.8,89.4
4,2,1,0,5,3,7,0.6087,11.6,4.0,84.4
14,6,0,0,4,5,9,0.1579,4.8,0.2,95.0
10,7,0,0,0,3,0,0.0,22.6,5.2,72.2
13,11,0,0,4,6,8,0.3683,5.4,1.0,93.6
14,4,0,0,4,6,9,0.143,1.4,1.6,97.0
12,9,1,0,0,5,0,0.0,23.4,1.8,74.8
14,9,0,0,0,2,0,0.0,38.0,3.8,58.2
11,4,0,0,5,1,8,0.4519,69.2,1.6,29.2
14,2,0,0,5,4,7,0.5602,11.0,0.2,88.8
12,3,1,0,4,1,8,0.2166,53.6,0.2,46.2
11,6,0,0,5,2,8,0.3589,0.4,0.0,99.6
11,10,0,0,5,8,8,0.4524,7.4,0.6,92.0
10,5,0,0,4,6,7,0.5749,4.8,4.2,91.0
8,3,0,0,5,4,9,0.0746,0.0,0.0,100.0
10,9,0,0,5,5,8,0.5162,0.0,0.0,100.0
6,4,1,0,4,6,5,0.7845,62.4,7.0,30.6
8,2,0,0,3,7,8,0.3199,1.2,0.8,98.0
9,8,0,0,4,3,8,0.1908,2.6,2.8,94.6
13,4,1,0,5,5,8,0.2487,2.0,0.0,98.0
9,7,1,0,0,7,0,0.0,16.0,3.6,80.4
14,13,0,0,4,8,8,0.4065,3.4,0.4,96.2
6,2,0,0,0,2,0,0.0,16.4,4.0,79.6
4,2,0,0,5,8,7,0.6328,0.0,0.0,100.0
9,6,0,0,5,7,9,0.171,0.0,0.0,100.0
5,2,1,0,4,1,9,0.0972,7.2,6.0,86.8
7,6,0,0,5,3,8,0.4544,0.0,0.0,100.0
14,3,0,0,4,1,9,0.1324,30.4,4.6,65.0
6,5,0,0,3,6,9,0.0639,5.4,0.4,94.2
13,9,0,0,4,4,9,0.1548,6.4,0.0,93.6
5,3,0,0,5,6,5,0.7844,1.6,2.4,96.0
11,10,0,0,3,7,9,0.0288,5.2,0.6,94.2
11,7,0,0,4,2,7,0.6043,38.4,8.4,53.2
9,7,1,0,4,5,9,0.1328,8.0,0.8,91.2
13,6,0,0,0,7,0,0.0,9.4,3.0,87.6
8,8,0,1,5,4,7,0.6056,32.6,0.4,67.0
9,7,0,0,0,5,0,0.0,16.6,2.6,80.8
8,3,0,0,4,4,9,0.164,0.2,0.2,99.6
12,4,1,0,0,4,0,0.0,20.4,2.4,77.2
5,4,0,0,0,1,0,0.0,34.4,6.6,59.0
12,2,1,0,3,3,9,0.0549,11.8,1.6,86.6
5,3,0,0,4,4,8,0.2529,12.6,2.6,84.8
10,2,0,0,3,4,6,0.673,73.0,3.0,24.0
9,5,0,0,5,5,9,0.149,0.0,0.0,100.0
10,6,0,0,5,1,7,0.6206,41.2,7.6,51.2
9,6,0,0,3,4,8,0.4022,28.8,5.4,65.8
9,3,1,0,0,2,0,0.0,26.4,3.0,70.6
8,4,0,0,0,1,0,0.0,33.8,4.8,61.4
6,4,1,0,4,6,4,0.9355,67.8,0.0,32.2
11,5,1,0,0,1,0,0.0,47.6,4.6,47.8
14,4,1,0,0,1,0,0.0,58.0,4.0,38.0
12,4,0,0,0,6,0,0.0,8.6,2.6,88.8
9,4,0,0,5,5,8,0.5507,0.0,0.0,100.0
7,5,0,0,0,2,0,0.0,26.4,4.0,69.6
14,9,1,0,3,3,9,0.1553,20.8,1.2,78.0
9,2,0,0,0,1,0,0.0,38.0,5.8,56.2
6,2,1,0,0,7,0,0.0,10.8,1.4,87.8
12,7,0,0,3,2,8,0.333,50.2,1.4,48.4
8,3,0,0,0,4,0,0.0,9.4,3.2,87.4
11,9,0,0,5,7,8,0.3687,0.0,0.0,100.0
8,3,0,0,0,4,0,0.0,12.0,1.4,86.6
12,8,0,0,0,3,0,0.0,22.4,3.6,74.0
6,5,1,0,3,1,9,0.1169,12.6,9.2,78.2
6,6,0,1,0,3,0,0.0,31.2,1.2,67.6
13,4,0,0,0,7,0,0.0,8.6,3.8,87.6
7,6,0,0,0,5,0,0.0,11.6,3.0,85.4
11,3,0,0,4,5,9,0.0314,0.8,0.2,99.0
8,6,0,0,5,8,8,0.4733,0.0,0.0,100.0
10,6,0,0,3,2,8,0.2647,15.2,3.6,81.2
2,2,0,1,4,7,8,0.1908,3.2,0.0,96.8
14,6,1,0,0,2,0,0.0,39.6,3.4,57.0
13,9,0,0,3,7,8,0.4059,16.2,1.2,82.6
12,12,0,1,0,7,0,0.0,25.8,1.4,72.8
9,6,0,0,5,2,6,0.7093,88.6,0.8,10.6
13,7,1,0,5,5,8,0.3479,5.0,0.0,95.0
14,13,0,0,5,4,7,0.6486,43.0,0.4,56.6
8,7,0,0,4,4,7,0.6023,6.0,6.6,87.4
6,5,1,0,5,1,9,0.0817,1.4,1.4,97.2
14,4,1,0,4,5,7,0.5897,19.4,1.8,78.8
7,4,0,0,3,1,8,0.5046,20.6,13.4,66.0
9,4,0,0,4,4,8,0.3952,27.2,3.4,69.4
11,9,0,0,5,5,9,0.1276,0.0,0.0,100.0
8,3,0,0,3,6,9,0.0373,2.4,2.8,94.8
14,10,0,0,4,6,9,0.1441,3.0,0.0,97.0
14,10,0,0,4,2,8,0.4347,54.6,1.0,44.4
9,7,0,0,0,1,0,0.0,43.6,5.4,51.0
14,8,0,0,5,5,8,0.4338,0.0,0.4,99.6
14,12,0,0,0,3,0,0.0,33.6,1.8,64.6
7,2,0,0,4,3,8,0.4837,2.6,2.2,95.2
4,3,0,0,4,4,7,0.5579,47.0,0.2,52.8
9,4,0,0,5,7,8,0.2507,0.0,0.0,100.0
4,3,0,0,0,3,0,0.0,13.4,2.2,84.4
12,2,0,0,4,8,9,0.0899,8.8,0.6,90.6
5,3,0,0,3,8,9,0.0046,2.4,0.0,97.6
12,4,0,0,0,6,0,0.0,9.0,2.0,89.0
12,6,0,0,5,6,7,0.6246,24.2,11.2,64.6
14,10,1,0,5,1,8,0.3147,45.8,0.4,53.8
6,4,0,0,0,6,0,0.0,9.4,2.2,88.4
12,7,0,0,0,8,0,0.0,4.8,2.6,92.6
12,3,0,0,0,8,0,0.0,6.6,2.2,91.2
10,3,0,0,0,6,0,0.0,8.8,3.4,87.8
2,2,0,1,0,2,0,0.0,30.8,1.4,67.8
11,8,0,0,5,4,9,0.0544,0.0,0.0,100.0
10,4,0,0,5,3,7,0.5989,49.2,1.4,49.4
11,8,1,0,4,4,8,0.2393,8.2,3.6,88.2
12,9,1,0,0,1,0,0.0,51.4,6.0,42.6
9,5,0,0,3,4,7,0.5595,19.6,4.0,76.4
5,3,0,0,4,3,8,0.4784,2.0,1.4,96.6
3,3,0,1,3,2,8,0.2182,22.0,0.6,77.4
7,4,1,0,3,2,9,0.0159,16.8,10.4,72.8
8,2,0,0,5,2,7,0.586,28.6,1.0,70.4
11,10,0,0,4,2,9,0.1489,27.6,2.0,70.4
4,3,0,0,3,6,9,0.0098,1.0,0.4,98.6
11,7,0,0,3,3,8,0.443,41.4,4.4,54.2
8,5,0,0,0,2,0,0.0,23.6,4.6,71.8
11,5,0,0,5,5,8,0.2749,2.0,0.0,98.0
12,7,0,0,3,8,9,0.1488,3.4,9.4,87.2
14,13,0,0,4,8,7,0.6398,30.6,2.8,66.6
13,9,0,0,3,5,9,0.0665,6.6,0.8,92.6
14,7,0,0,3,6,8,0.531,36.6,6.4,57.0
9,9,0,1,5,7,6,0.7399,67.0,0.0,33.0
6,2,0,0,0,8,0,0.0,5.4,2.6,92.0
9,6,1,0,5,4,8,0.502,0.0,0.0,100.0
14,4,0,0,5,5,8,0.2263,0.4,0.6,99.0
10,6,0,0,0,5,0,0.0,11.2,2.2,86.6
14,4,0,0,5,7,8,0.4331,0.0,0.0,100.0
6,6,0,1,5,6,6,0.7117,25.4,0.0,74.6
8,3,0,0,3,1,9,0.0531,22.4,5.6,72.0
13,3,1,0,5,6,4,0.8754,95.4,0.0,4.6
12,4,0,0,5,2,8,0.3637,2.6,1.2,96.2
9,5,0,0,3,3,8,0.3787,42.4,4.0,53.6
10,2,0,0,0,6,0,0.0,6.2,2.8,91.0
7,2,1,0,0,5,0,0.0,14.2,1.8,84.0
9,6,0,0,0,4,0,0.0,15.2,2.8,82.0
9,7,1,0,3,3,8,0.4724,13.6,3.6,82.8
14,5,1,0,5,1,4,0.9077,81.0,0.0,19.0
14,8,0,0,4,6,9,0.108,0.8,1.6,97.6
3,3,0,1,5,2,6,0.684,87.8,0.0,12.2
10,7,0,0,4,5,6,0.7172,62.8,5.6,31.6
12,7,1,0,3,4,8,0.3456,23.4,2.4,74.2
13,8,0,0,3,7,9,0.1628,2.2,1.2,96.6
8,7,0,0,0,7,0,0.0,9.2,2.2,88.6
7,4,0,0,5,6,7,0.6434,9.6,3.2,87.2
12,6,0,0,5,7,8,0.4934,10.4,0.4,89.2
12,10,0,0,3,8,8,0.4208,15.0,2.4,82.6
12,4,0,0,5,4,7,0.6116,5.2,4.0,90.8
10,9,1,0,5,5,8,0.5356,0.0,0.0,100.0
12,9,0,0,3,6,8,0.2146,6.6,1.4,92.0
13,4,0,0,5,4,8,0.4946,1.6,0.6,97.8
13,9,0,0,4,6,6,0.7296,3.8,5.8,90.4
11,2,0,0,5,3,3,0.9717,87.4,10.8,1.8
12,5,0,0,0,7,0,0.0,8.8,1.8,89.4
9,4,1,0,4,8,8,0.4717,0.6,0.0,99.4
13,7,0,0,3,5,8,0.338,23.0,1.4,75.6
12,12,0,1,3,7,6,0.7644,71.2,0.0,28.8
13,10,0,0,3,1,8,0.5214,81.0,1.4,17.6
12,11,0,0,0,8,0,0.0,12.6,1.8,85.6
6,5,0,0,0,3,0,0.0,16.4,3.4,80.2
13,6,0,0,0,5,0,0.0,15.8,3.8,80.4
13,9,0,0,4,7,5,0.7849,26.6,44.8,28.6
14,9,0,0,0,4,0,0.0,19.6,3.0,77.4
13,8,0,0,4,7,9,0.069,16.6,0.4,83.0
3,3,0,1,3,4,8,0.2174,8.4,1.0,90.6
14,11,0,0,4,3,8,0.5409,46.0,0.8,53.2
11,3,1,0,3,8,8,0.2101,13.4,0.6,86.0
12,2,0,0,3,5,9,0.0951,6.0,1.0,93.0
13,8,0,0,4,4,8,0.3648,30.2,1.4,68.4
13,8,0,0,4,5,9,0.0748,4.0,0.0,96.0
10,8,1,0,3,6,9,0.1175,7.6,0.4,92.0
9,5,0,0,3,2,8,0.4323,9.8,10.2,80.0
13,3,0,0,3,5,9,0.1528,6.0,1.0,93.0
4,2,1,0,0,3,0,0.0,17.6,2.0,80.4
10,5,0,0,5,1,9,0.1317,14.8,1.0,84.2
14,7,0,0,5,5,7,0.5926,7.4,9.4,83.2
14,7,1,0,5,1,9,0.1603,28.0,5.4,66.6
11,6,1,0,5,1,8,0.4503,43.8,0.0,56.2
14,7,0,0,5,8,8,0.4641,0.0,0.0,100.0
9,3,0,0,0,3,0,0.0,14.8,3.8,81.4
13,6,0,0,3,6,8,0.4846,4.0,2.8,93.2
10,4,0,0,0,5,0,0.0,9.0,2.4,88.6
14,9,1,0,5,4,4,0.9542,100.0,0.0,0.0
13,13,0,1,5,5,8,0.524,9.4,0.0,90.6
5,2,0,0,3,5,8,0.4669,2.6,0.6,96.8
12,9,0,0,4,2,8,0.3995,55.6,3.6,40.8
12,10,0,0,4,5,8,0.4767,26.0,1.2,72.8
14,7,0,0,0,8,0,0.0,9.8,3.6,86.6
8,3,0,0,5,8,7,0.6512,0.0,0.0,100.0
6,2,1,0,3,2,8,0.1856,33.6,6.2,60.2
9,6,0,0,5,1,8,0.3169,45.6,4.2,50.2
9,6,0,0,5,8,6,0.7261,0.0,0.0,100.0
11,6,0,0,0,2,0,0.0,30.8,4.4,64.8
14,13,0,0,4,3,8,0.5513,70.6,0.8,28.6
10,5,0,0,4,1,9,0.0469,41.4,4.2,54.4
7,6,0,0,4,1,7,0.5754,71.4,4.8,23.8
11,9,0,0,5,6,8,0.4633,18.8,1.0,80.2
14,13,0,0,0,3,0,0.0,41.6,2.2,56.2
6,6,0,1,5,8,8,0.3097,1.2,0.0,98.8
11,7,0,0,3,5,9,0.084,5.8,2.2,92.0
9,5,0,0,5,6,9,0.0415,0.0,0.0,100.0
13,10,0,0,4,6,9,0.0879,2.6,0.2,97.2
14,7,0,0,4,7,9,0.1639,2.6,0.4,97.0
12,4,1,0,5,2,8,0.246,12.2,0.4,87.4
13,13,0,1,3,5,8,0.5095,41.0,0.2,58.8
7,4,1,0,3,2,9,0.1394,7.8,3.4,88.8
11,6,0,0,4,6,9,0.1477,1.0,0.6,98.4
7,5,0,0,0,2,0,0.0,24.6,4.2,71.2
7,5,0,0,0,6,0,0.0,9.0,3.2,87.8
13,11,0,0,3,3,9,0.0832,14.4,1.0,84.6
10,4,1,0,4,6,8,0.4229,0.6,6.4,93.0
9,4,1,0,5,8,8,0.3913,1.6,1.6,96.8
12,10,0,0,5,4,8,0.4879,36.0,0.6,63.4
13,5,1,0,4,6,8,0.2884,11.0,0.4,88.6
10,5,0,0,4,3,9,0.0775,2.6,0.6,96.8
8,3,0,0,5,6,8,0.3629,0.0,0.2,99.8
13,3,0,0,5,8,3,0.9598,96.4,1.2,2.4
9,3,0,0,0,4,0,0.0,9.6,2.4,88.0
5,3,0,0,0,4,0,0.0,14.6,2.2,83.2
6,2,0,0,3,1,8,0.1924,49.8,5.6,44.6
11,10,0,0,5,3,7,0.5922,1.4,2.6,96.0
13,2,0,0,0,8,0,0.0,6.6,2.8,90.6
4,3,0,0,0,5,0,0.0,11.4,3.0,85.6
8,2,0,0,3,1,8,0.1805,52.2,2.6,45.2
12,7,0,0,0,6,0,0.0,12.6,2.2,85.2
6,2,0,0,3,7,9,0.0025,12.0,1.0,87.0
13,11,1,0,5,4,8,0.4543,21.6,0.8,77.6
9,4,0,0,3,8,9,0.0949,0.8,0.0,99.2
11,9,0,0,3,3,9,0.1638,9.0,2.8,88.2
14,13,1,0,3,3,8,0.2887,24.8,2.8,72.4
11,8,1,0,5,7,9,0.0599,0.0,0.0,100.0
8,7,1,0,0,7,0,0.0,12.0,3.2,84.8
8,4,0,0,5,4,3,0.9689,26.4,14.6,59.0
12,3,0,0,3,1,8,0.2132,75.4,0.6,24.0
4,2,0,0,5,5,7,0.6276,0.0,0.0,100.0
2,2,0,1,0,6,0,0.0,14.6,0.2,85.2
10,6,0,0,0,6,0,0.0,8.2,2.2,89.6
11,6,1,0,5,4,7,0.6496,45.0,11.8,43.2
14,11,0,0,3,6,9,0.1627,7.4,0.6,92.0
10,2,0,0,4,7,8,0.2848,5.2,3.2,91.6
8,7,1,0,5,5,8,0.3771,3.2,1.4,95.4
13,2,0,0,4,1,9,0.1663,38.6,2.6,58.8
13,8,1,0,4,6,3,0.9678,90.0,4.2,5.8
9,4,1,0,5,4,8,0.4857,0.0,0.0,100.0
10,3,0,0,3,3,9,0.0427,7.0,1.0,92.0
8,7,0,0,5,1,7,0.6014,0.0,66.6,33.4
13,3,0,0,5,7,9,0.0838,0.0,0.0,100.0
13,10,0,0,0,6,0,0.0,17.2,3.2,79.6
13,3,0,0,3,8,9,0.0611,3.0,5.4,91.6
13,11,0,0,4,5,8,0.4657,23.6,6.2,70.2
11,10,0,0,3,7,9,0.1644,4.4,1.2,94.4
5,3,0,0,5,8,8,0.3479,0.0,0.0,100.0
6,2,0,0,3,5,9,0.0291,0.0,0.8,99.2
14,4,0,0,4,2,8,0.5387,67.4,6.0,26.6
10,9,0,0,4,3,8,0.4471,9.2,0.8,90.0
12,6,0,0,4,6,9,0.0917,3.2,7.0,89.8
13,12,1,0,4,8,8,0.2814,2.2,0.4,97.4
13,8,0,0,3,6,9,0.156,2.8,0.4,96.8
9,8,0,0,5,8,9,0.0572,0.0,0.0,100.0
13,12,0,0,3,5,8,0.5169,44.6,3.0,52.4
10,3,0,0,0,3,0,0.0,18.4,3.6,78.0
6,6,0,1,5,7,6,0.7107,56.4,0.0,43.6
12,6,0,0,4,3,8,0.3049,29.0,0.2,70.8
5,3,0,0,5,8,7,0.5746,1.2,1.8,97.0
10,9,0,0,5,6,8,0.3846,15.2,0.8,84.0
10,9,0,0,5,4,6,0.7459,82.4,1.0,16.6
11,4,1,0,4,1,8,0.3267,24.4,2.6,73.0
10,3,0,0,5,4,8,0.2667,0.0,0.0,100.0
12,2,0,0,0,8,0,0.0,6.2,3.2,90.6
9,3,0,0,3,7,8,0.3025,1.4,0.8,97.8
9,8,0,0,4,8,9,0.1291,11.4,1.0,87.6
13,11,0,0,5,3,8,0.3405,4.6,0.2,95.2
7,2,1,0,0,1,0,0.0,37.0,5.4,57.6
9,4,1,0,4,8,8,0.2045,13.0,1.8,85.2
13,3,0,0,4,7,8,0.5145,11.4,4.6,84.0
14,3,0,0,5,6,9,0.1601,0.0,0.0,100.0
9,7,0,0,5,1,7,0.5732,52.2,5.0,42.8
10,5,0,0,5,4,8,0.4032,0.0,0.0,100.0
11,6,0,0,3,8,9,0.0255,6.8,13.0,80.2
13,4,0,0,5,2,9,0.1564,7.2,2.8,90.0
10,7,0,0,5,3,9,0.0592,0.0,0.0,100.0
14,14,0,1,4,4,8,0.5543,49.2,4.4,46.4
14,12,0,0,0,4,0,0.0,24.4,2.4,73.2
14,8,0,0,3,6,8,0.3147,6.2,5.6,88.2
14,10,0,0,0,1,0,0.0,57.4,2.6,40.0
7,5,0,0,3,3,9,0.0003,18.6,1.2,80.2
4,4,0,1,5,7,8,0.2489,0.0,0.0,100.0
5,2,1,0,4,1,8,0.2749,56.6,4.2,39.2
10,9,0,0,3,5,8,0.4212,24.4,3.4,72.2
13,11,0,0,4,8,8,0.4879,17.4,0.4,82.2
14,12,1,0,4,3,8,0.4922,65.2,0.8,34.0
9,8,0,0,0,2,0,0.0,31.8,3.2,65.0
6,2,0,0,4,6,8,0.2467,5.2,1.6,93.2
14,11,0,0,3,5,8,0.5529,42.8,11.0,46.2
11,3,0,0,4,8,9,0.1709,1.2,4.4,94.4
9,8,0,0,3,4,8,0.3551,24.4,4.6,71.0
12,7,0,0,0,3,0,0.0,25.2,4.4,70.4
14,2,0,0,3,1,9,0.1102,40.0,2.0,58.0
10,8,1,0,3,8,8,0.4207,9.4,2.8,87.8
12,8,0,0,3,8,8,0.1859,2.4,2.2,95.4
4,3,0,0,0,1,0,0.0,32.8,4.2,63.0
9,6,1,0,3,4,9,0.0028,42.6,3.8,53.6
7,4,0,0,5,6,8,0.2885,0.0,0.0,100.0
5,5,0,1,5,8,7,0.5627,0.4,0.0,99.6
12,10,0,0,0,5,0,0.0,22.4,3.4,74.2
7,6,1,0,4,8,8,0.3425,3.8,0.8,95.4
14,6,0,0,5,4,8,0.5244,3.4,1.2,95.4
14,5,0,0,3,7,7,0.6565,50.4,2.6,47.0
3,2,0,0,3,8,9,0.0377,1.0,0.2,98.8
3,3,0,1,4,6,8,0.2254,4.2,0.0,95.8
12,11,1,0,5,8,9,0.1478,0.0,0.0,100.0
11,3,0,0,4,7,8,0.4467,3.0,2.6,94.4
14,7,0,0,3,1,8,0.3145,51.0,8.2,40.8
11,6,0,0,5,5,7,0.6425,12.6,0.4,87.0
8,2,1,0,3,8,9,0.02,1.4,3.4,95.2
8,8,0,1,4,1,3,0.9673,97.4,0.0,2.6
4,3,0,0,3,6,6,0.6857,57.0,9.0,34.0
6,4,0,0,3,8,5,0.7846,54.8,16.6,28.6
5,4,0,0,4,4,8,0.2545,14.8,4.4,80.8
12,7,0,0,3,7,9,0.0608,7.8,16.2,76.0
9,5,1,0,5,2,8,0.2813,13.6,0.2,86.2
11,6,0,0,5,4,8,0.305,6.2,0.2,93.6
11,8,0,0,4,2,9,0.1029,14.4,1.2,84.4
14,9,0,0,0,7,0,0.0,16.0,4.2,79.8
13,9,1,0,0,3,0,0.0,32.2,1.4,66.4
8,4,0,0,4,3,9,0.0064,6.0,1.4,92.6
11,2,1,0,4,6,8,0.3342,0.4,0.6,99.0
13,11,0,0,3,6,9,0.0803,6.6,0.8,92.6
14,5,0,0,0,6,0,0.0,12.4,5.6,82.0
11,3,0,0,3,3,8,0.3853,8.6,1.8,89.6
7,4,0,0,5,8,7,0.6556,0.4,0.4,99.2
9,6,0,0,5,3,7,0.5925,65.8,0.6,33.6
3,3,0,1,0,5,0,0.0,16.6,0.6,82.8
14,11,0,0,3,6,7,0.666,55.6,2.4,42.0
13,2,0,0,4,6,7,0.5645,4.0,1.6,94.4
14,8,0,0,3,2,8,0.3704,59.0,0.6,40.4
8,4,1,0,3,4,9,0.0206,8.8,1.4,89.8
8,8,0,1,0,1,0,0.0,65.2,0.4,34.4
4,4,0,1,4,3,8,0.2367,7.6,4.2,88.2
7,5,0,0,4,5,8,0.3239,19.2,1.4,79.4
14,13,0,0,4,7,3,0.9747,68.8,27.2,4.0
11,4,0,0,4,5,8,0.2506,10.6,1.4,88.0
5,4,0,0,0,2,0,0.0,20.2,2.6,77.2
14,7,0,0,0,1,0,0.0,60.4,3.8,35.8
11,3,0,0,3,8,8,0.2164,9.8,3.0,87.2
13,4,0,0,4,7,7,0.6451,18.2,9.4,72.4
9,8,1,0,5,2,9,0.0247,0.0,0.0,100.0
14,2,0,0,3,7,9,0.1642,6.0,9.4,84.6
8,5,0,0,4,3,8,0.3086,2.6,2.6,94.8
10,9,0,0,0,6,0,0.0,13.8,3.2,83.0
14,12,0,0,0,3,0,0.0,37.8,1.2,61.0
13,11,0,0,3,1,8,0.5102,81.6,1.0,17.4
10,4,1,0,3,8,8,0.249,14.2,0.8,85.0
11,7,0,0,5,6,8,0.3405,1.0,0.0,99.0
12,5,1,0,0,1,0,0.0,50.0,4.0,46.0
7,2,0,0,4,4,7,0.5843,18.4,7.0,74.6
9,2,0,0,5,4,8,0.3979,13.6,1.2,85.2
7,5,0,0,3,3,9,0.032,5.0,4.2,90.8
11,5,0,0,3,6,9,0.1282,1.6,1.6,96.8
8,6,1,0,4,8,7,0.5835,30.6,1.8,67.6
12,6,1,0,0,7,0,0.0,12.0,3.0,85.0
7,4,0,0,5,3,7,0.6287,43.8,7.0,49.2
14,3,1,0,5,8,8,0.4953,0.0,0.0,100.0
9,2,0,0,5,4,9,0.1135,0.0,0.0,100.0
10,8,0,0,3,2,9,0.0099,17.4,2.2,80.4
7,7,0,1,4,7,8,0.3364,5.2,1.8,93.0
13,4,1,0,5,3,8,0.2594,19.0,0.8,80.2
13,2,0,0,3,6,6,0.676,67.0,4.2,28.8
11,6,0,0,5,4,7,0.628,17.6,8.2,74.2
14,2,0,0,4,3,8,0.5334,51.0,4.2,44.8
9,8,0,0,4,3,7,0.5925,26.4,9.6,64.0
12,7,0,0,4,7,8,0.3464,7.2,0.8,92.0
9,2,0,0,0,1,0,0.0,39.4,4.6,56.0
13,7,0,0,0,2,0,0.0,35.2,3.4,61.4
14,8,0,0,0,8,0,0.0,11.0,3.6,85.4
8,4,0,0,4,3,8,0.3648,35.8,2.0,62.2
14,3,0,0,0,2,0,0.0,39.0,3.0,58.0
14,5,0,0,0,2,0,0.0,31.0,3.4,65.6
14,11,0,0,3,8,9,0.1647,16.8,2.8,80.4
5,5,0,1,5,4,8,0.2889,0.6,0.0,99.4
8,4,0,0,3,4,9,0.0406,4.0,1.0,95.0
14,11,0,0,0,2,0,0.0,44.6,3.2,52.2
7,2,1,0,5,2,9,0.167,0.0,0.2,99.8
11,6,0,0,4,1,9,0.0583,39.6,0.8,59.6
4,3,0,0,4,5,9,0.1459,0.0,0.0,100.0
10,9,1,0,5,3,7,0.6526,1.4,1.6,97.0
12,4,0,0,5,8,6,0.6928,53.0,1.6,45.4
14,10,0,0,5,7,8,0.5356,7.0,0.2,92.8
13,12,0,0,4,6,7,0.6367,33.8,4.4,61.8
9,3,1,0,4,7,8,0.3953,8.6,1.4,90.0
11,9,1,0,5,6,8,0.2804,0.0,0.0,100.0
11,3,1,0,5,8,8,0.2214,0.0,0.0,100.0
12,10,0,0,5,6,7,0.6012,29.2,1.0,69.8
4,4,0,1,0,6,0,0.0,17.4,1.2,81.4
11,6,0,0,5,4,7,0.6147,69.8,0.6,29.6
10,9,1,0,5,1,6,0.7448,95.6,0.6,3.8
13,6,1,0,5,4,4,0.9518,91.8,0.0,8.2
13,9,0,0,3,3,8,0.3971,28.6,3.0,68.4
11,4,0,0,3,4,8,0.1816,4.2,2.0,93.8
12,7,0,0,5,7,7,0.6293,51.4,2.2,46.4
9,4,0,0,3,7,8,0.3838,7.6,2.2,90.2
14,10,1,0,0,2,0,0.0,41.6,2.4,56.0
9,7,1,0,0,2,0,0.0,32.8,3.2,64.0
10,7,0,0,0,8,0,0.0,7.2,2.8,90.0
14,13,1,0,5,7,7,0.6398,31.8,1.8,66.4
8,3,0,0,3,4,8,0.4106,6.2,2.0,91.8
9,7,0,0,0,8,0,0.0,7.0,3.2,89.8
4,3,0,0,0,8,0,0.0,6.2,1.6,92.2
6,2,0,0,5,5,8,0.3039,0.0,0.2,99.8
13,11,0,0,5,2,7,0.6395,69.2,1.2,29.6
5,4,1,0,4,5,8,0.2791,8.8,1.6,89.6
12,5,0,0,5,7,3,0.9729,69.6,27.4,3.0
10,5,0,0,3,8,8,0.2852,10.0,2.0,88.0
12,12,0,1,0,5,0,0.0,34.0,0.4,65.6
13,5,0,0,5,1,8,0.3106,28.0,4.8,67.2
12,4,1,0,0,4,0,0.0,22.0,2.4,75.6
8,4,0,0,0,1,0,0.0,36.6,5.6,57.8
12,6,0,0,3,7,7,0.6276,47.6,4.2,48.2
9,3,0,0,4,7,8,0.2754,0.0,0.0,100.0
10,6,1,0,3,1,9,0.1179,33.4,3.8,62.8
11,10,0,0,0,7,0,0.0,14.8,1.6,83.6
5,5,0,1,3,5,7,0.5811,20.4,0.0,79.6
10,8,1,0,3,3,9,0.1442,21.4,2.8,75.8
13,9,0,0,4,8,8,0.3957,24.0,1.4,74.6
8,3,0,0,5,5,6,0.718,0.0,0.0,100.0
4,3,0,0,3,1,8,0.3644,13.4,13.6,73.0
9,6,0,0,3,8,8,0.3906,9.0,2.6,88.4
14,8,0,0,0,3,0,0.0,29.2,4.4,66.4
4,3,0,0,5,6,8,0.2569,0.2,0.0,99.8
14,6,0,0,4,1,8,0.4357,49.0,5.2,45.8
8,7,0,0,4,5,9,0.0653,1.8,0.2,98.0
13,2,0,0,5,6,7,0.6604,1.2,2.6,96.2
10,6,0,0,5,5,8,0.3184,3.0,2.2,94.8
5,2,0,0,0,2,0,0.0,22.8,3.0,74.2
14,13,0,0,4,4,8,0.377,9.0,2.8,88.2
9,2,0,0,5,6,8,0.3905,9.4,1.0,89.6
14,3,0,0,0,2,0,0.0,30.4,6.4,63.2
13,12,0,0,3,8,8,0.4583,11.6,2.4,86.0
7,3,1,0,4,1,8,0.3307,65.2,2.6,32.2
12,11,0,0,4,2,9,0.1014,11.6,0.8,87.6
11,3,0,0,0,3,0,0.0,19.4,4.2,76.4
9,7,0,0,3,2,9,0.1396,14.0,2.6,83.4
12,5,0,0,0,7,0,0.0,10.2,2.4,87.4
4,2,0,0,0,5,0,0.0,9.0,1.0,90.0
4,4,0,1,5,4,6,0.6915,31.8,0.0,68.2
13,2,0,0,0,3,0,0.0,22.8,3.0,74.2
13,9,0,0,0,7,0,0.0,13.2,4.6,82.2
7,5,0,0,3,8,9,0.0543,1.8,0.8,97.4
11,3,0,0,5,6,8,0.2802,0.0,0.0,100.0
11,5,0,0,5,5,4,0.9002,13.0,0.0,87.0
10,9,1,0,0,6,0,0.0,18.2,2.8,79.0
6,5,0,0,0,4,0,0.0,14.0,1.8,84.2
3,2,1,0,5,6,9,0.1589,0.0,0.0,100.0
12,7,0,0,4,7,9,0.1404,0.6,0.6,98.8
10,2,0,0,5,8,8,0.5218,0.0,0.0,100.0
10,9,1,0,0,2,0,0.0,38.2,4.0,57.8
10,2,1,0,5,4,8,0.4318,2.2,0.2,97.6
11,10,1,0,5,1,8,0.5174,35.0,0.6,64.4
13,12,0,0,0,4,0,0.0,27.2,2.4,70.4
12,7,1,0,5,6,8,0.3324,12.6,0.6,86.8
10,5,0,0,0,5,0,0.0,9.2,2.8,88.0
6,2,0,0,4,2,8,0.3432,4.8,5.6,89.6
12,9,0,0,0,3,0,0.0,26.6,2.6,70.8
11,5,0,0,0,7,0,0.0,7.6,3.4,89.0
6,2,1,0,5,8,8,0.1798,0.0,0.0,100.0
13,4,0,0,5,4,9,0.0879,0.0,0.0,100.0
10,2,1,0,0,1,0,0.0,43.0,3.6,53.4
13,4,0,0,5,2,7,0.6366,64.6,9.8,25.6
9,2,0,0,3,1,9,0.0249,32.0,7.4,60.6
9,8,0,0,4,4,8,0.1757,10.4,0.0,89.6
12,7,0,0,5,7,8,0.4867,1.2,1.8,97.0
11,3,0,0,5,6,7,0.5553,0.6,0.0,99.4
8,4,0,0,5,3,7,0.5807,64.4,0.4,35.2
9,5,0,0,3,3,9,0.1383,10.0,1.0,89.0
9,3,1,0,5,7,8,0.3976,2.6,0.2,97.2
9,7,0,0,0,5,0,0.0,14.0,2.8,83.2
10,2,1,0,3,5,9,0.1144,7.8,6.0,86.2
12,4,1,0,0,5,0,0.0,16.8,2.6,80.6
6,3,0,0,5,5,8,0.205,0.8,0.4,98.8
11,3,0,0,0,7,0,0.0,6.4,3.2,90.4
11,5,0,0,5,3,9,0.1028,0.8,0.0,99.2
14,10,0,0,4,2,9,0.1189,5.2,12.8,82.0
10,8,0,0,0,1,0,0.0,49.2,3.6,47.2
11,4,0,0,4,8,9,0.0604,3.4,8.2,88.4
9,6,0,0,0,4,0,0.0,18.2,4.0,77.8
12,2,1,0,5,3,4,0.877,97.0,0.0,3.0
12,9,0,0,0,7,0,0.0,13.4,3.0,83.6
9,2,1,0,5,1,9,0.149,21.4,6.4,72.2
14,8,1,0,5,3,7,0.6612,82.2,0.4,17.4
10,4,0,0,3,2,9,0.0293,15.6,2.0,82.4
6,5,1,0,3,6,9,0.1418,4.6,2.2,93.2
10,7,0,0,3,5,9,0.1185,6.2,0.6,93.2
13,9,0,0,4,2,8,0.3393,28.8,6.8,64.4
14,11,0,0,4,3,7,0.6427,25.6,14.8,59.6
6,4,1,0,5,5,8,0.5027,0.0,0.0,100.0
6,4,0,0,5,4,8,0.2578,1.4,1.0,97.6
12,11,1,0,4,3,7,0.6514,29.6,11.6,58.8
14,4,0,0,5,5,8,0.2286,0.6,0.4,99.0
11,3,0,0,5,3,7,0.6162,30.0,11.8,58.2
11,8,0,0,4,8,9,0.1261,0.6,0.2,99.2
13,5,0,0,0,7,0,0.0,9.4,3.2,87.4
13,9,1,0,4,5,9,0.171,20.0,4.6,75.4
8,2,0,0,4,5,9,0.0741,1.2,0.0,98.8
13,11,1,0,3,1,9,0.0878,47.2,1.0,51.8
10,8,0,0,4,3,9,0.1489,22.0,3.6,74.4
11,8,0,0,5,1,8,0.4514,71.4,0.2,28.4
13,4,0,0,0,4,0,0.0,16.6,3.4,80.0
14,11,1,0,4,2,8,0.3466,25.8,5.0,69.2
9,3,1,0,4,7,8,0.273,0.4,0.6,99.0
13,8,0,0,4,1,9,0.0694,27.4,1.4,71.2
14,11,1,0,4,8,9,0.1651,28.0,4.2,67.8
5,4,0,0,5,3,8,0.2872,3.4,1.4,95.2
14,9,0,0,5,6,8,0.5507,39.0,1.4,59.6
13,7,1,0,3,8,9,0.1512,2.6,2.4,95.0
6,4,0,0,5,7,8,0.2557,0.0,0.0,100.0
14,8,0,0,0,6,0,0.0,15.2,3.4,81.4
11,9,0,0,4,8,9,0.0607,14.8,0.8,84.4
10,6,1,0,3,1,8,0.3148,59.4,3.6,37.0
13,7,0,0,5,3,7,0.6575,15.8,11.0,73.2
12,11,1,0,0,1,0,0.0,59.4,2.2,38.4
12,8,0,0,5,6,9,0.1689,0.0,0.0,100.0
13,9,0,0,4,5,8,0.3955,16.6,0.4,83.0
11,5,1,0,3,7,8,0.2876,9.4,4.0,86.6
6,2,0,0,0,1,0,0.0,31.0,5.0,64.0
9,2,0,0,3,8,8,0.1748,9.6,0.6,89.8
14,10,0,0,3,5,7,0.6639,68.2,1.2,30.6
5,2,1,0,4,6,8,0.1869,5.0,2.0,93.0
13,2,0,0,3,4,9,0.0882,14.0,5.4,80.6
10,3,1,0,5,7,9,0.0159,0.0,0.0,100.0
11,10,0,0,0,3,0,0.0,30.4,3.0,66.6
6,2,0,0,4,2,8,0.3105,26.8,5.4,67.8
14,13,0,0,3,3,8,0.5541,62.0,8.4,29.6
7,5,0,0,4,1,9,0.0115,22.6,4.8,72.6
3,2,0,0,0,6,0,0.0,5.2,1.0,93.8
10,6,0,0,5,5,7,0.6065,41.2,2.2,56.6
8,7,0,0,4,6,9,0.1709,0.0,8.4,91.6
5,2,0,0,0,6,0,0.0,7.0,0.8,92.2
6,5,0,0,0,7,0,0.0,9.6,1.4,89.0
5,5,0,1,3,3,7,0.6572,21.6,2.0,76.4
10,10,0,1,5,7,5,0.7854,0.0,18.8,81.2
13,10,0,0,5,7,8,0.3086,0.0,0.0,100.0
14,10,0,0,0,8,0,0.0,11.4,2.0,86.6
7,6,0,0,5,8,8,0.2963,1.2,0.2,98.6
9,2,0,0,0,5,0,0.0,8.4,1.6,90.0
9,5,0,0,3,5,8,0.3846,11.0,3.0,86.0
13,3,0,0,3,5,9,0.0953,4.6,1.4,94.0
6,4,0,0,5,3,7,0.58,22.0,1.8,76.2
2,2,0,1,3,1,7,0.5767,45.2,3.8,51.0
8,5,0,0,4,5,8,0.4733,7.4,0.8,91.8
8,5,0,0,4,3,8,0.2909,7.8,2.6,89.6
10,4,0,0,5,7,7,0.5996,8.2,0.2,91.6
9,3,0,0,4,3,8,0.55,3.6,3.0,93.4
9,5,0,0,4,5,9,0.0763,1.0,0.0,99.0
9,3,0,0,3,5,8,0.2052,12.4,1.2,86.4
13,2,0,0,4,3,8,0.2003,20.8,1.0,78.2
4,3,1,0,0,5,0,0.0,15.2,3.4,81.4
8,6,0,0,0,8,0,0.0,8.0,2.0,90.0
10,8,1,0,4,6,8,0.5051,3.6,0.2,96.2
13,10,0,0,0,6,0,0.0,19.8,3.6,76.6
12,8,0,0,3,2,9,0.0415,23.8,7.4,68.8
12,8,0,0,5,8,7,0.651,16.4,0.4,83.2
5,2,1,0,4,4,6,0.7214,3.0,10.4,86.6
9,4,1,0,0,6,0,0.0,13.8,2.2,84.0
7,5,0,0,5,7,8,0.3582,0.0,0.0,100.0
14,7,1,0,4,2,8,0.5265,42.0,6.8,51.2
14,10,0,0,0,6,0,0.0,17.2,2.6,80.2
13,11,0,0,0,7,0,0.0,14.6,2.0,83.4
6,6,0,1,4,7,8,0.3147,3.2,0.0,96.8
12,3,0,0,5,3,8,0.4926,32.6,4.8,62.6
11,9,0,0,0,2,0,0.0,33.0,2.6,64.4
14,4,0,0,5,4,7,0.6689,35.0,14.0,51.0
5,4,1,0,5,4,8,0.4814,0.0,0.0,100.0
8,2,1,0,0,6,0,0.0,10.6,2.2,87.2
10,6,0,0,5,2,8,0.425,50.2,1.4,48.4
7,2,0,0,3,5,8,0.342,13.0,3.4,83.6
8,5,0,0,5,2,8,0.3768,39.4,4.4,56.2
13,5,0,0,4,6,8,0.229,1.6,6.4,92.0
14,6,0,0,4,6,7,0.6619,21.6,15.2,63.2
13,3,0,0,3,2,9,0.1609,19.6,5.0,75.4
9,3,0,0,3,3,8,0.3917,20.0,4.6,75.4
4,2,1,0,3,5,9,0.1051,33.2,2.0,64.8
14,12,0,0,0,8,0,0.0,18.2,1.6,80.2
13,4,1,0,3,7,9,0.0728,8.2,0.8,91.0
11,5,0,0,5,3,3,0.9627,97.4,0.4,2.2
13,12,0,0,4,6,9,0.1047,17.4,1.4,81.2
11,4,0,0,5,1,7,0.5674,49.0,5.4,45.6
6,4,0,0,4,5,8,0.3094,11.0,1.4,87.6
13,2,0,0,4,1,9,0.0868,30.4,3.0,66.6
9,3,0,0,5,4,8,0.2459,0.0,0.0,100.0
11,10,0,0,0,5,0,0.0,20.8,2.6,76.6
11,2,0,0,5,5,9,0.06,0.0,0.0,100.0
6,5,1,0,4,5,9,0.0903,6.6,0.4,93.0
13,12,0,0,3,4,8,0.5161,42.4,3.6,54.0
10,7,1,0,4,8,8,0.4275,3.8,1.4,94.8
9,8,1,0,3,2,8,0.351,50.8,1.8,47.4
14,8,0,0,4,7,8,0.3772,12.0,0.4,87.6
13,13,0,1,5,4,8,0.5232,36.4,0.4,63.2
6,6,0,1,5,2,7,0.5659,36.8,0.4,62.8
13,5,0,0,0,4,0,0.0,15.4,2.8,81.8
12,10,1,0,4,4,9,0.0477,25.6,0.0,74.4
12,9,0,0,4,7,9,0.0421,4.0,5.0,91.0
8,5,1,0,4,7,9,0.0495,19.2,1.2,79.6
13,5,0,0,3,7,8,0.2884,12.6,0.2,87.2
14,2,1,0,3,3,8,0.3407,21.0,5.6,73.4
10,5,0,0,0,2,0,0.0,26.4,4.0,69.6
12,4,0,0,5,5,9,0.0935,0.0,0.0,100.0
14,11,0,0,5,1,9,0.1479,33.2,1.6,65.2
7,3,0,0,3,1,5,0.7846,86.4,6.4,7.2
5,2,0,0,3,1,9,0.0054,19.4,7.6,73.0
13,7,0,0,4,2,8,0.425,34.2,1.6,64.2
13,7,0,0,3,1,8,0.3357,64.6,2.8,32.6
10,7,0,0,5,4,8,0.4219,9.4,3.4,87.2
8,7,1,0,4,4,8,0.2916,16.8,1.0,82.2
2,2,0,1,4,8,7,0.56,4.4,0.0,95.6
5,4,0,0,0,8,0,0.0,8.0,1.8,90.2
11,8,1,0,4,7,8,0.3567,3.4,2.4,94.2
10,7,0,0,0,4,0,0.0,17.0,3.8,79.2
11,8,0,0,0,3,0,0.0,25.2,4.2,70.6
6,4,0,0,0,3,0,0.0,19.8,4.2,76.0
11,5,0,0,0,2,0,0.0,27.6,4.0,68.4
3,2,0,0,5,7,7,0.5557,8.8,0.2,91.0
4,2,0,0,5,6,8,0.2448,0.0,0.0,100.0
14,4,0,0,3,2,8,0.2289,24.2,8.2,67.6
10,4,0,0,5,5,8,0.3251,0.0,0.0,100.0
14,7,0,0,0,4,0,0.0,19.6,3.2,77.2
4,2,0,0,4,8,9,0.0461,0.0,0.0,100.0
11,3,0,0,0,3,0,0.0,17.6,2.0,80.4
6,3,1,0,4,8,7,0.6123,0.2,2.2,97.6
4,3,0,0,4,2,8,0.2296,28.6,4.4,67.0
8,2,0,0,3,1,9,0.0529,21.8,5.8,72.4
9,8,0,0,3,3,9,0.0696,20.4,1.2,78.4
12,5,0,0,0,6,0,0.0,8.4,2.2,89.4
11,3,0,0,5,4,8,0.1819,0.0,0.0,100.0
10,5,0,0,3,4,7,0.601,55.0,2.4,42.6
9,2,0,0,3,7,9,0.0122,1.8,0.6,97.6
13,10,1,0,4,8,8,0.4267,3.2,1.8,95.0
12,2,0,0,3,7,8,0.4634,1.4,1.6,97.0
10,10,0,1,5,2,3,0.9712,96.6,0.0,3.4
13,7,0,0,0,4,0,0.0,17.8,4.4,77.8
10,2,0,0,5,1,9,0.0879,11.4,2.6,86.0
12,6,0,0,5,5,7,0.6603,0.8,1.2,98.0
7,3,1,0,5,7,7,0.6485,0.0,1.2,98.8
12,6,0,0,3,1,8,0.4191,46.0,4.8,49.2
11,8,0,0,0,3,0,0.0,27.2,3.6,69.2
11,5,0,0,4,6,8,0.5092,2.8,0.0,97.2
12,8,1,0,0,8,0,0.0,14.4,1.6,84.0
4,2,0,0,5,1,5,0.7844,83.0,10.0,7.0
14,14,0,1,3,3,8,0.5365,64.0,1.2,34.8
13,12,0,0,0,8,0,0.0,15.2,2.6,82.2
10,7,0,0,5,5,7,0.573,6.2,4.0,89.8
12,6,0,0,4,1,8,0.4874,70.4,3.2,26.4
9,4,0,0,0,3,0,0.0,14.6,3.2,82.2
13,12,1,0,4,5,9,0.096,3.2,0.0,96.8
5,3,1,0,4,6,8,0.2198,6.0,1.4,92.6
13,11,0,0,5,2,7,0.6492,89.0,1.4,9.6
7,4,0,0,3,2,8,0.2309,35.6,6.4,58.0
12,3,0,0,5,6,7,0.6343,22.8,3.8,73.4
14,9,1,0,5,8,8,0.4362,0.0,0.0,100.0
14,7,0,0,5,3,7,0.6603,84.6,1.2,14.2
12,7,0,0,5,3,8,0.515,3.8,0.6,95.6
14,8,0,0,0,8,0,0.0,12.4,2.8,84.8
12,4,0,0,3,3,8,0.4788,45.8,6.2,48.0
14,5,0,0,5,5,7,0.6132,18.4,1.0,80.6
7,4,0,0,4,7,5,0.7848,35.8,4.6,59.6
11,8,0,0,4,7,8,0.4613,16.4,1.0,82.6
13,3,1,0,0,2,0,0.0,34.6,3.8,61.6
13,4,0,0,0,6,0,0.0,10.0,2.4,87.6
12,9,0,0,4,1,8,0.2164,34.4,4.2,61.4
6,5,0,0,5,5,8,0.2745,2.8,0.6,96.6
12,3,0,0,0,8,0,0.0,6.0,3.6,90.4
13,8,0,0,5,7,5,0.7854,35.0,57.8,7.2
11,3,0,0,0,1,0,0.0,42.0,6.6,51.4
14,7,1,0,3,3,9,0.1059,20.8,4.0,75.2
12,10,0,0,3,2,8,0.4819,68.0,9.8,22.2
11,4,1,0,4,3,7,0.6084,41.6,8.2,50.2
11,8,0,0,3,8,9,0.1479,10.2,2.6,87.2
13,3,0,0,3,8,9,0.0611,4.2,5.8,90.0
10,3,1,0,4,1,8,0.3248,16.6,3.4,80.0
11,2,1,0,4,1,8,0.1871,55.2,1.4,43.4
12,7,0,0,5,4,3,0.9736,98.2,0.8,1.0
6,5,0,0,3,3,9,0.0295,6.4,2.2,91.4
10,7,0,0,3,7,9,0.059,1.0,2.2,96.8
14,9,0,0,0,1,0,0.0,62.8,2.2,35.0
13,4,0,0,3,1,9,0.0832,33.8,2.8,63.4
14,4,1,0,4,3,9,0.1181,6.8,1.0,92.2
10,5,1,0,5,7,8,0.2793,0.2,0.0,99.8
14,7,1,0,0,8,0,0.0,14.4,3.4,82.2
14,3,0,0,4,8,8,0.2272,8.8,0.2,91.0
13,2,1,0,3,3,7,0.6366,73.0,1.8,25.2
9,4,1,0,3,2,9,0.0038,10.8,2.0,87.2
9,4,0,0,0,8,0,0.0,5.8,2.6,91.6
13,9,1,0,5,4,6,0.7028,2.8,0.8,96.4
14,10,0,0,3,2,8,0.2258,31.4,5.2,63.4
14,2,0,0,3,6,7,0.5602,11.0,4.8,84.2
14,4,0,0,3,4,9,0.1693,13.6,9.2,77.2
13,8,0,0,4,3,7,0.5792,45.0,4.8,50.2
6,3,1,0,4,8,7,0.5914,17.8,2.8,79.4
14,2,0,0,4,8,9,0.1614,1.6,0.2,98.2
6,4,0,0,0,1,0,0.0,33.6,6.8,59.6
11,7,0,0,4,6,8,0.3295,6.6,7.0,86.4
6,5,0,0,3,3,8,0.2621,29.6,11.0,59.4
14,3,0,0,3,4,9,0.1387,8.0,2.0,90.0
10,6,0,0,3,1,9,0.0123,27.8,2.8,69.4
7,4,0,0,0,6,0,0.0,7.0,1.6,91.4
4,2,0,0,5,8,8,0.2566,0.0,0.0,100.0
13,6,1,0,0,1,0,0.0,51.6,3.0,45.4
8,4,1,0,5,3,5,0.7853,28.2,15.8,56.0
14,13,0,0,0,7,0,0.0,18.4,1.8,79.8
13,9,1,0,3,1,6,0.74,95.0,1.0,4.0
12,11,0,0,3,5,9,0.0584,14.6,0.8,84.6
8,6,0,0,4,5,9,0.1142,14.6,0.8,84.6
7,3,0,0,5,4,7,0.5977,3.6,0.4,96.0
12,5,1,0,3,8,9,0.0578,6.0,2.8,91.2
13,12,1,0,5,1,9,0.171,38.0,0.6,61.4
14,9,0,0,4,6,9,0.1138,3.8,0.0,96.2
12,12,0,1,4,7,7,0.6262,30.8,0.0,69.2
13,3,0,0,5,4,8,0.2211,8.0,0.2,91.8
4,2,0,0,5,4,8,0.5319,0.0,0.0,100.0
10,6,0,0,3,7,8,0.2942,11.6,1.4,87.0
13,13,0,1,5,8,8,0.521,6.6,0.2,93.2
5,3,0,0,3,7,8,0.2021,10.4,3.2,86.4
13,2,0,0,4,7,8,0.2787,0.8,0.6,98.6
10,7,1,0,4,3,7,0.6292,27.2,8.6,64.2
13,4,0,0,4,8,9,0.0824,1.0,0.8,98.2
12,6,1,0,0,6,0,0.0,16.6,2.4,81.0
3,2,0,0,4,5,8,0.21,7.8,1.2,91.0
13,4,1,0,5,7,8,0.2225,0.0,0.4,99.6
14,4,0,0,3,7,9,0.1063,3.0,1.4,95.6
8,7,0,0,3,3,9,0.054,7.4,1.0,91.6
14,10,0,0,5,4,8,0.3159,3.2,0.6,96.2
12,4,0,0,3,2,9,0.0354,16.6,2.0,81.4
8,3,0,0,0,1,0,0.0,37.0,5.4,57.6
9,6,0,0,4,2,7,0.5926,80.6,1.2,18.2
11,3,0,0,3,3,9,0.1226,11.2,2.4,86.4
6,4,1,0,0,5,0,0.0,15.4,1.4,83.2
11,10,0,0,0,6,0,0.0,17.0,4.0,79.0
13,7,0,0,5,1,4,0.9413,0.0,76.4,23.6
12,8,0,0,5,8,8,0.3933,0.0,0.0,100.0
12,5,0,0,0,5,0,0.0,11.2,2.6,86.2
9,3,0,0,4,4,9,0.16,0.6,0.6,98.8
13,6,0,0,4,4,9,0.0787,8.4,3.0,88.6
13,10,0,0,3,7,7,0.669,25.2,13.2,61.6
6,4,0,0,0,3,0,0.0,18.2,2.6,79.2
7,3,0,0,4,1,8,0.3238,64.4,0.8,34.8
12,9,0,0,0,7,0,0.0,12.0,3.8,84.2
10,10,0,1,5,8,6,0.7489,11.6,0.0,88.4
9,4,0,0,4,4,8,0.2438,13.6,0.2,86.2
8,8,0,1,4,7,7,0.5954,8.6,0.0,91.4
14,8,0,0,3,1,8,0.3743,72.4,0.4,27.2
12,9,0,0,3,1,9,0.0962,41.6,1.8,56.6
14,7,1,0,5,3,7,0.6442,18.0,0.0,82.0
14,10,0,0,0,8,0,0.0,13.4,1.8,84.8
11,5,0,0,5,5,6,0.7089,0.0,0.0,100.0
9,8,0,0,4,1,9,0.0696,22.4,1.0,76.6
13,7,0,0,3,6,9,0.1534,2.2,2.0,95.8
9,6,0,0,0,1,0,0.0,42.2,4.8,53.0
8,4,0,0,0,5,0,0.0,9.4,2.2,88.4
11,3,0,0,0,5,0,0.0,10.0,1.4,88.6
11,8,0,0,4,8,8,0.4583,0.6,1.4,98.0
13,9,0,0,5,5,8,0.3995,7.2,0.4,92.4
7,5,0,0,4,7,9,0.0629,12.6,1.2,86.2
8,7,1,0,5,4,4,0.9562,0.0,38.4,61.6
13,7,1,0,5,7,9,0.1639,0.0,0.0,100.0
13,6,1,0,5,1,9,0.1,21.6,1.0,77.4
13,10,0,0,4,5,8,0.4952,9.2,3.6,87.2
13,7,0,0,3,8,8,0.3395,16.2,1.2,82.6
13,9,0,0,0,3,0,0.0,26.8,3.8,69.4
9,8,0,0,4,5,8,0.5322,3.8,0.4,95.8
8,6,1,0,4,1,9,0.1132,13.0,1.0,86.0
13,4,0,0,3,8,8,0.4059,1.2,2.2,96.6
13,8,0,0,0,7,0,0.0,11.6,3.8,84.6
6,2,0,0,5,2,7,0.567,30.2,3.8,66.0
12,4,0,0,4,6,9,0.1384,3.4,5.8,90.8
8,4,0,0,5,5,8,0.3738,0.4,0.8,98.8
14,10,0,0,4,4,7,0.6676,40.0,18.4,41.6
12,10,0,0,5,8,8,0.186,0.0,0.0,100.0
13,4,0,0,4,6,8,0.5046,32.2,6.2,61.6
7,4,1,0,0,5,0,0.0,13.2,2.4,84.4
12,2,1,0,4,5,8,0.199,25.8,1.0,73.2
11,7,0,0,4,4,9,0.0198,11.4,0.0,88.6
12,9,0,0,4,2,8,0.4913,51.8,2.0,46.2
8,8,0,1,4,6,8,0.3553,8.8,2.6,88.6
7,3,0,0,0,2,0,0.0,21.6,4.2,74.2
6,2,0,0,5,5,8,0.2001,1.0,0.6,98.4
3,2,0,0,4,8,9,0.0856,0.0,0.0,100.0
11,4,0,0,5,8,8,0.2581,0.0,0.0,100.0
14,8,0,0,3,4,9,0.1675,11.4,2.8,85.8
11,9,0,0,4,4,9,0.0229,5.2,0.0,94.8
13,13,0,1,5,5,2,0.9966,100.0,0.0,0.0
9,9,0,1,0,4,0,0.0,35.0,0.8,64.2
14,7,0,0,0,2,0,0.0,33.8,3.4,62.8
12,9,0,0,3,1,9,0.1686,50.4,4.0,45.6
10,5,0,0,4,2,8,0.2661,29.2,1.0,69.8
11,2,1,0,0,1,0,0.0,44.4,4.8,50.8
7,6,1,0,4,5,8,0.2991,27.8,1.6,70.6
11,9,0,0,3,5,9,0.0607,25.4,3.6,71.0
8,6,0,0,3,1,8,0.3129,65.6,2.4,32.0
13,9,0,0,3,6,8,0.398,15.0,2.0,83.0
7,5,0,0,4,1,8,0.3333,48.0,3.8,48.2
8,5,0,0,3,1,8,0.4731,26.6,11.4,62.0
13,10,1,0,3,6,9,0.0875,9.4,1.0,89.6
14,9,1,0,4,6,6,0.7577,5.2,13.2,81.6
13,5,0,0,3,5,8,0.4993,31.6,7.4,61.0
8,6,0,0,0,5,0,0.0,15.8,2.2,82.0
7,5,0,0,3,7,8,0.42,0.4,1.0,98.6
7,3,0,0,0,3,0,0.0,15.0,3.4,81.6
13,5,1,0,3,4,9,0.0922,14.4,1.6,84.0
14,6,0,0,4,2,7,0.6457,35.6,18.8,45.6
6,3,0,0,5,7,8,0.3861,0.0,0.0,100.0
14,11,1,0,4,2,8,0.5232,28.2,2.4,69.4
4,4,0,1,4,3,8,0.2581,7.8,0.2,92.0
13,7,0,0,4,2,8,0.1898,16.2,3.4,80.4
14,12,0,0,4,4,8,0.3759,11.2,4.4,84.4
14,8,0,0,0,2,0,0.0,39.0,5.2,55.8
5,2,0,0,3,7,9,0.1332,11.2,1.0,87.8
11,2,1,0,5,8,6,0.6942,0.0,0.0,100.0
9,5,0,0,5,4,3,0.9571,46.6,19.6,33.8
14,14,0,1,5,8,8,0.5403,28.0,0.0,72.0
12,5,0,0,5,8,7,0.5689,1.0,1.4,97.6
14,2,0,0,0,7,0,0.0,9.6,3.4,87.0
9,4,0,0,5,2,7,0.5624,40.8,0.8,58.4
10,2,0,0,4,6,7,0.653,4.2,4.2,91.6
6,2,0,0,4,4,9,0.0245,0.2,0.4,99.4
5,3,0,0,5,4,7,0.5616,52.0,0.8,47.2
12,4,0,0,5,6,8,0.4791,24.8,4.8,70.4
3,2,0,0,5,7,8,0.1805,0.0,0.0,100.0
14,9,0,0,0,3,0,0.0,31.0,2.0,67.0
13,4,0,0,5,5,7,0.563,13.8,0.8,85.4
9,5,1,0,5,2,7,0.591,82.2,0.0,17.8
11,10,0,0,5,1,9,0.165,29.8,0.4,69.8
12,10,0,0,0,6,0,0.0,22.0,3.2,74.8
12,8,0,0,4,1,8,0.3636,70.0,0.8,29.2
14,8,0,0,3,5,9,0.1215,13.6,7.6,78.8
12,7,0,0,0,2,0,0.0,32.8,3.8,63.4
14,2,1,0,4,2,7,0.5646,39.6,3.6,56.8
13,7,1,0,5,1,6,0.7711,97.4,0.2,2.4
14,5,0,0,0,6,0,0.0,12.8,3.4,83.8
12,6,0,0,0,1,0,0.0,43.4,4.8,51.8
11,8,0,0,0,2,0,0.0,31.0,4.4,64.6
14,10,1,0,4,2,8,0.5336,50.2,0.6,49.2
8,4,0,0,5,5,7,0.5832,2.8,1.4,95.8
5,4,0,0,4,4,8,0.2469,16.8,8.6,74.6
8,3,0,0,4,5,9,0.0016,8.8,6.6,84.6
12,2,1,0,0,6,0,0.0,15.0,2.6,82.4
8,7,0,0,5,6,7,0.6618,6.2,7.8,86.0
11,5,1,0,5,7,8,0.2753,2.8,1.0,96.2
4,2,1,0,4,3,8,0.351,2.6,0.4,97.0
8,2,0,0,0,3,0,0.0,13.8,3.0,83.2
6,5,1,0,0,7,0,0.0,13.4,3.2,83.4
14,9,0,0,0,4,0,0.0,22.6,3.2,74.2
2,2,0,1,3,1,8,0.1966,42.2,1.4,56.4
13,9,0,0,4,8,8,0.2507,0.6,0.8,98.6
6,2,0,0,0,1,0,0.0,28.8,5.0,66.2
11,2,0,0,0,5,0,0.0,10.0,2.4,87.6
12,6,0,0,0,1,0,0.0,47.6,4.8,47.6
12,9,0,0,5,5,8,0.4807,45.8,1.8,52.4
12,2,0,0,4,2,9,0.1482,13.0,5.4,81.6
12,8,0,0,0,7,0,0.0,9.0,2.8,88.2
14,7,0,0,5,1,8,0.2558,35.0,5.4,59.6
12,5,1,0,0,8,0,0.0,11.2,2.6,86.2
5,4,0,0,0,8,0,0.0,8.6,2.2,89.2
7,6,1,0,5,8,8,0.3022,0.8,0.2,99.0
3,2,0,0,5,5,7,0.6028,0.0,2.8,97.2
12,7,0,0,0,5,0,0.0,16.2,2.4,81.4
14,10,1,0,5,1,7,0.6675,82.6,0.8,16.6
8,4,0,0,3,1,9,0.0106,28.6,3.4,68.0
12,3,0,0,4,4,8,0.4908,28.8,5.6,65.6
14,7,0,0,3,5,9,0.1506,6.6,0.6,92.8
12,2,1,0,5,6,8,0.4757,22.4,1.0,76.6
5,2,0,0,3,5,8,0.29,1.4,3.0,95.6
8,5,0,0,4,1,9,0.06,21.0,6.8,72.2
10,6,0,0,3,8,8,0.3144,7.4,1.4,91.2
13,4,0,0,5,7,8,0.4266,0.0,0.0,100.0
4,2,0,0,0,8,0,0.0,7.6,1.8,90.6
4,3,0,0,3,7,9,0.0708,3.4,0.4,96.2
12,2,1,0,0,2,0,0.0,29.8,3.8,66.4
13,10,0,0,5,5,7,0.669,50.4,1.8,47.8
10,4,1,0,3,5,8,0.4156,18.8,2.6,78.6
14,11,0,0,0,8,0,0.0,18.6,3.0,78.4
10,9,0,0,3,1,7,0.606,86.4,0.2,13.4
9,4,0,0,4,3,9,0.0315,2.6,0.4,97.0
11,5,0,0,5,3,7,0.604,1.0,1.6,97.4
13,5,0,0,4,8,9,0.0872,0.2,0.2,99.6
8,7,0,0,3,4,9,0.1095,29.4,3.8,66.8
9,2,0,0,4,5,7,0.5698,6.2,3.2,90.6
11,3,0,0,0,3,0,0.0,15.0,2.2,82.8
10,2,0,0,4,2,9,0.1154,9.0,2.6,88.4
9,6,0,0,5,2,8,0.4069,26.2,7.4,66.4
6,3,0,0,0,5,0,0.0,11.6,1.6,86.8
9,4,0,0,4,2,9,0.1557,5.4,0.4,94.2
12,4,0,0,4,7,8,0.3019,0.6,1.0,98.4
14,6,0,0,3,4,7,0.658,64.2,1.0,34.8
13,5,0,0,3,8,8,0.2884,8.6,0.6,90.8
5,4,1,0,4,1,8,0.2694,68.6,1.8,29.6
13,9,0,0,5,5,7,0.619,16.0,1.0,83.0
11,5,1,0,5,8,8,0.2802,0.0,0.0,100.0
7,6,0,0,3,6,9,0.1242,1.8,1.6,96.6
8,7,0,0,0,4,0,0.0,17.2,2.8,80.0
14,9,0,0,4,5,8,0.4019,39.2,1.6,59.2
12,11,0,0,4,6,8,0.4524,13.2,8.0,78.8
5,2,0,0,5,6,7,0.5557,1.8,2.0,96.2
12,10,1,0,4,5,8,0.3994,7.8,1.6,90.6
4,2,0,0,4,1,9,0.123,15.6,3.6,80.8
5,3,0,0,5,6,8,0.2804,1.2,0.4,98.4
12,3,1,0,4,7,8,0.2223,7.2,0.6,92.2
13,7,0,0,3,3,9,0.1553,9.8,3.6,86.6
9,6,0,0,3,4,9,0.0949,7.2,1.6,91.2
10,3,1,0,0,4,0,0.0,16.8,2.2,81.0
10,7,0,0,4,4,9,0.0489,9.6,0.6,89.8
11,7,0,0,3,2,7,0.6161,74.4,2.0,23.6
14,6,0,0,4,2,8,0.5387,63.8,4.8,31.4
13,4,0,0,0,6,0,0.0,9.8,3.0,87.2
12,10,0,0,3,2,8,0.4819,62.4,9.2,28.4
6,6,0,1,3,8,8,0.3019,6.6,0.6,92.8
12,9,1,0,3,7,8,0.3921,12.2,2.0,85.8
6,2,1,0,5,8,8,0.4552,0.0,0.0,100.0
10,2,1,0,3,7,8,0.1855,12.2,0.8,87.0
11,4,0,0,4,7,8,0.3873,0.8,0.4,98.8
13,10,0,0,3,2,8,0.4863,30.6,4.4,65.0
5,3,0,0,0,4,0,0.0,12.0,1.8,86.2
11,3,1,0,3,6,8,0.2214,9.2,1.8,89.0
6,3,0,0,0,2,0,0.0,25.0,3.6,71.4
11,4,1,0,5,3,7,0.6557,16.8,0.4,82.8
13,9,0,0,5,5,8,0.2594,0.6,1.6,97.8
5,3,0,0,0,5,0,0.0,7.2,1.2,91.6
14,13,1,0,4,6,8,0.3183,6.4,1.8,91.8
14,5,0,0,4,2,8,0.5275,70.2,5.2,24.6
10,8,0,0,4,4,8,0.4761,5.6,0.8,93.6
12,10,0,0,5,7,7,0.6329,69.8,2.6,27.6
3,2,0,0,0,6,0,0.0,5.6,1.4,93.0
12,2,1,0,3,5,9,0.052,6.0,0.4,93.6
9,4,1,0,3,8,9,0.1213,7.0,2.4,90.6
8,3,1,0,4,6,8,0.2133,7.8,0.4,91.8
13,2,1,0,4,1,8,0.3397,37.0,8.0,55.0
10,9,0,0,5,8,8,0.4349,2.2,0.0,97.8
10,5,0,0,5,1,7,0.5998,71.6,6.2,22.2
7,2,0,0,0,4,0,0.0,10.4,2.0,87.6
10,3,0,0,3,8,9,0.0579,2.8,1.4,95.8
14,3,0,0,3,1,8,0.5415,83.4,2.6,14.0
12,2,0,0,4,7,8,0.479,19.2,5.0,75.8
10,6,0,0,4,5,9,0.1425,0.6,0.0,99.4
12,9,1,0,5,5,8,0.4514,0.0,0.0,100.0
9,2,0,0,0,1,0,0.0,38.2,3.8,58.0
4,2,0,0,4,7,8,0.5024,0.0,0.0,100.0
13,12,1,0,0,6,0,0.0,25.4,2.4,72.2
11,4,1,0,0,3,0,0.0,20.0,2.8,77.2
6,4,1,0,3,8,8,0.3243,1.0,1.2,97.8
9,6,0,0,5,3,7,0.6187,22.6,6.8,70.6
7,3,0,0,3,2,9,0.0225,8.0,2.0,90.0
8,5,0,0,5,7,9,0.1651,0.0,0.0,100.0
3,2,0,0,0,5,0,0.0,8.8,2.6,88.6
8,8,0,1,5,3,6,0.7284,49.0,0.0,51.0
7,4,0,0,0,1,0,0.0,38.6,5.0,56.4
13,5,0,0,4,2,8,0.5193,54.8,4.2,41.0
9,6,1,0,4,6,9,0.1439,0.0,0.2,99.8
13,3,0,0,0,6,0,0.0,10.6,3.6,85.8
14,12,0,0,3,5,7,0.6674,66.8,1.8,31.4
7,6,1,0,4,3,9,0.1671,19.2,1.0,79.8
11,7,1,0,5,4,8,0.3405,7.2,0.2,92.6
9,2,0,0,4,5,8,0.4767,1.0,0.8,98.2
13,13,0,1,5,6,3,0.9751,99.6,0.0,0.4
5,4,0,0,4,2,8,0.2674,46.8,3.8,49.4
12,10,1,0,4,4,7,0.6332,39.8,1.8,58.4
13,7,1,0,5,2,6,0.7754,79.4,7.0,13.6
12,4,0,0,0,5,0,0.0,12.6,2.8,84.6
10,7,0,0,4,2,8,0.2116,13.6,4.8,81.6
8,4,0,0,4,1,8,0.3681,61.4,2.6,36.0
12,12,0,1,0,1,0,0.0,78.6,0.2,21.2
13,10,0,0,3,1,8,0.2789,37.0,5.0,58.0
13,3,0,0,4,4,8,0.4258,15.4,2.2,82.4
12,2,1,0,3,2,8,0.1848,34.2,1.6,64.2
13,3,1,0,3,7,9,0.0988,2.6,1.6,95.8
9,3,0,0,4,7,8,0.2079,8.4,0.0,91.6
13,5,0,0,4,2,8,0.2884,31.8,1.8,66.4
14,6,0,0,3,4,9,0.1304,10.8,3.6,85.6
11,4,0,0,0,6,0,0.0,9.4,5.4,85.2
13,11,0,0,5,2,7,0.6398,46.6,10.8,42.6
8,2,0,0,0,7,0,0.0,4.6,3.2,92.2
14,14,0,1,0,4,0,0.0,53.0,1.0,46.0
6,2,0,0,0,2,0,0.0,19.8,3.0,77.2
9,2,0,0,5,5,8,0.4472,0.0,0.0,100.0
12,5,0,0,4,7,6,0.6924,1.8,4.4,93.8
10,5,0,0,3,4,8,0.2739,25.6,1.2,73.2
8,8,0,1,4,6,8,0.3636,9.4,0.2,90.4
7,6,1,0,0,6,0,0.0,12.4,2.4,85.2
8,7,0,0,0,4,0,0.0,16.0,3.6,80.4
6,3,0,0,5,3,8,0.1965,0.0,0.0,100.0
13,4,0,0,3,6,6,0.694,67.4,3.6,29.0
12,8,0,0,5,2,7,0.6206,0.0,49.6,50.4
14,4,0,0,5,5,8,0.5232,1.0,0.4,98.6
13,9,0,0,3,1,9,0.0947,45.6,1.2,53.2
10,2,0,0,5,1,9,0.1431,14.2,2.8,83.0
8,2,0,0,5,4,8,0.5094,0.0,0.0,100.0
14,13,0,0,4,7,8,0.5201,25.8,1.8,72.4
3,3,0,1,3,6,8,0.2123,7.2,0.0,92.8
14,13,0,0,5,6,5,0.7844,8.2,17.0,74.8
14,11,0,0,3,7,6,0.7572,60.2,6.4,33.4
14,7,0,0,5,4,9,0.1478,1.2,0.0,98.8
7,4,0,0,5,2,9,0.1565,0.0,2.2,97.8
7,6,0,0,3,7,9,0.0804,4.0,1.0,95.0
12,4,1,0,4,1,7,0.6396,65.0,2.4,32.6
13,2,1,0,5,3,8,0.3688,1.2,1.6,97.2
8,4,0,0,3,4,9,0.1094,17.2,3.6,79.2
3,2,0,0,5,3,8,0.2203,5.8,1.8,92.4
12,9,0,0,4,4,9,0.0607,22.0,1.4,76.6
12,12,0,1,4,7,7,0.6316,30.4,0.2,69.4
13,5,0,0,0,8,0,0.0,8.2,3.2,88.6
7,5,0,0,5,8,5,0.7846,92.8,7.2,0.0
6,5,0,0,4,8,9,0.0511,14.0,1.2,84.8
7,3,0,0,4,1,9,0.1462,10.2,6.6,83.2
13,9,1,0,3,8,9,0.0953,6.2,0.8,93.0
10,4,0,0,4,6,8,0.2412,11.8,9.6,78.6
9,6,0,0,3,6,9,0.0389,3.6,2.4,94.0
14,5,0,0,4,7,8,0.2564,1.2,1.4,97.4
5,2,0,0,3,7,8,0.2013,2.6,2.0,95.4
4,2,0,0,3,8,9,0.0513,0.4,0.0,99.6
14,4,0,0,3,4,9,0.1316,5.6,3.6,90.8
10,9,1,0,5,7,8,0.3088,0.0,0.0,100.0
11,3,1,0,4,6,8,0.3153,0.4,1.4,98.2
14,12,0,0,3,7,9,0.1477,8.0,0.6,91.4
14,10,0,0,3,7,7,0.666,23.4,12.2,64.4
10,8,1,0,4,7,9,0.1315,0.8,0.0,99.2
12,3,0,0,3,4,8,0.3917,4.2,4.0,91.8
6,2,1,0,4,4,8,0.5496,14.2,1.6,84.2
6,5,0,0,0,5,0,0.0,14.4,2.4,83.2
7,7,0,1,5,8,6,0.7182,1.0,0.0,99.0
7,6,0,0,0,1,0,0.0,40.0,5.0,55.0
9,2,0,0,0,1,0,0.0,37.0,6.4,56.6
10,5,0,0,5,7,8,0.2793,2.4,0.0,97.6
13,6,0,0,0,3,0,0.0,23.0,4.8,72.2
3,2,1,0,5,8,8,0.5322,0.0,0.0,100.0
6,4,0,0,4,6,8,0.4745,1.2,0.8,98.0
8,2,0,0,0,3,0,0.0,12.4,3.2,84.4
10,10,0,1,3,6,6,0.7482,71.4,0.0,28.6
12,11,0,0,5,6,8,0.3342,0.0,0.0,100.0
11,8,0,0,3,7,8,0.3742,15.6,2.0,82.4
14,6,0,0,3,6,9,0.1052,7.6,8.0,84.4
11,8,0,0,3,8,9,0.1262,14.6,0.6,84.8
13,3,1,0,0,6,0,0.0,13.8,2.6,83.6
5,2,1,0,3,8,9,0.0721,0.8,0.6,98.6
11,5,0,0,5,4,8,0.1804,0.0,0.0,100.0
7,5,0,0,0,6,0,0.0,8.8,2.6,88.6
10,6,0,0,5,4,8,0.2411,0.0,0.2,99.8
10,2,0,0,3,3,7,0.5958,50.2,3.6,46.2
8,4,1,0,4,6,8,0.2375,8.8,1.0,90.2
8,3,0,0,4,1,9,0.0777,25.2,7.2,67.6
12,7,0,0,3,1,9,0.1023,39.0,4.0,57.0
9,5,0,0,4,2,7,0.5909,67.6,2.0,30.4
7,3,1,0,3,1,9,0.126,22.6,8.2,69.2
9,6,1,0,4,3,7,0.6187,21.6,5.6,72.8
8,6,0,0,0,8,0,0.0,10.6,3.4,86.0
8,5,1,0,3,5,4,0.8097,70.0,0.0,30.0
10,2,1,0,3,3,9,0.0458,6.2,0.8,93.0
10,6,0,0,0,4,0,0.0,15.4,3.2,81.4
8,3,0,0,4,6,9,0.1564,0.2,0.0,99.8
14,4,0,0,5,6,7,0.5911,1.8,3.8,94.4
7,6,1,0,5,7,8,0.3181,0.2,0.2,99.6
11,8,0,0,3,7,7,0.5834,13.8,4.0,82.2
11,3,0,0,0,2,0,0.0,26.0,4.6,69.4
7,2,0,0,5,4,9,0.1396,0.0,0.0,100.0
13,3,1,0,5,8,9,0.1622,0.0,0.0,100.0
14,8,0,0,5,4,8,0.4023,3.2,0.2,96.6
9,5,1,0,0,4,0,0.0,19.6,2.0,78.4
9,7,0,0,0,2,0,0.0,28.4,5.2,66.4
7,2,0,0,5,6,8,0.3322,0.0,0.0,100.0
7,4,0,0,4,7,8,0.3285,4.2,0.2,95.6
9,8,0,0,4,7,8,0.2783,7.6,1.4,91.0
12,8,0,0,0,4,0,0.0,18.4,3.2,78.4
10,5,0,0,3,4,8,0.3256,6.2,6.0,87.8
13,3,0,0,5,1,8,0.3774,43.6,8.8,47.6
10,9,0,0,5,8,9,0.1328,0.0,0.0,100.0
10,3,0,0,0,1,0,0.0,41.8,5.6,52.6
5,2,0,0,3,2,8,0.1879,35.8,2.6,61.6
10,4,0,0,3,4,8,0.2645,8.8,4.4,86.8
6,5,0,0,4,8,8,0.2269,0.2,0.2,99.6
9,5,1,0,5,3,7,0.5911,41.0,0.2,58.8
8,2,0,0,5,6,8,0.3259,0.0,0.0,100.0
10,7,1,0,4,6,8,0.2373,8.8,1.4,89.8
14,13,1,0,0,5,0,0.0,30.6,2.6,66.8
10,9,0,0,0,7,0,0.0,13.0,2.0,85.0
13,2,0,0,5,4,7,0.6663,22.4,19.2,58.4
8,7,0,0,4,5,9,0.0821,0.6,0.0,99.4
7,5,0,0,5,6,9,0.1461,0.0,0.0,100.0
13,6,0,0,5,2,5,0.7846,65.2,23.0,11.8
6,2,1,0,3,1,9,0.1012,45.4,9.2,45.4
9,8,0,0,3,4,9,0.0492,14.6,2.6,82.8
6,5,0,0,0,1,0,0.0,39.6,6.2,54.2
10,8,1,0,4,6,9,0.0776,10.8,0.8,88.4
12,10,0,0,3,2,9,0.143,14.8,5.6,79.6
13,9,0,0,4,3,5,0.7854,80.6,8.6,10.8
9,9,0,1,0,4,0,0.0,34.6,0.6,64.8
5,2,0,0,4,3,9,0.0327,0.0,7.8,92.2
9,4,1,0,3,8,8,0.2544,9.6,1.4,89.0
13,12,0,0,0,5,0,0.0,25.0,2.0,73.0
14,5,0,0,4,8,8,0.3137,0.8,0.4,98.8
7,6,0,0,4,7,8,0.3169,7.0,1.0,92.0
12,10,1,0,5,7,9,0.0466,0.0,0.0,100.0
13,10,0,0,5,4,7,0.6364,36.6,1.2,62.2
9,2,0,0,5,7,8,0.1979,0.0,0.0,100.0
14,5,0,0,3,1,8,0.5342,80.0,2.4,17.6
13,2,0,0,3,2,8,0.4279,18.6,10.6,70.8
11,4,0,0,4,7,8,0.4812,1.4,0.8,97.8
10,6,1,0,4,8,9,0.1489,3.0,10.8,86.2
9,3,1,0,3,8,9,0.11,6.6,9.0,84.4
14,11,0,0,0,4,0,0.0,26.2,2.4,71.4
11,11,0,1,4,8,8,0.4418,9.6,0.0,90.4
9,3,0,0,3,5,8,0.4721,3.0,0.8,96.2
8,6,1,0,0,6,0,0.0,13.8,2.0,84.2
14,13,0,0,0,6,0,0.0,23.8,2.8,73.4
12,2,0,0,3,8,7,0.6664,11.8,9.8,78.4
3,2,1,0,4,5,8,0.2238,4.8,2.0,93.2
9,7,1,0,4,4,8,0.175,4.6,0.2,95.2
9,4,1,0,4,6,9,0.0677,2.2,3.4,94.4
12,5,0,0,3,5,9,0.0339,5.6,2.8,91.6
12,8,0,0,0,8,0,0.0,10.0,4.4,85.6
12,6,0,0,0,6,0,0.0,11.4,3.6,85.0
12,8,1,0,0,8,0,0.0,17.6,3.8,78.6
7,5,0,0,0,7,0,0.0,8.6,2.4,89.0
11,6,0,0,4,7,7,0.6134,33.0,1.8,65.2
9,8,1,0,5,1,6,0.7261,96.0,0.4,3.6
9,5,0,0,3,1,8,0.2844,60.2,2.6,37.2
7,5,1,0,5,5,7,0.561,3.2,1.6,95.2
13,2,0,0,4,6,9,0.069,1.2,0.4,98.4
11,6,1,0,5,1,9,0.0844,16.2,0.6,83.2
13,7,1,0,3,6,9,0.1552,3.6,0.6,95.8
14,4,0,0,4,4,9,0.1475,8.0,0.0,92.0
14,5,0,0,5,5,9,0.1685,0.0,0.0,100.0
13,10,0,0,4,1,9,0.0868,31.2,0.4,68.4
5,4,0,0,0,3,0,0.0,17.8,2.4,79.8
13,5,1,0,0,7,0,0.0,13.2,3.4,83.4
6,4,0,0,0,6,0,0.0,9.6,2.4,88.0
9,2,1,0,5,6,5,0.785,39.0,53.2,7.8
14,7,0,0,5,5,8,0.4631,0.4,0.8,98.8
11,3,0,0,5,6,7,0.61,49.2,1.4,49.4
11,9,1,0,3,6,9,0.0564,10.4,2.2,87.4
14,5,1,0,5,7,9,0.143,0.0,0.0,100.0
8,4,0,0,0,8,0,0.0,5.2,2.8,92.0
13,4,0,0,5,3,8,0.5161,53.6,7.2,39.2
9,4,0,0,5,8,7,0.5926,0.4,2.4,97.2
3,2,0,0,5,4,8,0.2211,1.2,0.2,98.6
13,9,0,0,3,5,8,0.5206,27.2,2.8,70.0
6,3,0,0,5,1,8,0.5,2.4,3.0,94.6
11,2,0,0,0,8,0,0.0,6.6,2.4,91.0
6,2,0,0,0,6,0,0.0,6.6,2.6,90.8
13,10,0,0,3,4,9,0.0748,10.8,2.0,87.2
14,3,0,0,3,8,9,0.1406,3.6,1.4,95.0
8,4,0,0,4,8,9,0.0068,4.4,10.6,85.0
13,5,1,0,3,2,9,0.0633,23.4,1.4,75.2
4,2,0,0,5,3,7,0.5571,69.2,0.8,30.0
14,10,0,0,4,8,8,0.199,1.2,1.0,97.8
13,3,0,0,0,3,0,0.0,20.2,3.8,76.0
5,4,0,0,0,3,0,0.0,17.0,4.0,79.0
9,3,0,0,5,7,7,0.6689,0.0,0.2,99.8
14,3,1,0,4,5,9,0.1465,20.2,1.8,78.0
10,6,1,0,0,6,0,0.0,12.6,1.6,85.8
6,2,0,0,3,6,9,0.0163,11.8,3.8,84.4
11,9,0,0,3,5,9,0.0547,6.8,0.2,93.0
8,8,0,1,3,1,8,0.3491,66.0,1.6,32.4
13,11,0,0,5,6,7,0.6352,40.2,1.4,58.4
13,10,1,0,3,1,9,0.088,47.8,4.8,47.4
14,7,0,0,3,8,7,0.5705,14.6,2.6,82.8
11,9,1,0,4,8,7,0.6174,18.8,6.8,74.4
12,2,0,0,5,7,9,0.0915,0.0,0.0,100.0
11,8,0,0,3,4,8,0.4397,35.8,3.4,60.8
14,12,1,0,3,5,8,0.405,17.0,4.2,78.8
7,2,0,0,5,4,6,0.6971,0.0,0.0,100.0
11,8,0,0,4,1,8,0.509,33.2,1.4,65.4
11,8,1,0,4,3,8,0.5407,6.2,3.0,90.8
11,6,0,0,5,6,8,0.4503,15.2,0.8,84.0
9,8,0,0,5,3,7,0.5821,30.0,10.0,60.0
13,5,0,0,3,6,9,0.0903,7.0,2.8,90.2
8,5,0,0,4,4,9,0.0201,1.0,0.2,98.8
11,5,0,0,5,8,8,0.1991,0.0,0.0,100.0
14,2,0,0,4,8,9,0.109,1.2,1.2,97.6
14,13,0,0,5,2,8,0.5539,73.8,0.8,25.4
9,6,0,0,5,2,8,0.2578,1.6,2.2,96.2
6,2,1,0,4,4,7,0.5757,8.6,3.6,87.8
6,4,0,0,0,8,0,0.0,6.2,1.4,92.4
14,9,0,0,3,1,9,0.1205,45.4,2.4,52.2
9,6,1,0,5,1,7,0.5933,66.0,0.6,33.4
8,5,0,0,4,6,8,0.3738,4.0,0.8,95.2
13,5,0,0,3,6,9,0.0903,6.6,2.8,90.6
7,3,0,0,4,7,8,0.4684,7.2,1.0,91.8
14,7,0,0,3,2,8,0.4899,33.4,5.2,61.4
4,4,0,1,5,5,8,0.2521,1.4,0.0,98.6
13,7,0,0,0,6,0,0.0,13.2,4.2,82.6
6,2,1,0,3,7,8,0.2904,11.8,2.8,85.4
12,3,0,0,4,3,9,0.1402,2.6,1.8,95.6
9,2,0,0,0,4,0,0.0,10.6,2.4,87.0
12,10,0,0,3,2,8,0.245,26.8,2.0,71.2
13,11,1,0,3,6,6,0.7554,79.6,5.8,14.6
5,2,1,0,5,8,8,0.2735,0.2,0.0,99.8
3,2,1,0,5,4,7,0.5553,61.0,1.2,37.8
8,5,1,0,0,8,0,0.0,10.8,2.6,86.6
5,4,0,0,3,5,8,0.4418,1.6,0.8,97.6
14,12,0,0,5,2,8,0.5429,47.2,1.4,51.4
10,7,0,0,3,5,9,0.0764,5.8,0.8,93.4
14,12,1,0,0,8,0,0.0,15.2,2.2,82.6
9,7,1,0,0,5,0,0.0,21.0,2.6,76.4
14,12,1,0,5,5,8,0.3464,0.4,0.0,99.6
10,6,0,0,3,3,9,0.0769,18.6,2.4,79.0
12,2,0,0,4,2,8,0.3932,10.2,4.8,85.0
8,3,0,0,5,2,9,0.1217,1.0,0.2,98.8
13,5,0,0,0,2,0,0.0,32.6,2.2,65.2
11,7,0,0,5,6,7,0.6398,0.0,4.4,95.6
14,13,0,0,4,6,8,0.4358,7.0,1.2,91.8
9,7,0,0,3,3,9,0.0852,13.2,2.6,84.2
12,5,0,0,4,6,8,0.361,4.2,4.2,91.6
6,4,0,0,4,7,8,0.3618,0.0,0.2,99.8
7,2,0,0,0,6,0,0.0,5.2,0.8,94.0
7,2,0,0,3,3,9,0.0178,8.4,2.2,89.4
14,10,0,0,5,7,9,0.1699,0.2,0.0,99.8
13,13,0,1,3,4,6,0.7686,78.0,0.0,22.0
14,3,0,0,5,8,5,0.7844,13.0,1.6,85.4
10,4,0,0,3,3,8,0.3255,9.4,3.2,87.4
9,7,0,0,4,1,8,0.1784,28.2,3.6,68.2
12,7,1,0,4,6,8,0.4899,20.0,3.4,76.6
14,12,0,0,4,1,8,0.4913,89.6,0.4,10.0
11,2,0,0,4,3,8,0.2566,4.4,5.8,89.8
14,6,0,0,3,2,8,0.3137,36.6,3.4,60.0
13,4,0,0,4,7,7,0.6395,37.0,2.0,61.0
6,2,0,0,4,2,9,0.0838,0.2,9.8,90.0
9,3,0,0,0,7,0,0.0,6.0,2.2,91.8
13,3,0,0,0,4,0,0.0,17.6,4.4,78.0
14,11,1,0,4,2,9,0.1325,20.8,0.8,78.4
13,6,0,0,4,6,8,0.3969,3.2,0.6,96.2
9,6,0,0,3,3,8,0.2932,34.0,1.4,64.6
13,9,0,0,4,8,8,0.515,28.2,3.6,68.2
11,7,1,0,3,2,9,0.1278,14.2,2.4,83.4
14,13,0,0,3,5,9,0.1506,15.2,0.6,84.2
14,9,0,0,4,3,9,0.1442,18.8,5.2,76.0
14,13,0,0,4,3,8,0.3767,17.6,2.4,80.0
3,2,0,0,0,8,0,0.0,4.8,1.2,94.0
9,6,0,0,5,7,9,0.0607,0.0,0.0,100.0
13,11,1,0,4,4,9,0.0859,6.8,0.4,92.8
5,4,0,0,3,6,8,0.2833,9.0,2.2,88.8
7,3,0,0,0,7,0,0.0,5.8,3.0,91.2
13,12,0,0,3,4,8,0.4279,16.8,3.8,79.4
9,2,1,0,3,4,9,0.1203,7.4,1.2,91.4
10,6,0,0,0,2,0,0.0,24.6,5.4,70.0
14,6,1,0,3,7,8,0.3161,17.0,0.8,82.2
9,3,0,0,4,7,8,0.3334,0.0,0.2,99.8
10,6,1,0,4,4,8,0.1965,16.4,2.8,80.8
13,3,0,0,5,4,8,0.3372,0.0,0.0,100.0
11,6,1,0,0,7,0,0.0,11.0,3.2,85.8
12,10,0,0,5,5,9,0.0607,0.0,0.0,100.0
11,4,0,0,0,7,0,0.0,7.8,5.0,87.2
9,2,1,0,3,7,8,0.48,4.4,2.2,93.4
13,12,0,0,4,2,8,0.5174,66.0,3.2,30.8
5,2,0,0,5,3,5,0.7844,84.4,3.4,12.2
12,3,0,0,5,3,7,0.6351,28.4,10.2,61.4
6,4,0,0,4,1,8,0.1945,9.0,10.2,80.8
8,4,0,0,3,7,9,0.0812,1.4,0.2,98.4
5,3,0,0,5,1,8,0.5161,0.0,21.0,79.0
12,3,0,0,0,6,0,0.0,10.2,4.4,85.4
14,2,0,0,4,6,8,0.2573,7.8,2.4,89.8
13,3,0,0,4,2,9,0.0988,7.0,2.0,91.0
7,4,0,0,5,3,9,0.0572,0.0,0.0,100.0
2,2,0,1,4,8,6,0.6774,63.0,0.0,37.0
10,5,1,0,4,8,8,0.2853,6.0,0.2,93.8
13,3,0,0,4,6,8,0.3401,1.2,1.6,97.2
13,8,0,0,3,3,8,0.3672,39.2,1.2,59.6
11,7,0,0,4,2,7,0.5848,43.4,4.4,52.2
9,8,1,0,3,4,8,0.3758,18.0,2.8,79.2
10,2,1,0,4,3,9,0.0769,7.4,3.8,88.8
14,3,0,0,5,4,7,0.6,7.4,8.8,83.8
13,12,0,0,5,4,9,0.1002,0.0,0.0,100.0
10,9,1,0,5,4,4,0.9187,69.4,0.0,30.6
14,8,0,0,5,6,8,0.5528,30.0,14.4,55.6
10,9,1,0,0,5,0,0.0,22.2,2.0,75.8
13,6,0,0,0,6,0,0.0,17.6,3.0,79.4
8,2,1,0,3,5,8,0.387,5.6,1.4,93.0
13,11,1,0,3,6,8,0.508,55.8,2.2,42.0
13,12,0,0,3,2,8,0.5137,64.8,2.2,33.0
4,2,1,0,5,6,8,0.1989,0.8,0.6,98.6
8,7,1,0,5,6,8,0.359,3.0,0.0,97.0
10,2,0,0,3,3,8,0.19,23.0,2.0,75.0
14,9,1,0,5,7,8,0.5446,30.6,2.0,67.4
14,6,0,0,4,7,8,0.5536,20.4,8.6,71.0
13,7,0,0,4,4,9,0.0749,7.8,4.0,88.2
11,3,1,0,5,8,8,0.1867,0.0,0.0,100.0
11,2,0,0,0,5,0,0.0,9.6,3.2,87.2
7,7,0,1,0,3,0,0.0,34.4,1.0,64.6
13,9,1,0,0,5,0,0.0,19.4,2.8,77.8
12,11,0,0,5,8,9,0.171,0.0,0.0,100.0
11,8,0,0,0,7,0,0.0,13.2,2.8,84.0
13,5,1,0,4,1,9,0.1573,40.6,2.6,56.8
11,8,0,0,0,5,0,0.0,12.0,1.8,86.2
14,2,0,0,4,3,8,0.1939,7.4,4.8,87.8
13,4,0,0,3,1,9,0.07,23.8,7.4,68.8
10,3,0,0,4,4,8,0.5406,2.2,1.4,96.4
13,5,0,0,5,6,8,0.2183,0.0,0.0,100.0
7,2,1,0,0,7,0,0.0,9.0,0.8,90.2
13,11,0,0,3,1,8,0.511,82.6,1.0,16.4
9,3,1,0,5,2,8,0.377,1.4,1.6,97.0
11,10,0,0,0,3,0,0.0,32.0,2.6,65.4
4,2,0,0,4,4,9,0.0084,4.0,3.2,92.8
9,5,0,0,3,8,8,0.3968,8.4,2.2,89.4
6,5,0,0,5,7,7,0.6241,0.0,0.0,100.0
9,3,0,0,5,2,7,0.5879,76.4,0.8,22.8
10,5,1,0,5,7,7,0.6513,0.2,0.0,99.8
12,11,0,0,4,8,9,0.0608,14.8,2.2,83.0
5,4,0,0,0,8,0,0.0,8.0,3.8,88.2
12,9,0,0,5,6,7,0.5954,5.0,3.2,91.8
8,2,0,0,5,8,8,0.3588,1.0,0.0,99.0
10,6,0,0,4,8,9,0.0586,0.0,0.0,100.0
4,2,0,0,5,4,5,0.7848,19.2,19.2,61.6
5,2,0,0,5,6,7,0.5557,1.0,2.4,96.6
12,4,1,0,3,7,9,0.1014,34.6,1.4,64.0
4,4,0,1,0,5,0,0.0,16.8,0.4,82.8
14,4,0,0,3,3,9,0.1529,13.6,3.6,82.8
14,12,0,0,4,2,7,0.6265,73.8,2.0,24.2
6,2,1,0,0,1,0,0.0,36.2,3.8,60.0
6,3,0,0,5,3,8,0.4761,0.0,0.2,99.8
5,2,1,0,4,1,9,0.0675,5.2,3.4,91.4
12,10,0,0,0,4,0,0.0,24.4,3.0,72.6
6,4,0,0,3,1,8,0.3019,54.8,2.6,42.6
3,3,0,1,4,2,7,0.5552,30.8,0.0,69.2
11,2,0,0,3,3,9,0.1301,7.2,2.6,90.2
14,12,0,0,5,8,7,0.6588,29.2,2.2,68.6
7,5,0,0,3,7,5,0.7849,47.0,12.6,40.4
11,5,0,0,3,1,8,0.4152,34.0,5.6,60.4
8,2,0,0,0,3,0,0.0,15.2,3.8,81.0
12,7,0,0,0,7,0,0.0,10.0,4.0,86.0
11,4,0,0,0,6,0,0.0,5.4,3.4,91.2
12,9,1,0,5,7,8,0.4917,7.4,0.6,92.0
5,4,0,0,0,4,0,0.0,14.8,2.6,82.6
6,4,0,0,3,1,8,0.2934,49.2,4.6,46.2
13,3,0,0,4,4,8,0.5047,44.8,6.2,49.0
5,4,0,0,5,6,7,0.5631,42.4,1.2,56.4
12,10,0,0,4,2,9,0.0977,14.8,0.0,85.2
13,8,1,0,3,2,8,0.3649,59.6,1.2,39.2
9,3,1,0,5,4,6,0.6809,83.2,2.0,14.8
13,11,0,0,5,7,7,0.6691,28.2,1.2,70.6
6,4,1,0,5,7,5,0.7846,75.4,5.4,19.2
8,2,1,0,0,1,0,0.0,40.2,4.6,55.2
13,4,0,0,3,7,7,0.563,7.6,3.2,89.2
8,5,1,0,5,2,9,0.147,0.6,1.4,98.0
14,4,0,0,4,5,9,0.1207,2.0,0.6,97.4
13,8,0,0,4,4,9,0.1536,7.6,4.2,88.2
11,11,0,1,3,5,8,0.4371,14.6,0.4,85.0
7,2,0,0,3,3,8,0.3289,19.6,5.6,74.8
14,4,0,0,3,8,8,0.1935,9.0,3.0,88.0
6,4,0,0,5,4,7,0.5675,51.0,1.4,47.6
11,9,1,0,4,5,7,0.6179,44.2,1.6,54.2
8,6,0,0,0,8,0,0.0,6.8,2.6,90.6
8,6,0,0,4,1,8,0.417,18.6,6.4,75.0
7,5,0,0,4,4,9,0.1687,7.0,0.6,92.4
3,2,0,0,5,7,8,0.1919,0.0,0.0,100.0
4,3,1,0,3,6,9,0.0198,0.8,1.4,97.8
3,2,0,0,5,3,7,0.6382,11.4,6.2,82.4
11,4,0,0,5,6,5,0.7844,33.6,45.4,21.0
5,2,0,0,3,6,9,0.004,1.4,2.6,96.0
12,3,0,0,0,3,0,0.0,16.8,4.0,79.2
7,4,0,0,4,4,9,0.0871,0.2,0.4,99.4
12,8,0,0,0,4,0,0.0,17.8,3.4,78.8
11,3,0,0,3,3,9,0.0165,13.2,5.0,81.8
8,2,1,0,4,3,8,0.1813,20.0,3.4,76.6
13,6,0,0,0,5,0,0.0,14.6,2.2,83.2
13,4,0,0,0,2,0,0.0,32.8,3.2,64.0
11,5,0,0,3,4,9,0.0789,7.6,2.4,90.0
8,2,0,0,3,4,7,0.5768,50.0,1.4,48.6
7,3,0,0,4,3,8,0.4865,2.2,4.4,93.4
12,3,0,0,0,4,0,0.0,17.6,3.2,79.2
10,9,0,0,3,1,8,0.355,32.8,6.2,61.0
11,9,0,0,5,8,3,0.9686,63.8,35.6,0.6
4,3,0,0,4,5,7,0.5976,7.4,2.8,89.8
12,9,1,0,5,2,9,0.1442,6.2,0.2,93.6
11,6,0,0,5,1,9,0.0557,13.8,1.2,85.0
11,5,0,0,4,6,8,0.4464,18.0,4.0,78.0
3,3,0,1,3,2,8,0.2251,26.6,0.6,72.8
9,4,0,0,4,2,8,0.2339,18.0,5.8,76.2
12,5,0,0,0,1,0,0.0,47.8,3.6,48.6
6,3,1,0,5,7,7,0.6544,0.6,1.6,97.8
14,8,0,0,4,8,9,0.14,1.8,0.4,97.8
12,8,1,0,0,1,0,0.0,52.4,3.6,44.0
4,3,0,0,5,1,8,0.3001,0.0,11.4,88.6
11,2,1,0,3,4,9,0.0218,3.0,1.4,95.6
9,3,0,0,0,8,0,0.0,3.2,4.2,92.6
12,11,1,0,4,3,9,0.1048,24.6,1.4,74.0
11,9,0,0,0,7,0,0.0,10.6,2.6,86.8
10,7,0,0,0,2,0,0.0,30.2,5.0,64.8
13,5,0,0,3,1,9,0.1545,47.2,5.0,47.8
10,7,0,0,0,8,0,0.0,8.4,2.0,89.6
12,5,1,0,3,3,9,0.0433,5.6,1.6,92.8
8,3,0,0,0,8,0,0.0,4.4,2.6,93.0
9,4,1,0,5,4,5,0.7849,49.6,37.6,12.8
11,2,0,0,4,1,9,0.1016,24.8,2.4,72.8
9,8,0,0,5,6,9,0.0852,0.0,0.0,100.0
12,4,1,0,0,3,0,0.0,23.0,3.2,73.8
10,5,0,0,0,5,0,0.0,10.8,3.2,86.0
10,9,0,0,5,6,7,0.6232,0.0,0.0,100.0
6,4,0,0,4,6,9,0.1454,0.0,0.0,100.0
13,9,0,0,0,1,0,0.0,57.8,2.6,39.6
11,2,1,0,4,4,9,0.0241,21.4,0.0,78.6
11,7,0,0,4,1,8,0.241,25.0,4.2,70.8
12,7,1,0,3,5,8,0.4837,10.8,4.2,85.0
10,7,0,0,0,4,0,0.0,16.2,2.2,81.6
14,4,1,0,0,8,0,0.0,12.2,4.8,83.0
14,6,0,0,4,1,9,0.1504,37.6,1.0,61.4
12,6,0,0,0,5,0,0.0,11.0,2.0,87.0
13,7,0,0,5,3,5,0.7848,62.2,28.4,9.4
9,8,0,0,0,3,0,0.0,23.0,4.4,72.6
9,3,0,0,0,6,0,0.0,7.0,1.8,91.2
11,3,0,0,0,6,0,0.0,10.8,2.8,86.4
12,8,0,0,3,1,8,0.4846,77.0,3.6,19.4
12,10,0,0,3,7,8,0.5247,11.4,6.6,82.0
11,7,0,0,0,1,0,0.0,47.2,3.8,49.0
9,5,1,0,5,8,8,0.2635,0.0,0.0,100.0
10,7,0,0,3,4,8,0.3835,11.2,2.6,86.2
11,9,0,0,4,8,7,0.5642,2.8,3.2,94.0
12,2,0,0,0,1,0,0.0,46.8,4.4,48.8
11,4,0,0,3,5,8,0.4223,3.8,4.2,92.0
11,4,0,0,5,6,8,0.2703,0.0,0.0,100.0
9,4,0,0,4,3,9,0.149,1.8,10.8,87.4
11,8,0,0,5,1,8,0.45,72.6,0.2,27.2
7,6,0,0,5,4,7,0.5819,0.0,0.8,99.2
14,2,0,0,5,1,9,0.1579,28.0,3.0,69.0
10,10,0,1,5,2,6,0.7487,91.8,0.0,8.2
9,4,0,0,3,2,8,0.4729,16.2,5.4,78.4
14,11,0,0,3,5,9,0.1443,12.0,0.8,87.2
13,8,1,0,5,5,8,0.3774,10.4,0.6,89.0
12,5,0,0,0,5,0,0.0,11.8,3.8,84.4
8,8,0,1,3,8,7,0.5784,15.2,0.0,84.8
10,6,0,0,4,2,9,0.0879,7.8,0.8,91.4
9,7,0,0,4,7,9,0.0701,6.0,0.4,93.6
14,14,0,1,5,4,8,0.5515,55.2,0.2,44.6
12,7,0,0,5,7,9,0.1422,0.0,0.0,100.0
8,4,0,0,4,8,8,0.5139,0.4,0.2,99.4
8,4,1,0,5,3,7,0.5954,30.6,11.2,58.2
10,9,0,0,3,7,8,0.2668,3.8,1.6,94.6
11,4,0,0,3,5,9,0.0876,7.2,2.6,90.2
11,9,0,0,5,3,7,0.6069,30.2,1.2,68.6
9,7,1,0,0,8,0,0.0,14.0,2.6,83.4
6,4,0,0,5,4,5,0.7845,95.8,4.2,0.0
12,6,0,0,4,1,9,0.0511,28.8,0.6,70.6
13,10,0,0,4,5,8,0.5218,29.4,2.2,68.4
14,6,0,0,0,8,0,0.0,9.6,2.8,87.6
5,3,0,0,5,3,9,0.1402,0.0,0.0,100.0
13,9,0,0,0,3,0,0.0,24.0,2.6,73.4
12,2,0,0,3,5,9,0.1344,1.8,1.2,97.0
13,11,0,0,5,2,8,0.5092,44.8,0.4,54.8
13,7,0,0,0,7,0,0.0,10.8,2.2,87.0
12,5,0,0,3,1,9,0.0346,48.8,0.6,50.6
7,3,0,0,3,1,8,0.2237,52.2,3.8,44.0
7,2,0,0,3,2,8,0.1906,29.4,4.2,66.4
11,10,0,0,3,7,7,0.6203,26.4,6.6,67.0
6,2,0,0,3,3,7,0.5638,54.0,2.0,44.0
12,9,0,0,3,6,9,0.0386,4.6,2.6,92.8
6,5,0,0,0,2,0,0.0,22.0,2.6,75.4
13,4,0,0,5,8,7,0.6367,14.0,16.0,70.0
14,8,0,0,5,7,8,0.3139,0.0,0.0,100.0
14,3,0,0,3,5,9,0.125,2.4,2.0,95.6
4,2,1,0,0,7,0,0.0,11.8,3.4,84.8
11,2,0,0,0,6,0,0.0,10.0,3.0,87.0
4,2,0,0,4,8,5,0.7845,60.2,12.2,27.6
13,3,0,0,4,3,8,0.3081,7.8,3.8,88.4
10,4,0,0,3,8,9,0.1589,0.8,0.8,98.4
6,5,0,0,3,2,9,0.0348,32.8,2.4,64.8
14,3,1,0,4,6,9,0.1415,1.4,0.2,98.4
9,7,0,0,3,4,8,0.234,10.8,3.2,86.0
10,6,1,0,5,6,7,0.6541,0.0,0.4,99.6
11,11,0,1,3,6,8,0.4577,31.0,0.6,68.4
14,13,0,0,4,2,9,0.1699,26.6,0.4,73.0
14,11,0,0,3,2,8,0.5225,40.2,3.2,56.6
10,7,0,0,3,7,8,0.4162,14.0,2.0,84.0
7,4,0,0,0,5,0,0.0,11.0,2.4,86.6
7,4,0,0,4,3,6,0.6914,80.2,6.0,13.8
6,2,0,0,4,1,8,0.3058,59.0,3.2,37.8
9,2,0,0,4,8,8,0.3074,0.0,0.2,99.8
13,5,1,0,3,6,8,0.2888,16.4,1.8,81.8
9,8,1,0,3,4,8,0.3802,33.0,1.6,65.4
14,6,0,0,5,3,9,0.1242,2.0,0.2,97.8
11,2,0,0,3,2,8,0.1861,21.6,3.0,75.4
7,5,1,0,5,6,8,0.3244,7.6,0.6,91.8
11,2,1,0,5,6,8,0.4629,10.0,1.2,88.8
11,10,0,0,5,5,8,0.5113,0.0,0.0,100.0
11,5,0,0,4,2,9,0.1489,19.2,6.8,74.0
11,10,0,0,0,2,0,0.0,36.2,2.8,61.0
13,3,0,0,4,2,8,0.5048,62.0,5.6,32.4
13,11,0,0,4,6,9,0.0789,2.2,2.0,95.8
14,11,0,0,5,2,5,0.7856,69.8,25.0,5.2
5,4,0,0,4,4,9,0.0935,7.6,0.4,92.0
8,8,0,1,3,1,7,0.6169,68.6,0.8,30.6
8,4,0,0,3,5,8,0.2577,11.6,2.4,86.0
4,2,0,0,4,1,9,0.1583,2.2,10.0,87.8
10,3,1,0,3,7,9,0.0133,1.8,2.8,95.4
10,2,0,0,5,4,7,0.5982,6.0,3.2,90.8
13,11,0,0,4,8,9,0.165,7.8,0.2,92.0
12,9,0,0,4,3,8,0.4219,15.4,1.2,83.4
14,7,0,0,4,1,9,0.1085,41.4,1.4,57.2
12,4,0,0,4,8,9,0.1408,1.6,5.6,92.8
11,6,0,0,0,3,0,0.0,20.0,3.8,76.2
10,3,0,0,0,5,0,0.0,9.0,1.8,89.2
3,2,1,0,4,1,8,0.1907,45.6,3.6,50.8
14,7,0,0,3,4,9,0.1119,7.0,3.2,89.8
9,7,1,0,0,8,0,0.0,15.6,2.2,82.2
3,2,0,0,0,6,0,0.0,7.4,1.6,91.0
9,8,0,0,3,1,8,0.3913,65.6,3.4,31.0
13,2,0,0,5,7,8,0.5169,16.6,6.4,77.0
10,3,0,0,0,7,0,0.0,5.0,3.0,92.0
9,5,0,0,0,4,0,0.0,11.6,4.6,83.8
14,3,0,0,3,6,9,0.1296,10.0,1.0,89.0
12,11,0,0,3,4,8,0.1865,12.0,1.8,86.2
8,2,1,0,5,1,8,0.4906,7.4,3.4,89.2
9,7,0,0,5,5,9,0.1002,0.0,0.0,100.0
13,6,0,0,5,7,8,0.5504,0.0,0.0,100.0
14,4,0,0,0,7,0,0.0,10.6,4.4,85.0
8,3,0,0,5,3,8,0.4523,0.2,0.4,99.4
13,8,0,0,3,4,9,0.1631,12.8,3.8,83.4
10,2,0,0,0,8,0,0.0,5.4,2.2,92.4
14,2,0,0,3,4,9,0.1194,10.8,1.6,87.6
14,8,1,0,5,8,8,0.5247,0.0,0.2,99.8
13,11,0,0,3,1,9,0.1632,55.4,2.4,42.2
13,7,1,0,4,3,8,0.3478,20.4,0.8,78.8
5,3,0,0,0,4,0,0.0,13.6,1.8,84.6
13,2,1,0,5,7,3,0.9601,5.0,7.6,87.4
10,2,0,0,3,3,9,0.073,4.2,1.4,94.4
5,3,0,0,0,6,0,0.0,9.6,2.0,88.4
12,7,0,0,5,3,9,0.1478,0.8,0.2,99.0
14,13,0,0,3,8,9,0.1626,12.2,0.8,87.0
7,4,0,0,5,8,8,0.325,0.4,0.4,99.2
14,4,0,0,3,4,9,0.1126,9.4,3.0,87.6
11,9,0,0,5,7,8,0.5233,0.0,0.0,100.0
9,6,0,0,4,1,9,0.0142,25.6,3.4,71.0
14,11,0,0,5,5,9,0.1631,0.8,0.0,99.2
14,12,1,0,5,4,9,0.1699,2.2,0.6,97.2
13,4,1,0,4,5,9,0.069,1.8,0.0,98.2
14,7,1,0,5,5,9,0.1284,0.4,0.0,99.6
14,9,0,0,5,2,8,0.5457,71.2,1.2,27.6
3,2,0,0,4,5,9,0.0052,3.2,0.4,96.4
14,10,0,0,3,6,8,0.4295,31.2,1.6,67.2
11,10,1,0,5,2,8,0.364,9.2,0.8,90.0
9,6,0,0,4,4,9,0.1274,11.6,0.0,88.4
14,2,1,0,3,4,8,0.2877,10.6,5.6,83.8
13,11,1,0,4,8,8,0.5523,2.2,0.2,97.6
11,10,0,0,0,2,0,0.0,37.4,3.4,59.2
11,6,0,0,4,1,8,0.2388,31.6,4.6,63.8
12,10,1,0,3,3,9,0.1412,16.4,2.4,81.2
11,2,1,0,4,4,8,0.4937,2.8,3.6,93.6
14,10,1,0,3,3,8,0.5453,66.8,4.2,29.0
7,7,0,1,3,4,8,0.3352,24.4,1.2,74.4
10,8,0,0,4,1,8,0.4317,62.2,2.4,35.4
13,11,1,0,3,3,9,0.0839,45.0,0.8,54.2
9,3,0,0,5,6,6,0.7448,0.0,0.0,100.0
14,2,0,0,3,4,9,0.166,9.4,1.6,89.0
11,7,0,0,4,7,8,0.4641,8.2,1.8,90.0
14,3,1,0,4,7,9,0.1211,19.2,0.6,80.2
7,6,1,0,0,6,0,0.0,17.2,1.8,81.0
10,5,0,0,4,4,7,0.5821,14.4,5.2,80.4
5,4,0,0,0,2,0,0.0,23.0,4.6,72.4
10,6,1,0,0,1,0,0.0,46.4,3.0,50.6
14,12,0,0,3,6,9,0.1354,3.6,1.0,95.4
11,9,1,0,3,6,8,0.4558,49.0,1.4,49.6
14,14,0,1,0,6,0,0.0,43.2,0.8,56.0
10,7,1,0,5,7,8,0.4164,9.0,0.4,90.6
7,3,1,0,4,7,9,0.1085,2.8,4.6,92.6
10,2,0,0,5,6,5,0.7854,38.6,55.4,6.0
14,2,1,0,5,8,8,0.5406,14.8,6.8,78.4
14,11,0,0,4,4,8,0.4337,11.8,2.8,85.4
5,4,1,0,0,7,0,0.0,11.6,1.6,86.8
4,3,0,0,4,8,8,0.296,0.0,0.0,100.0
14,3,0,0,5,1,7,0.6581,75.8,1.8,22.4
10,7,0,0,5,6,8,0.429,0.0,0.0,100.0
11,10,0,0,5,1,2,0.9933,100.0,0.0,0.0
14,8,0,0,5,4,9,0.165,0.6,0.4,99.0
5,4,0,0,0,2,0,0.0,21.2,2.2,76.6
11,10,0,0,3,2,9,0.1315,20.6,1.8,77.6
12,4,0,0,5,8,7,0.6603,0.0,0.2,99.8
13,12,0,0,5,7,8,0.4857,0.2,0.0,99.8
12,3,0,0,3,1,9,0.1331,45.0,3.4,51.6
11,5,0,0,3,1,9,0.1305,31.4,2.8,65.8
8,5,1,0,3,7,8,0.3506,10.0,11.8,78.2
12,11,0,0,5,5,8,0.4228,0.0,0.0,100.0
9,4,0,0,5,4,8,0.4053,11.8,4.0,84.2
4,2,0,0,5,6,9,0.1577,0.0,0.0,100.0
13,3,0,0,5,6,8,0.2813,0.0,0.2,99.8
8,4,0,0,5,6,8,0.3759,0.4,0.8,98.8
9,2,0,0,3,7,8,0.3949,16.2,3.4,80.4
14,6,0,0,0,3,0,0.0,27.8,3.0,69.2
14,2,1,0,5,1,8,0.3756,41.6,3.6,54.8
13,9,0,0,0,8,0,0.0,12.6,3.6,83.8
10,3,0,0,4,3,8,0.4522,3.8,3.2,93.0
5,3,1,0,0,8,0,0.0,11.2,2.4,86.4
12,9,1,0,0,6,0,0.0,19.4,2.4,78.2
8,3,1,0,5,4,7,0.5772,13.0,3.4,83.6
12,11,0,0,4,5,9,0.0541,7.4,0.2,92.4
8,2,0,0,3,2,9,0.0091,10.4,1.4,88.2
13,11,0,0,0,6,0,0.0,21.2,2.8,76.0
12,3,0,0,5,3,8,0.2889,6.0,6.0,88.0
10,5,0,0,5,5,8,0.3393,0.0,0.0,100.0
13,5,0,0,5,2,9,0.0696,3.4,0.2,96.4
6,4,0,0,0,7,0,0.0,8.6,2.2,89.2
13,7,0,0,5,5,8,0.5497,1.2,0.4,98.4
11,7,1,0,5,6,8,0.4631,8.6,3.2,88.2
11,6,0,0,3,3,9,0.0571,15.0,5.8,79.2
13,7,0,0,5,6,3,0.9752,96.2,1.6,2.2
4,4,0,1,3,4,8,0.2322,15.8,0.2,84.0
14,12,0,0,4,1,9,0.1356,30.4,7.0,62.6
11,10,0,0,3,3,8,0.4457,50.2,2.6,47.2
13,12,0,0,4,4,9,0.1668,5.2,0.2,94.6
