hole_card_1,hole_card_2,board_card_1,board_card_2,board_card_3,board_card_4,board_card_5,street,num_opponents,win_pct,tie_pct,loss_pct
4h,7c,8h,2c,7h,Jd,6s,5,2,31.8,2.6,65.6
Kc,2s,,,,,,0,6,8.4,3.0,88.6
3d,4h,4s,2h,8d,,,3,1,54.8,3.6,41.6
Ts,2c,2h,9h,4c,3h,Jh,5,3,1.6,0.0,98.4
4s,6d,,,,,,0,4,12.6,2.2,85.2
8c,As,6d,9s,3c,,,3,5,7.2,2.4,90.4
Kh,Qc,5d,6c,3d,5s,,4,8,2.8,0.4,96.8
Qd,8s,,,,,,0,6,12.6,3.2,84.2
Kh,6d,,,,,,0,4,16.2,4.6,79.2
Jc,2s,9c,9d,Kd,,,3,7,0.4,2.4,97.2
6d,9d,4s,7s,Kc,7d,6h,5,8,0.6,2.8,96.6
Qs,8d,9s,Qc,7c,6s,,4,6,25.4,11.0,63.6
4s,Js,,,,,,0,4,20.6,5.0,74.4
3d,2c,Ks,Td,4h,,,3,2,6.4,1.8,91.8
9h,8d,8h,Jh,Tc,Qs,9s,5,5,0.0,38.0,62.0
As,3s,Ah,4s,5s,,,3,5,55.2,7.6,37.2
Js,8d,,,,,,0,6,14.6,3.2,82.2
4d,2h,8d,Js,7h,,,3,5,1.8,1.2,97.0
Jh,6h,7d,Jc,Qd,,,3,7,12.2,2.4,85.4
7s,2d,8h,6s,9s,8s,Ac,5,5,0.0,0.0,100.0
Ac,Th,4h,2s,5s,7h,,4,7,2.4,1.2,96.4
6c,2h,2s,3s,Qh,Qd,,4,1,57.0,3.2,39.8
Qd,5c,,,,,,0,5,10.2,3.4,86.4
Jh,Ts,Qd,2c,7h,9h,5s,5,2,3.0,0.8,96.2
3s,Js,6c,2d,5s,,,3,7,8.4,5.6,86.0
9c,7s,2c,2d,Js,,,3,7,1.2,1.4,97.4
Qd,7h,,,,,,0,8,6.8,3.2,90.0
2c,7d,8s,3s,6c,3d,,4,7,0.6,0.2,99.2
9c,5c,2h,8s,7h,As,,4,1,22.4,4.0,73.6
8h,Ks,5s,9h,Kh,8d,,4,1,90.4,0.6,9.0
5h,5s,8d,4c,4h,Tc,,4,5,8.4,0.0,91.6
Qs,4c,Jh,3h,4h,,,3,1,50.0,3.0,47.0
Kd,Jc,,,,,,0,2,43.6,3.6,52.8
4h,Ah,3c,8c,Jd,,,3,6,5.0,1.2,93.8
7h,2s,5h,Jc,3d,5c,,4,5,0.4,0.2,99.4
Qh,Ks,,,,,,0,5,26.0,1.4,72.6
Ks,Ah,,,,,,0,4,36.0,1.4,62.6
Ks,7c,8c,9h,4d,2s,,4,5,2.0,0.2,97.8
8h,7d,Ks,Jd,Kc,,,3,5,2.4,3.0,94.6
6d,Kc,,,,,,0,3,22.6,4.0,73.4
Qd,5c,4c,2d,Tc,9c,3h,5,1,10.8,0.8,88.4
6d,6s,Tc,Kc,3c,Qs,Qc,5,2,12.0,0.0,88.0
As,Kd,,,,,,0,4,31.2,2.4,66.4
6h,Ah,,,,,,0,1,60.0,3.0,37.0
8d,2s,,,,,,0,8,4.0,2.2,93.8
Td,Ts,5c,Qh,As,Ac,,4,1,72.4,0.6,27.0
Kd,Td,Kc,2c,Qd,7s,4h,5,3,68.6,1.4,30.0
Td,8c,8h,Ah,5h,,,3,2,36.4,4.4,59.2
4d,9h,5s,8h,Jc,9c,7c,5,2,16.0,2.6,81.4
6h,8h,Kd,7c,4c,6s,Ks,5,6,8.2,0.2,91.6
Ad,4s,Tc,8d,Jh,3s,5d,5,2,7.6,1.0,91.4
6d,3d,Ks,Ac,5s,As,Qd,5,6,0.0,0.0,100.0
Js,Ac,9d,4c,8s,5d,,4,1,38.4,0.8,60.8
Kc,6d,Kd,4s,7h,,,3,5,38.6,6.8,54.6
3h,Qh,,,,,,0,2,30.4,3.8,65.8
9s,7d,5d,6s,Ac,5c,4s,5,7,0.0,0.0,100.0
2c,Ac,4s,Kd,5c,4h,,4,4,14.2,4.2,81.6
Ts,Qc,9d,5d,Kh,4c,9h,5,4,2.2,0.4,97.4
2h,2s,Ac,3h,4d,Kc,,4,2,25.8,2.2,72.0
Js,6d,Tc,Th,5d,7c,,4,6,2.0,0.6,97.4
7s,6h,Ad,7h,7c,Tc,4d,5,8,66.6,15.8,17.6
5h,Jd,2s,Jc,Ts,,,3,1,73.6,2.4,24.0
4h,Kd,5h,2d,8d,Ad,,4,3,25.6,1.2,73.2
6h,Ts,9s,3d,Tc,5h,7s,5,5,30.6,0.8,68.6
8s,3s,5s,7d,8d,,,3,6,11.0,3.0,86.0
5h,4d,Qh,6c,4c,Ah,2c,5,5,1.0,0.2,98.8
4c,9s,,,,,,0,2,22.6,3.2,74.2
Kh,Qs,,,,,,0,1,61.6,1.8,36.6
Qc,Th,3s,Jd,As,2c,Ts,5,8,1.8,0.0,98.2
9s,Jd,6d,9c,Kd,,,3,7,14.2,1.8,84.0
9d,3c,5h,2h,9h,,,3,8,6.6,1.0,92.4
2d,4s,Th,9d,Jh,,,3,1,8.2,12.0,79.8
Ts,Ah,3c,Qc,5s,Kh,Qd,5,3,13.8,0.6,85.6
Ah,5s,2d,9c,3s,Kc,Ks,5,4,2.6,0.0,97.4
6d,5d,Kc,7c,9c,,,3,2,12.4,3.4,84.2
5s,3h,2s,2d,Kc,9d,5h,5,6,1.0,2.0,97.0
9c,Td,7s,6c,8c,6s,5s,5,1,92.6,0.6,6.8
6d,6s,4c,3h,Jd,9h,7c,5,6,1.2,0.0,98.8
2h,2c,Ah,Jd,Kd,,,3,5,5.8,1.4,92.8
Kh,3d,4h,Kd,6s,4d,Td,5,4,35.4,10.8,53.8
8s,9d,,,,,,0,2,31.0,5.0,64.0
As,2h,,,,,,0,6,12.8,4.0,83.2
Qh,3d,Tc,9c,Ks,8d,Js,5,8,22.4,66.4,11.2
Kh,5c,,,,,,0,7,9.4,2.8,87.8
7c,Qd,6c,Ks,Ad,,,3,6,3.4,1.4,95.2
4h,Jd,6c,Jh,Tc,6d,,4,5,25.6,8.0,66.4
4s,7c,5c,6c,Td,Jh,,4,7,14.0,1.0,85.0
4h,Qd,3s,2h,8d,8h,3c,5,1,36.4,10.6,53.0
Tc,3h,,,,,,0,2,21.0,3.6,75.4
3h,5c,,,,,,0,5,11.0,3.2,85.8
7h,Ks,4h,Td,Qd,4s,,4,4,3.6,3.4,93.0
3d,7c,4h,3h,Jc,,,3,6,11.0,2.0,87.0
2h,Td,,,,,,0,4,12.4,2.6,85.0
Qc,Qs,9c,7d,7c,,,3,2,64.0,0.0,36.0
4h,9h,8h,7d,Th,9s,,4,1,49.4,13.0,37.6
6c,7h,Jh,Kh,9d,Jd,,4,7,0.2,0.6,99.2
7c,5d,,,,,,0,3,20.0,2.6,77.4
As,5h,5s,2d,Ad,Td,3h,5,8,8.0,0.6,91.4
Qc,9h,,,,,,0,1,54.2,3.2,42.6
5s,Ac,,,,,,0,2,36.0,5.2,58.8
6s,Kd,Qh,9d,6c,2h,,4,4,17.8,0.8,81.4
2h,3s,Qc,2c,6h,,,3,3,20.6,2.8,76.6
Ts,2s,8s,8c,9c,,,3,1,30.4,8.0,61.6
2s,Jc,3c,9h,9d,,,3,7,1.4,1.4,97.2
9s,Kc,8s,Js,2d,,,3,7,8.2,2.6,89.2
9d,7c,5d,2h,Jh,Kc,,4,4,1.2,0.2,98.6
Jh,Ad,7c,9d,7d,,,3,1,53.8,4.0,42.2
7d,7h,Kh,Td,8d,4h,,4,1,60.2,0.2,39.6
Kd,Jc,,,,,,0,1,54.8,2.8,42.4
3d,4h,7d,3c,2s,,,3,5,16.0,3.4,80.6
Kc,Ah,7d,3s,3d,,,3,2,32.2,4.6,63.2
2c,2d,Qc,4c,Jc,5h,6h,5,3,2.8,0.0,97.2
8h,As,8s,Js,Qh,4s,6c,5,4,13.0,0.8,86.2
3h,2d,7s,Jc,As,,,3,7,1.8,0.0,98.2
Ac,9h,3s,6s,2c,2h,,4,1,47.2,2.4,50.4
Qd,4s,,,,,,0,4,16.2,2.6,81.2
2h,7d,Ah,Kh,9c,,,3,4,2.0,0.6,97.4
Ah,5h,,,,,,0,6,20.0,3.2,76.8
2h,7c,3c,6c,Th,4d,7s,5,5,3.2,0.4,96.4
Ac,Js,Kh,2h,3h,Qs,,4,5,9.6,0.8,89.6
4h,Qc,7c,2s,Ac,,,3,7,6.6,1.0,92.4
7h,As,4h,8d,7d,Th,,4,7,5.8,0.4,93.8
Kc,2h,7d,2d,Jc,5d,,4,6,5.8,0.2,94.0
Ts,7d,5d,5s,Qs,Qd,2s,5,8,0.0,0.0,100.0
4c,8c,,,,,,0,1,40.2,4.2,55.6
Jh,3d,,,,,,0,8,7.0,1.6,91.4
6d,3d,,,,,,0,2,26.0,3.2,70.8
Qd,8d,6h,4c,Js,,,3,1,35.0,3.0,62.0
9c,3d,4h,9s,Jc,,,3,1,65.4,2.4,32.2
Jc,As,7h,8s,3d,,,3,4,16.4,2.0,81.6
6c,Ac,2h,7s,8h,,,3,1,43.2,2.4,54.4
Js,3c,Tc,3d,3s,,,3,6,73.6,4.0,22.4
3s,7s,,,,,,0,4,12.8,2.0,85.2
4d,5h,Qd,Jc,5s,As,3h,5,8,0.2,0.6,99.2
9c,4c,Kd,2c,Jh,,,3,4,7.6,1.6,90.8
Kh,Tc,,,,,,0,5,21.8,3.6,74.6
8s,4c,,,,,,0,8,5.0,2.4,92.6
6c,Kc,2s,2c,Qd,,,3,2,24.8,5.0,70.2
4h,4c,Kh,7s,6c,2d,3c,5,7,0.6,0.0,99.4
9c,8h,4d,3s,5s,,,3,5,3.0,1.2,95.8
Kh,6d,7s,4s,Kc,Kd,,4,6,66.6,7.0,26.4
3s,2s,2c,4d,Ts,Jd,,4,2,22.4,2.4,75.2
Kd,5s,Td,8c,5h,Js,7c,5,8,0.0,0.0,100.0
8d,8h,9c,3d,5s,8c,,4,6,69.8,0.0,30.2
5c,Qs,,,,,,0,2,27.8,3.0,69.2
Kh,9s,Ah,2h,7h,,,3,2,49.6,1.0,49.4
Ac,Ah,6c,As,3s,,,3,5,82.4,0.0,17.6
7h,Tc,5c,3h,4s,7c,,4,4,12.4,2.8,84.8
Td,6d,9c,2h,Th,,,3,6,19.2,3.2,77.6
7c,5s,8c,Kd,6s,9c,6c,5,2,83.4,1.6,15.0
Td,Jh,Ah,As,Js,3d,Ts,5,1,74.6,6.4,19.0
9c,Ts,5h,Ks,Tc,Kh,,4,8,16.4,3.8,79.8
4h,Qh,7s,3h,Td,Kh,,4,8,19.6,0.2,80.2
6c,2d,,,,,,0,8,4.4,1.0,94.6
Th,5h,Qs,8d,As,,,3,1,24.0,7.8,68.2
5h,Ts,,,,,,0,8,4.0,4.0,92.0
5d,Kc,,,,,,0,1,50.0,4.4,45.6
Kd,2d,8s,6s,Tc,,,3,8,1.8,1.4,96.8
Ac,8s,,,,,,0,6,20.0,2.6,77.4
8c,9h,6c,7c,4h,,,3,5,27.4,2.6,70.0
9d,Qd,Ks,Jh,Th,8s,Kd,5,4,78.0,3.4,18.6
2d,Qs,,,,,,0,2,26.0,4.8,69.2
2h,7c,Ts,4d,Jh,Jc,Qs,5,1,6.4,5.6,88.0
4s,7s,7d,4c,9h,Ad,Qh,5,2,84.2,0.8,15.0
Ah,Jh,5c,8h,8s,Ks,,4,5,4.6,2.0,93.4
3c,6d,Qs,Qd,Ks,6c,,4,7,2.4,4.0,93.6
7c,Td,8d,7d,4d,2c,Kh,5,3,24.4,0.4,75.2
5s,9d,Ac,3h,5d,8d,Ad,5,4,19.6,0.6,79.8
7h,9s,Kh,6h,Th,,,3,1,53.6,3.4,43.0
Td,Ks,Kh,9d,7c,8c,9s,5,6,27.6,1.8,70.6
5s,5h,,,,,,0,4,20.6,0.6,78.8
Ac,9c,8d,2s,2c,,,3,5,12.6,4.2,83.2
Qc,8h,,,,,,0,2,34.2,4.2,61.6
2d,5c,,,,,,0,5,9.6,2.4,88.0
4c,5c,,,,,,0,5,15.2,1.8,83.0
Tc,7c,8h,Qd,Kc,,,3,6,8.2,1.8,90.0
Th,5c,6h,Js,3h,Ad,9s,5,7,0.0,0.0,100.0
Jh,5s,,,,,,0,6,9.8,2.6,87.6
3h,5c,6c,Ks,4h,,,3,3,32.4,2.2,65.4
Tc,9d,Kd,Th,Ks,7c,,4,4,37.6,6.0,56.4
Ah,Ts,9d,Js,7c,,,3,7,8.4,7.6,84.0
3s,9h,2s,As,3h,Jc,Ks,5,1,45.8,3.8,50.4
Js,3c,,,,,,0,1,39.6,3.6,56.8
8c,Qc,9c,7c,2c,Td,Kh,5,2,98.4,0.0,1.6
8d,9s,Kh,4h,7s,Jh,5h,5,6,0.0,0.0,100.0
7h,2d,2c,Kc,6c,Td,,4,2,21.8,1.4,76.8
5h,5d,5s,Qh,Ts,2s,Jd,5,7,42.0,0.0,58.0
Kd,5h,,,,,,0,8,6.6,1.4,92.0
4h,3h,Jd,5c,Jc,,,3,7,2.8,0.8,96.4
2c,3c,5d,Ts,7h,4d,,4,4,12.2,2.2,85.6
Js,5h,,,,,,0,8,6.8,2.8,90.4
4h,2d,Kc,Tc,Td,,,3,8,0.0,0.8,99.2
Tc,3c,4c,Ts,Th,9s,6s,5,2,77.8,2.8,19.4
5c,Jd,4h,Ad,3h,Qc,,4,2,15.4,2.6,82.0
9d,Ah,8d,3s,7c,,,3,7,7.2,3.6,89.2
4h,9d,2s,9c,4s,As,,4,1,82.0,0.0,18.0
Qd,9h,4h,Ad,6d,,,3,7,5.8,0.6,93.6
3s,4s,8c,4c,Ac,3c,,4,8,9.8,0.4,89.8
Qh,Jh,Ad,Qc,Kd,Ac,,4,3,29.8,15.2,55.0
3h,Kd,7s,4c,7c,,,3,3,11.8,4.6,83.6
Jd,5d,2d,5s,3s,4s,8h,5,3,9.0,0.2,90.8
2c,2d,Ah,9c,Jh,5s,,4,5,4.4,0.0,95.6
Ah,8h,As,5d,3s,Kh,,4,8,25.2,4.2,70.6
Ah,Ad,Th,5c,5s,,,3,8,37.0,0.0,63.0
8s,2h,,,,,,0,7,4.8,2.4,92.8
8h,Kd,,,,,,0,8,8.6,2.4,89.0
5d,8d,,,,,,0,7,11.4,3.2,85.4
2c,9h,3s,4c,As,Th,9s,5,2,33.6,0.6,65.8
2c,Qh,,,,,,0,7,6.4,2.4,91.2
Kc,Jh,As,6s,2h,Ks,Qc,5,8,6.6,0.6,92.8
3d,Tc,8s,2d,5s,5d,,4,3,4.4,0.4,95.2
Qs,4c,Jh,3d,Jc,6h,,4,2,12.6,2.6,84.8
3s,Kh,,,,,,0,4,15.2,2.6,82.2
Kd,Jc,,,,,,0,6,18.8,2.2,79.0
5h,Qd,Kh,6d,8s,Tc,,4,6,0.0,0.2,99.8
Jh,Jc,2c,9s,9h,9c,Td,5,6,62.6,0.6,36.8
Ac,5c,Qs,Qd,Ad,9d,,4,6,18.2,10.2,71.6
5c,4s,8s,8d,9d,Js,9s,5,7,0.0,0.0,100.0
Jc,Jh,Kd,Kc,3h,,,3,5,45.0,0.2,54.8
8h,Qs,,,,,,0,8,8.8,3.6,87.6
Ad,Ts,3d,6h,Tc,5c,5s,5,2,73.0,1.4,25.6
5h,7s,Kc,8s,8h,9d,,4,4,9.6,1.4,89.0
4c,2s,Kh,Tc,3h,As,,4,6,6.4,0.8,92.8
3d,7h,,,,,,0,4,9.0,3.0,88.0
2c,Qs,4s,9c,Tc,,,3,7,3.0,0.6,96.4
Kd,7h,6h,2s,Jc,Ah,5d,5,8,0.0,0.0,100.0
Js,7s,2d,8s,5d,4c,,4,7,4.0,4.2,91.8
Kd,5s,5c,Ac,4h,5h,,4,1,90.2,1.0,8.8
Ks,6c,,,,,,0,3,25.0,3.8,71.2
3c,8c,,,,,,0,4,17.0,2.2,80.8
9c,Tc,2s,Ac,Kd,7h,,4,3,3.8,0.0,96.2
Jh,7h,,,,,,0,5,20.0,2.8,77.2
4s,4d,3h,5h,2s,Ac,6d,5,5,64.2,32.6,3.2
7h,7d,3c,6h,Td,,,3,7,13.4,0.6,86.0
Kh,4h,6c,Td,Th,8d,,4,6,1.4,1.6,97.0
Jc,3c,,,,,,0,3,23.4,3.0,73.6
3d,Jc,2h,7h,Th,Ts,Kh,5,3,0.0,0.2,99.8
4c,6d,,,,,,0,5,8.6,1.8,89.6
8d,Ks,8s,Td,3s,6d,Jc,5,7,2.8,0.0,97.2
2s,3s,8c,Tc,6s,Qc,,4,4,0.0,0.0,100.0
6h,Jd,3s,2h,8s,9c,,4,2,7.0,0.4,92.6
Qc,4d,,,,,,0,5,13.6,2.8,83.6
Jc,Jh,Ts,Ac,8c,,,3,5,22.6,2.2,75.2
2c,3c,6h,5c,Ac,7h,7d,5,8,0.0,0.0,100.0
6h,9c,,,,,,0,5,10.8,3.0,86.2
Qh,6h,Jc,9c,3c,,,3,5,2.0,1.4,96.6
8c,7d,,,,,,0,6,11.4,2.0,86.6
4s,Jc,8d,3c,6h,Th,,4,6,1.2,0.2,98.6
Ac,4d,,,,,,0,3,26.4,4.2,69.4
9s,8h,6c,Ah,9d,3h,Ac,5,6,31.2,1.6,67.2
7h,Kh,Jc,Qs,Ad,5s,,4,8,3.2,7.6,89.2
9c,Jd,2d,3h,Js,,,3,1,79.0,1.2,19.8
8h,4d,,,,,,0,5,10.2,1.8,88.0
4d,Qs,Ac,5s,9d,3h,,4,3,10.6,4.2,85.2
Kh,4s,9c,Ad,5h,,,3,1,44.2,4.6,51.2
2d,8c,Ac,Ts,4s,3c,,4,3,6.8,3.8,89.4
8d,Qs,Qc,Qd,Ah,3d,4h,5,3,85.0,1.6,13.4
4s,9h,Ts,2s,4d,9c,,4,7,48.0,1.0,51.0
5s,Qs,,,,,,0,1,47.0,5.0,48.0
8s,9h,6h,9d,3c,Ks,,4,2,50.2,1.6,48.2
3d,2h,Js,4c,Qc,,,3,8,3.0,0.2,96.8
6c,2h,,,,,,0,3,13.6,2.2,84.2
8c,Ts,Qd,3h,2h,Ah,,4,3,3.2,0.2,96.6
As,9h,6d,3s,Jc,Ac,Qs,5,2,75.6,1.8,22.6
Qd,7h,8h,2d,6d,,,3,4,13.0,1.6,85.4
4d,7c,3h,8c,2s,4c,,4,8,7.8,0.4,91.8
Jh,3s,8h,As,Kd,,,3,8,2.0,1.4,96.6
4d,2s,6h,9d,6s,3s,3h,5,2,0.0,2.4,97.6
Ah,6d,7s,Th,6c,,,3,3,28.8,1.0,70.2
Qh,9c,4h,Kh,Kc,7h,,4,2,32.2,1.6,66.2
Kh,Jc,Ts,9s,6h,,,3,5,17.2,1.8,81.0
Ac,Kd,Qc,3c,3h,4s,8h,5,1,52.6,0.8,46.6
9c,7h,8c,2c,4h,,,3,4,11.4,0.2,88.4
Qs,5d,Ah,3d,8d,Jc,,4,2,11.6,1.8,86.6
6d,3s,8c,Ah,Kh,8d,Th,5,5,0.0,0.0,100.0
9d,6s,,,,,,0,6,8.0,3.0,89.0
Td,5d,,,,,,0,6,12.4,2.2,85.4
4s,4h,5c,3s,7s,,,3,4,16.8,4.0,79.2
Th,Qc,2h,2d,Ad,5d,Qs,5,3,26.8,9.2,64.0
9s,Th,As,Ad,2d,3h,9d,5,1,81.4,0.2,18.4
Qs,2d,8h,5d,3h,4c,8c,5,3,0.2,0.0,99.8
7d,4h,Jc,7c,3h,6s,3c,5,8,1.4,1.2,97.4
2c,Ts,Jc,7c,9d,Jh,,4,8,1.8,4.4,93.8
9s,6c,2h,5c,3s,4h,9d,5,7,28.8,63.6,7.6
2d,5d,Ts,Ac,Tc,,,3,3,5.0,8.0,87.0
Qd,7s,,,,,,0,7,11.6,2.4,86.0
Td,3c,Qd,Tc,3h,,,3,2,71.4,2.4,26.2
Th,9h,Kd,8h,4c,6d,Tc,5,5,21.0,1.6,77.4
Kc,Jc,7c,4c,Qc,,,3,5,84.4,0.0,15.6
Qc,5d,8c,2s,Th,,,3,6,3.4,1.6,95.0
Ah,2h,Ts,Tc,7h,,,3,8,4.8,3.4,91.8
Kh,5h,Jh,2d,Kc,Kd,9c,5,8,50.8,14.0,35.2
Ah,Ac,3d,3c,2s,Jc,,4,7,42.0,0.2,57.8
8h,9c,,,,,,0,4,15.2,3.0,81.8
7d,5h,Js,Ks,As,9h,,4,2,1.8,5.0,93.2
2d,Qc,Kc,7s,8s,2s,3h,5,7,0.0,0.0,100.0
5c,9d,,,,,,0,2,25.2,3.6,71.2
5d,9h,8c,5h,Qc,Tc,,4,3,12.2,3.8,84.0
5c,2h,Qh,3c,Kd,,,3,6,2.4,0.2,97.4
9h,Jd,5s,8d,9s,,,3,6,18.8,3.0,78.2
9c,8s,5d,4d,3c,,,3,4,6.6,1.6,91.8
Kd,Qh,Ad,4c,Ah,Qd,,4,3,66.0,4.6,29.4
9d,Js,3s,7h,3c,,,3,7,5.6,1.0,93.4
Kh,8h,Td,8c,As,2h,,4,6,15.6,1.0,83.4
8s,4c,,,,,,0,5,8.4,1.4,90.2
Jd,5c,7c,Qh,4c,3h,Js,5,1,75.2,0.8,24.0
9d,Tc,,,,,,0,4,19.4,2.0,78.6
4s,2d,Kd,9h,5c,6d,,4,4,5.6,0.2,94.2
Kh,4d,3d,6s,4c,Qd,,4,4,16.4,0.6,83.0
Tc,3h,9s,4s,Jc,,,3,8,2.4,4.6,93.0
4d,3d,,,,,,0,4,13.8,3.4,82.8
Tc,6h,,,,,,0,1,45.2,3.0,51.8
Tc,7c,4h,Ks,9d,4d,Jd,5,4,0.2,0.0,99.8
5h,Jh,,,,,,0,1,43.6,4.2,52.2
7d,3s,,,,,,0,3,14.2,2.8,83.0
6c,Qd,As,Kc,Qs,Js,,4,2,19.6,8.6,71.8
4c,4h,Qc,Td,6c,6d,Th,5,2,0.0,14.0,86.0
Jd,8h,2s,4d,7h,9d,,4,6,10.8,1.0,88.2
Jd,Kd,Ac,Qc,8h,Jh,5h,5,2,42.8,0.8,56.4
7s,Qc,5s,3h,9d,,,3,4,7.0,2.4,90.6
Ad,2h,,,,,,0,3,22.8,4.8,72.4
7d,3d,6h,6s,3s,8s,,4,5,3.8,1.6,94.6
5d,Td,Qc,8c,Qh,,,3,2,17.2,5.6,77.2
2h,8s,9s,Th,9c,Qd,As,5,2,0.0,7.8,92.2
3c,Qc,4s,4d,8c,Tc,5c,5,6,79.0,0.0,21.0
7h,Td,Jd,8d,8s,2s,6s,5,5,0.0,0.0,100.0
8h,Js,2d,Ts,4h,7h,Qh,5,1,15.8,0.6,83.6
Kh,8h,Jc,6c,4h,,,3,4,10.0,1.0,89.0
Ac,3h,Tc,5d,6d,5s,9d,5,1,36.8,5.0,58.2
4c,2s,Kc,7s,Kd,6s,,4,7,0.0,0.2,99.8
Qd,4d,Qc,5d,8s,Qs,,4,8,53.8,11.8,34.4
2d,2c,Td,8s,Jc,,,3,4,7.6,0.6,91.8
Js,Jc,Ac,6s,Ad,Th,,4,6,39.8,0.4,59.8
7d,9d,Kd,8d,2h,9h,8c,5,1,66.8,7.8,25.4
Kc,3c,Kd,5c,4c,,,3,3,67.6,3.4,29.0
Ts,2c,Qc,3c,Js,,,3,4,6.0,3.4,90.6
8h,Qs,,,,,,0,7,10.0,2.6,87.4
9d,Th,,,,,,0,6,18.0,2.6,79.4
9s,7c,,,,,,0,7,8.6,3.4,88.0
Kh,Kd,Jc,9h,Td,2s,4c,5,8,25.8,0.4,73.8
9c,7s,,,,,,0,8,9.6,3.2,87.2
5d,9h,2s,4c,Jc,,,3,3,8.6,1.4,90.0
As,Ah,Kd,Td,Tc,,,3,3,61.8,0.8,37.4
Jd,As,Jc,Th,Qc,,,3,7,16.0,9.4,74.6
4c,Ah,3s,Kc,5s,9d,,4,5,9.8,0.0,90.2
4h,2s,,,,,,0,7,5.8,1.2,93.0
Jc,6d,5h,7h,Qs,3c,,4,6,4.6,5.0,90.4
Ks,3h,6h,7c,7h,Ad,Qs,5,6,0.2,1.2,98.6
Ad,Ks,6d,Ts,5s,Qh,2c,5,3,5.4,0.6,94.0
Kd,5d,9h,8d,8h,Jd,3d,5,5,82.2,0.0,17.8
Ks,Ts,Qh,Jh,4c,4h,,4,6,7.6,0.6,91.8
4c,7h,6h,Jc,2h,9s,,4,7,0.0,0.0,100.0
8s,8c,3s,9d,5s,7d,,4,2,47.6,1.4,51.0
As,Js,5h,8s,2c,9s,,4,7,20.8,0.4,78.8
Kd,2s,6d,7h,Ad,Ts,,4,3,5.4,1.0,93.6
2c,Qs,2s,Kd,4c,6c,,4,3,17.6,1.0,81.4
3d,8h,Jh,Js,8c,,,3,5,15.6,8.2,76.2
Qd,8s,4s,5h,Qc,,,3,1,78.6,0.8,20.6
5c,Jc,5h,6c,Kc,Kh,3d,5,5,15.0,0.6,84.4
8h,9s,6h,9h,Qc,6d,Qs,5,2,56.6,1.2,42.2
6h,Jh,6d,3h,4s,Ks,9h,5,1,58.2,1.2,40.6
6h,8s,8d,6c,Th,Qd,5c,5,6,45.8,1.6,52.6
5d,6s,,,,,,0,3,18.0,2.2,79.8
9h,Ts,Kc,Jh,Jc,,,3,2,24.6,7.4,68.0
4s,7c,Ah,2c,5c,,,3,8,5.4,6.4,88.2
4h,9d,2s,2h,3c,Ts,,4,2,5.2,1.6,93.2
Ac,6h,2c,7h,Kd,2d,,4,7,1.0,1.6,97.4
8s,5s,5c,Tc,5d,,,3,3,72.8,4.8,22.4
Ad,7d,7s,Ks,Qd,4h,,4,2,46.4,0.8,52.8
9d,Ts,Ks,Js,Jc,5h,6s,5,7,0.0,0.0,100.0
2h,7s,,,,,,0,4,11.0,2.8,86.2
2c,Js,9h,5s,3h,,,3,1,23.6,2.6,73.8
Kc,3c,,,,,,0,3,26.6,3.2,70.2
Kd,Tc,,,,,,0,5,18.6,4.6,76.8
6d,7h,Qc,Js,As,,,3,4,1.0,3.2,95.8
Jh,3s,,,,,,0,3,16.2,5.6,78.2
7d,2h,7s,4c,6d,9h,Kc,5,3,18.4,2.6,79.0
Jd,7h,Qh,Ks,5c,Ac,,4,7,2.2,5.8,92.0
4h,4c,,,,,,0,4,17.0,1.8,81.2
As,Ts,5h,4d,3h,,,3,1,46.0,4.8,49.2
6c,Ac,Qd,2d,Jd,8h,,4,4,4.0,1.2,94.8
5s,8s,,,,,,0,1,41.6,5.2,53.2
7d,9c,,,,,,0,3,19.8,3.8,76.4
6c,Qc,,,,,,0,6,14.6,2.2,83.2
Qc,7c,,,,,,0,4,20.4,3.4,76.2
8d,Jh,,,,,,0,2,35.4,2.4,62.2
2h,2c,8c,4c,5s,Jh,,4,8,3.0,0.0,97.0
4d,7c,Jc,8s,7s,,,3,1,52.2,5.6,42.2
Kd,Kh,3c,Tc,Qs,,,3,3,52.8,1.2,46.0
8h,4d,4c,Kh,6d,7h,3h,5,4,0.8,0.0,99.2
4s,5c,Tc,7h,Ts,6s,Kh,5,7,0.0,0.0,100.0
Jc,8d,5d,Ks,3c,4s,,4,2,7.2,0.6,92.2
Qc,6d,2c,7s,9c,3h,,4,6,3.4,0.2,96.4
Ts,8d,,,,,,0,1,46.2,3.0,50.8
Jc,9d,Td,7c,Ks,,,3,5,28.4,3.0,68.6
8c,Qs,3d,7h,Kd,,,3,3,10.0,1.8,88.2
Ts,8h,6s,Ks,5s,,,3,1,48.4,2.4,49.2
Tc,4s,4h,Jh,Ts,,,3,1,85.4,0.6,14.0
7d,2s,7s,Qc,Kc,2h,,4,7,44.0,2.6,53.4
Th,4h,,,,,,0,4,19.8,2.8,77.4
Ks,2c,,,,,,0,5,10.2,4.2,85.6
9c,Kd,Tc,2s,8c,2c,Qd,5,6,0.0,0.0,100.0
Jh,7d,,,,,,0,6,9.6,4.0,86.4
2c,Qc,4h,Ts,9d,Td,8s,5,7,0.0,0.0,100.0
4s,5d,4d,Jc,Td,Th,4h,5,7,33.6,14.4,52.0
Kd,Jh,2s,9h,3s,7d,2c,5,2,13.2,0.2,86.6
2c,9h,Ks,Jd,2d,8s,,4,4,9.4,1.6,89.0
9h,Ac,Js,3c,8s,Qd,,4,2,22.4,4.0,73.6
Ah,5c,3s,9d,9c,Js,Jd,5,1,70.2,11.2,18.6
5h,6s,5s,Kc,Jd,Ks,Jc,5,7,0.0,0.0,100.0
6d,6c,9s,Tc,5h,2c,,4,6,11.2,0.0,88.8
9c,7h,5s,9d,2d,4c,Qs,5,3,34.4,1.2,64.4
7h,5d,7s,2s,Kh,,,3,4,22.2,3.4,74.4
7s,Ts,,,,,,0,8,12.4,4.0,83.6
Jc,Th,4h,9s,9d,3h,6h,5,3,0.4,0.0,99.6
Ac,6h,Jh,5c,As,,,3,4,45.2,8.4,46.4
Qc,Kd,Ac,Qs,9h,,,3,1,78.2,2.0,19.8
9s,3s,Jh,Tc,8d,3h,Jc,5,4,6.6,2.4,91.0
3s,4c,9h,Th,8c,2h,3h,5,2,8.2,2.0,89.8
Jd,Qs,7s,Qh,Ac,Ah,,4,2,69.6,4.0,26.4
Td,4s,,,,,,0,5,10.8,3.4,85.8
9h,Qd,,,,,,0,6,15.2,2.4,82.4
9d,4h,2s,9h,5d,Ts,,4,3,31.8,3.2,65.0
9s,5d,4c,Js,Kh,Tc,,4,7,0.2,2.0,97.8
Jc,5c,,,,,,0,8,11.0,1.6,87.4
Kc,7c,,,,,,0,5,16.0,2.4,81.6
7c,6s,,,,,,0,7,8.0,2.8,89.2
9h,Ts,4d,7s,8s,Ac,,4,1,37.0,1.8,61.2
3h,Kh,2h,8d,6h,Th,4s,5,1,99.4,0.0,0.6
4d,8s,6c,3s,8h,,,3,1,72.8,3.2,24.0
3s,Ah,4s,9s,6h,,,3,7,2.6,1.6,95.8
Qh,Kd,Th,Kh,7s,Qc,,4,5,55.8,1.0,43.2
Td,9c,2c,Jc,Ts,,,3,1,71.6,2.2,26.2
7s,Ac,Th,Kc,As,6c,,4,8,20.0,8.2,71.8
3d,Tc,Qd,2h,4d,,,3,8,1.2,1.8,97.0
Ah,6d,4c,Qs,3d,,,3,5,5.6,4.0,90.4
6s,2h,Js,8h,4d,7h,,4,8,1.6,4.4,94.0
5d,2c,8c,2h,Jh,Ts,,4,3,11.8,2.0,86.2
Kd,Ad,4c,5c,9c,,,3,8,2.8,0.2,97.0
4c,5s,Kh,9h,7h,,,3,8,0.6,0.6,98.8
7c,5h,Qd,Ts,4s,,,3,6,2.8,0.2,97.0
Js,Qs,Qh,Qd,2c,,,3,6,81.2,6.8,12.0
3d,8s,9d,6h,6d,,,3,6,2.2,1.8,96.0
Ks,As,8d,Kd,7h,8s,7c,5,1,79.8,0.6,19.6
7d,Ad,9s,Jc,5c,,,3,7,2.8,1.8,95.4
4s,Jc,Qs,Ad,7s,3h,,4,2,8.6,3.0,88.4
Js,6s,Tc,7h,8c,,,3,3,12.4,7.0,80.6
Qs,7d,8d,4h,Ks,6h,Jc,5,5,0.2,0.0,99.8
Th,5d,8c,7s,6s,,,3,4,15.2,11.2,73.6
2s,3s,Qs,5c,Tc,4h,,4,6,13.0,1.6,85.4
Kh,6s,Ah,7h,Th,,,3,2,48.2,2.8,49.0
8c,5d,3s,7d,2h,Qc,Jh,5,3,0.0,0.0,100.0
4s,Ks,Kc,Ac,Jh,,,3,4,22.0,7.6,70.4
7c,8h,7h,Jc,6c,Ks,,4,8,5.0,1.4,93.6
Jd,Jh,3c,Td,Kh,2h,,4,6,19.0,0.0,81.0
Th,9c,3h,Js,3s,Kc,,4,2,15.2,8.2,76.6
7c,7s,3h,Jh,2h,9c,Jc,5,5,15.0,0.8,84.2
3s,Qh,4c,Td,Qs,Tc,,4,8,14.0,6.0,80.0
7c,Kd,,,,,,0,8,9.2,3.6,87.2
3s,Qs,Js,Td,Th,3d,3c,5,7,30.6,14.2,55.2
6s,4c,Qs,Tc,9d,,,3,4,2.2,1.4,96.4
Jd,Ac,9c,Kd,Js,Qh,7s,5,4,9.0,0.4,90.6
Th,5d,,,,,,0,3,17.2,2.8,80.0
9d,3h,As,Ac,7d,2c,Js,5,1,12.8,4.0,83.2
3h,8d,7s,9h,Qd,Qc,6s,5,2,0.0,0.4,99.6
8d,2s,,,,,,0,3,12.8,3.0,84.2
Kh,4h,8d,2s,9d,,,3,2,15.0,1.8,83.2
6s,6d,,,,,,0,2,42.4,0.6,57.0
7s,7d,8c,5s,3c,9c,,4,3,21.6,1.4,77.0
Ks,Js,,,,,,0,3,37.0,2.2,60.8
Td,4c,,,,,,0,5,14.2,3.2,82.6
4h,Th,,,,,,0,2,28.6,4.2,67.2
4c,Th,3c,8c,Td,,,3,5,25.0,4.0,71.0
3h,2h,8s,3c,5s,,,3,7,5.0,2.2,92.8
2d,8c,,,,,,0,5,8.8,2.0,89.2
Ts,6h,2s,Qc,9h,,,3,3,10.0,2.6,87.4
8s,8c,,,,,,0,2,49.8,1.6,48.6
2d,5c,,,,,,0,6,6.6,0.6,92.8
8s,Ac,,,,,,0,8,8.4,2.6,89.0
3d,6s,Kc,9s,7h,,,3,6,2.4,0.6,97.0
9c,Qc,,,,,,0,8,13.6,3.2,83.2
4h,3s,7c,7h,5s,Jd,7s,5,2,0.0,0.0,100.0
6h,3c,8s,2s,Th,,,3,6,2.0,0.6,97.4
3d,4c,,,,,,0,6,7.0,1.6,91.4
3d,6h,4h,6c,4c,8c,,4,1,56.0,2.6,41.4
Ac,As,,,,,,0,6,42.6,1.0,56.4
4d,As,Ac,Th,9d,,,3,6,27.0,8.4,64.6
4d,6h,9h,Kd,6c,,,3,7,7.6,2.4,90.0
Kc,4c,6s,5d,2h,,,3,7,7.2,11.6,81.2
4c,Jh,6d,4s,Ad,Ah,8c,5,6,3.2,0.0,96.8
5d,Qc,5s,Ks,6s,7s,,4,8,0.0,2.2,97.8
Ts,2h,,,,,,0,6,6.6,3.2,90.2
3s,As,6d,8d,Ks,4d,,4,1,31.2,2.0,66.8
3s,Qs,,,,,,0,5,17.4,2.8,79.8
6h,9h,9d,Kh,Th,,,3,2,61.4,3.8,34.8
4d,3c,Kc,Jh,9c,2h,,4,4,0.2,0.0,99.8
9c,Qs,4c,3c,As,,,3,7,3.0,0.4,96.6
6c,7s,8s,Ks,Ad,5d,Jh,5,1,6.2,3.4,90.4
Qh,3s,Qs,2s,Ts,3h,,4,4,53.2,1.0,45.8
Js,Qc,Ad,Th,6s,7d,Kc,5,6,95.0,5.0,0.0
9c,9d,7s,Qc,7h,,,3,5,18.6,0.4,81.0
Kc,6h,,,,,,0,6,9.0,3.6,87.4
7c,2h,Kd,9d,4s,5d,Qh,5,3,0.0,0.0,100.0
Kc,Jh,Ah,3s,Tc,4h,,4,4,14.4,0.8,84.8
9s,5d,Kd,5h,Ah,,,3,3,22.6,4.4,73.0
3d,2h,2s,Ts,9h,As,2c,5,1,90.4,1.6,8.0
Qs,9d,Js,9c,Qh,8d,As,5,6,15.2,0.6,84.2
Qc,4s,Kd,6s,3h,4c,9c,5,7,0.6,0.2,99.2
Jc,Qd,Ts,6h,2h,5h,,4,6,1.4,0.0,98.6
Jh,5c,5h,Ah,5s,,,3,3,75.6,6.4,18.0
As,Kh,7h,3d,Ah,Tc,6h,5,6,32.2,2.4,65.4
Th,5c,,,,,,0,7,6.4,2.6,91.0
Jd,Kd,5h,Ah,5c,3s,,4,4,5.4,5.0,89.6
3h,Td,,,,,,0,2,24.8,3.0,72.2
Js,5d,,,,,,0,8,6.8,3.8,89.4
9h,7s,Kc,2h,9s,,,3,4,30.8,3.4,65.8
2h,Jd,6h,Js,4d,,,3,1,77.8,2.6,19.6
5s,Qc,7c,2h,9c,Ks,4h,5,1,25.2,0.2,74.6
6c,Kh,Ks,8c,Qc,Ts,,4,3,41.6,6.4,52.0
Ad,Qs,9d,4d,8d,2d,5h,5,1,100.0,0.0,0.0
8c,Js,7h,4h,5c,,,3,3,18.8,5.4,75.8
Th,Qs,6c,Ac,Ad,2d,,4,7,3.8,0.2,96.0
9d,Ks,Js,Ad,5d,,,3,3,14.8,3.0,82.2
Js,5d,2h,Jd,2d,Qd,Tc,5,3,22.0,8.6,69.4
4h,3d,8c,5s,6h,As,7h,5,2,48.6,18.8,32.6
2s,Kd,9s,7h,Qh,,,3,1,30.2,4.0,65.8
Jh,3h,Th,Qc,9c,,,3,2,29.6,7.6,62.8
As,5d,Jd,4s,Tc,,,3,7,6.4,2.2,91.4
5h,3s,2s,3h,8h,4d,Jd,5,2,23.6,0.0,76.4
Jd,Kd,,,,,,0,6,22.6,1.8,75.6
4d,Ks,,,,,,0,7,10.2,2.0,87.8
3s,Th,9c,9h,Jd,,,3,3,6.6,3.6,89.8
8s,6s,Jd,9d,Js,9h,3d,5,2,4.2,3.0,92.8
7d,2d,,,,,,0,6,9.2,2.0,88.8
As,Kd,Jh,Ad,3s,Ks,,4,5,66.6,2.0,31.4
5s,Ts,Td,Jc,Kd,,,3,8,6.8,3.8,89.4
Td,Ah,,,,,,0,8,16.8,1.6,81.6
2d,7c,7s,5d,Ac,5h,6s,5,5,7.8,6.8,85.4
6h,7h,,,,,,0,5,17.4,2.0,80.6
Kh,Qd,Jd,4h,3c,Jc,,4,5,7.4,0.6,92.0
3h,9c,,,,,,0,5,10.2,1.6,88.2
Ks,3h,8h,8d,9s,2c,Ts,5,3,0.6,1.4,98.0
3h,4d,2c,9c,Qd,7c,,4,1,4.8,0.8,94.4
Ah,8d,Ts,5s,Js,8h,,4,1,55.6,0.0,44.4
Th,Ts,5d,7h,Ac,7c,,4,7,10.0,0.0,90.0
Qs,8c,,,,,,0,8,9.0,3.4,87.6
Tc,7c,Ts,Qh,Kh,Jc,Th,5,8,0.8,0.8,98.4
4c,Qc,4h,Qs,Ah,8h,3d,5,8,40.0,0.8,59.2
4h,Ts,As,5d,2c,Jd,2h,5,1,24.4,6.8,68.8
2h,5h,Jd,4s,7c,,,3,6,3.0,1.6,95.4
5d,Qh,8s,5c,2s,Kc,,4,4,16.6,2.8,80.6
Qh,5s,Qd,Jc,4c,7d,,4,6,24.2,5.2,70.6
5d,5h,,,,,,0,6,13.6,1.0,85.4
Jc,6c,7s,Tc,5s,4c,,4,1,47.8,2.6,49.6
Ks,8c,Ts,Js,7d,,,3,1,51.4,4.0,44.6
Kd,7s,5h,4h,Jc,,,3,5,7.4,2.4,90.2
Ah,2d,2h,4d,4c,6h,2c,5,7,28.2,14.2,57.6
9s,3h,2s,7c,6h,5h,Qs,5,3,0.0,0.0,100.0
8h,Kc,4c,9c,6s,,,3,6,8.0,1.0,91.0
3c,Qd,9c,2d,2s,9h,,4,4,5.6,7.6,86.8
2c,4h,,,,,,0,8,4.2,1.4,94.4
3d,Js,3c,8s,Kd,Kc,9c,5,5,3.8,0.2,96.0
6s,7h,,,,,,0,2,29.4,3.6,67.0
3c,5c,Ah,9h,3h,9s,2h,5,4,1.4,1.0,97.6
9d,5s,,,,,,0,1,39.6,4.8,55.6
9c,9h,4d,Kd,Ad,2c,,4,8,1.6,0.0,98.4
3d,8h,,,,,,0,6,7.4,1.6,91.0
6d,3d,4c,5h,5d,,,3,1,39.0,6.2,54.8
8h,9d,,,,,,0,7,10.4,3.6,86.0
9h,8d,7h,4c,Tc,9s,5s,5,5,13.6,0.6,85.8
9c,2d,8h,As,Ad,Kh,7d,5,2,1.2,2.8,96.0
5h,4s,5c,Tc,7s,Kc,Qs,5,1,32.8,3.4,63.8
5s,5c,,,,,,0,4,18.0,0.8,81.2
2s,Qh,9s,Jd,Ah,8c,9c,5,1,27.8,6.8,65.4
Ah,6d,8d,4h,5d,9s,4s,5,7,0.0,0.2,99.8
5h,Js,9h,7d,2d,6h,7s,5,2,1.0,0.8,98.2
6s,2h,3d,2d,3s,4h,6d,5,5,5.0,0.2,94.8
As,4d,,,,,,0,8,9.4,3.0,87.6
8d,5c,,,,,,0,6,7.6,2.8,89.6
7h,Jh,9d,Ts,Td,2h,Ks,5,4,0.0,0.4,99.6
Ah,7h,Kd,8c,Qc,3d,8d,5,7,0.0,0.2,99.8
3d,Qh,,,,,,0,4,15.2,2.4,82.4
Kc,3c,,,,,,0,6,16.0,2.0,82.0
Ts,4d,,,,,,0,4,14.2,3.4,82.4
5s,Jc,7s,3s,Kh,,,3,2,15.6,2.0,82.4
6s,7d,,,,,,0,1,37.2,6.8,56.0
3s,9c,,,,,,0,5,7.2,2.2,90.6
Qc,Jc,9d,Qd,5h,4s,,4,6,35.4,1.2,63.4
Kd,Qc,,,,,,0,8,14.6,2.4,83.0
5h,2h,8d,3c,2s,,,3,6,9.8,2.4,87.8
Ah,7d,2h,6s,8s,Th,,4,8,2.8,3.8,93.4
7s,8d,2s,Qd,7h,3h,,4,1,69.4,1.6,29.0
6h,8h,3c,6c,Js,9c,,4,4,12.0,2.8,85.2
Kh,7d,,,,,,0,3,24.4,2.8,72.8
Tc,2s,2d,Ks,8h,,,3,2,32.6,2.2,65.2
Kc,3d,5d,Kh,4s,6d,,4,4,29.2,7.6,63.2
4h,Jd,,,,,,0,2,27.0,3.2,69.8
2h,Th,Ad,Ts,6s,,,3,2,46.0,4.6,49.4
Qd,Ts,Kh,8c,9h,8h,Kc,5,7,0.0,0.2,99.8
7s,5d,8s,Jd,8d,,,3,6,5.0,1.6,93.4
Qh,6d,Tc,9c,9s,6c,,4,3,18.8,1.6,79.6
5s,Kh,5c,4d,5d,2c,,4,8,41.8,5.4,52.8
Td,3d,Jc,6c,4h,3c,,4,4,6.6,0.0,93.4
Kd,Ad,6s,7h,9c,3c,,4,1,42.6,1.4,56.0
9c,5c,Qc,2d,2h,Kc,8h,5,4,0.0,0.0,100.0
2s,6s,,,,,,0,8,10.0,0.8,89.2
2s,6h,Ts,5s,8d,,,3,5,3.6,0.8,95.6
8c,Kd,Kc,Ad,Ts,6h,5d,5,5,28.0,2.0,70.0
Tc,4d,Ks,Jd,Js,Qd,Th,5,4,0.6,0.8,98.6
9h,8h,Qs,Jh,4s,,,3,6,10.4,1.0,88.6
8h,4d,Jd,Ac,2d,,,3,6,1.4,2.2,96.4
8c,Kc,,,,,,0,4,23.6,2.0,74.4
Qd,9d,9s,3d,Ks,,,3,7,16.6,2.0,81.4
As,4h,7d,6d,8h,,,3,6,4.0,3.4,92.6
5h,7h,5s,8s,3h,2s,Kd,5,1,57.8,0.6,41.6
Kh,6d,Qs,Kd,6h,Qh,,4,4,39.4,13.0,47.6
Kd,8h,3h,Kc,5h,2h,3d,5,8,11.2,0.4,88.4
2c,9h,4d,9d,Td,Jh,,4,5,6.0,1.2,92.8
3c,Td,7h,4h,2s,,,3,8,2.8,1.2,96.0
7s,5d,3d,6h,Js,As,,4,2,11.6,0.6,87.8
3h,Qc,,,,,,0,4,12.6,2.0,85.4
6h,9h,2d,5c,Qs,Ac,,4,7,0.2,0.0,99.8
Jd,3h,As,Qs,6c,7h,,4,4,1.0,1.0,98.0
Jd,6d,,,,,,0,7,10.6,3.2,86.2
6d,Kd,,,,,,0,4,22.8,3.6,73.6
Ah,3h,7c,Qs,4c,6h,,4,1,37.8,3.2,59.0
8c,2d,9c,3c,2s,,,3,5,11.4,0.8,87.8
Kc,5h,2d,Js,4s,3c,,4,3,12.0,4.8,83.2
9c,9h,Qs,4s,2h,Ah,3d,5,3,12.8,0.0,87.2
2d,3s,,,,,,0,4,10.6,1.4,88.0
9s,8c,,,,,,0,2,30.0,3.8,66.2
6d,Qh,Kh,Kd,9d,Ad,2d,5,3,40.8,0.0,59.2
Kh,7c,,,,,,0,5,14.8,4.6,80.6
Tc,5d,,,,,,0,2,29.2,3.8,67.0
Ts,3s,Td,7s,Qh,,,3,2,48.4,4.0,47.6
2c,4d,,,,,,0,8,6.2,1.8,92.0
3c,Qs,Ks,Kh,Kc,,,3,2,27.6,12.6,59.8
2d,Jh,Th,8s,4c,,,3,5,4.4,2.2,93.4
Ad,Js,7c,3s,Ah,,,3,5,50.4,1.8,47.8
Ad,6c,As,Qs,9s,,,3,5,19.8,6.4,73.8
2s,Jc,2c,Ad,4h,8h,,4,7,6.6,1.2,92.2
9s,3s,3h,5c,Ac,Ts,8s,5,2,21.8,1.0,77.2
2d,8s,Ah,Js,9d,,,3,6,2.0,1.4,96.6
3d,Qc,Kc,5c,7d,2d,,4,3,6.2,0.2,93.6
5s,8d,6d,8c,Qh,,,3,8,10.4,3.0,86.6
4h,Th,Ks,Ad,2s,7c,,4,2,5.8,2.0,92.2
Qc,6h,,,,,,0,7,10.6,1.8,87.6
Ac,8s,,,,,,0,8,10.8,3.0,86.2
4d,Kd,Td,5h,Qc,Js,7c,5,5,0.0,0.0,100.0
Ah,Qh,Jh,Qs,Qc,,,3,7,70.0,7.2,22.8
6s,Th,,,,,,0,2,25.4,3.4,71.2
6c,4c,6d,7h,Jd,,,3,8,7.2,2.0,90.8
Ks,8s,,,,,,0,7,14.8,2.8,82.4
8c,7h,3c,Th,6d,,,3,6,18.8,1.8,79.4
4s,5d,Tc,2c,Th,,,3,1,19.6,4.4,76.0
Qd,5c,,,,,,0,1,48.2,2.8,49.0
9s,6h,,,,,,0,2,29.4,3.8,66.8
Qc,Ts,6c,3s,6h,7c,,4,2,14.6,1.8,83.6
Td,Kc,Jh,6c,7s,8h,Qs,5,6,0.0,0.0,100.0
Tc,7h,,,,,,0,7,9.8,3.0,87.2
9c,6c,Jc,Js,4s,3h,,4,1,22.2,0.8,77.0
6c,Kc,9s,Tc,Jd,Ad,8d,5,7,0.0,0.0,100.0
Kc,7s,Td,Ks,4d,9d,,4,6,14.4,3.0,82.6
Ts,Tc,6h,8s,Jc,9s,2h,5,6,16.8,0.0,83.2
Th,Tc,,,,,,0,7,21.0,2.8,76.2
5s,2s,,,,,,0,4,16.2,2.8,81.0
4d,9h,Kc,7c,9d,3h,As,5,3,27.8,3.8,68.4
Jh,9c,6s,Js,Kd,,,3,4,26.8,3.0,70.2
6c,7d,4s,8d,Kd,Ks,2c,5,2,0.8,0.0,99.2
Td,Ks,9c,Tc,Ad,Qs,,4,3,33.0,4.0,63.0
3s,4c,4d,4s,Jd,Ks,,4,6,59.4,12.4,28.2
4h,Jd,4d,5h,Td,Jh,,4,7,46.4,2.6,51.0
2s,Qc,5h,Jh,Jc,8d,Ac,5,4,0.8,1.0,98.2
Jd,5s,,,,,,0,3,18.4,3.8,77.8
4c,Th,5s,9s,2c,Td,,4,8,13.4,4.0,82.6
4h,Qd,9h,9d,3h,7c,Js,5,2,4.8,2.2,93.0
3s,2s,6d,8d,8c,9c,,4,1,5.0,7.4,87.6
2c,Ts,,,,,,0,6,7.0,2.4,90.6
2h,Js,Tc,Jd,Kc,3s,,4,8,5.4,2.6,92.0
5h,6d,7s,3h,8s,9s,8d,5,8,45.2,3.8,51.0
8s,3h,Td,As,4d,,,3,6,1.6,0.6,97.8
Qd,8c,Qc,2s,Jc,,,3,1,80.4,2.8,16.8
Th,Ac,,,,,,0,4,24.8,2.6,72.6
Qd,7d,Jc,2c,8d,,,3,5,8.4,0.8,90.8
Js,6h,Ks,4d,Ah,,,3,3,8.6,3.8,87.6
Ac,7s,Kc,Jc,8s,3c,,4,6,20.6,1.0,78.4
4d,5d,Qs,Qc,4c,Kc,9c,5,7,0.0,0.0,100.0
Qd,9d,,,,,,0,4,26.2,1.6,72.2
5d,Tc,Ts,2c,3c,6h,Qd,5,8,5.0,0.4,94.6
6d,Ks,7s,8d,3d,Kh,As,5,6,13.8,4.4,81.8
7c,3d,Ah,6c,Qd,8s,,4,4,0.6,0.4,99.0
Qs,6d,,,,,,0,2,29.4,5.2,65.4
8d,Ac,9h,Kh,Td,Qs,Ts,5,2,8.8,7.8,83.4
Qd,Jh,,,,,,0,2,38.6,2.2,59.2
Qd,Kc,4c,3c,Ts,7d,9s,5,5,0.0,0.0,100.0
As,2h,,,,,,0,2,32.6,2.4,65.0
Ad,Ts,,,,,,0,2,43.0,3.0,54.0
2s,Ah,Th,2d,9s,4s,,4,2,29.4,0.4,70.2
8h,3d,,,,,,0,6,6.8,3.4,89.8
2s,9h,Th,Ac,4h,3h,5s,5,5,36.8,33.6,29.6
Ts,5c,3s,Qd,6s,3c,,4,7,0.8,0.4,98.8
Ad,7c,8h,2c,3d,2h,,4,7,1.4,1.6,97.0
8d,Kh,5s,7c,2s,5c,2h,5,1,43.0,8.6,48.4
2d,Qh,5h,5c,Ac,Qs,5d,5,5,18.2,15.6,66.2
3s,Kd,Ad,Td,Qc,7d,Jh,5,6,28.6,53.4,18.0
Qd,2h,Qh,Ah,3d,2s,Kd,5,3,70.8,1.6,27.6
9s,Ah,,,,,,0,8,11.4,2.4,86.2
4d,Js,,,,,,0,4,14.4,3.8,81.8
2d,As,4d,9s,4c,3h,,4,7,6.6,2.2,91.2
Kd,9d,2c,5c,9s,4s,Qd,5,8,6.0,0.8,93.2
6s,4c,9s,Ac,8s,Ts,7d,5,5,14.6,14.0,71.4
2s,3s,Qs,6h,8d,8s,,4,7,12.0,0.0,88.0
7h,Tc,,,,,,0,4,19.2,3.2,77.6
5s,Jh,,,,,,0,3,23.4,2.8,73.8
3d,5h,Ac,2h,7c,Jd,,4,8,9.4,0.4,90.2
Th,6c,,,,,,0,7,9.2,3.6,87.2
8h,Qc,6c,5h,Js,,,3,5,9.8,2.6,87.6
3h,6c,2s,As,8d,4s,,4,2,7.6,0.0,92.4
3c,Kd,4d,3d,5h,,,3,7,9.0,0.8,90.2
Ah,3s,Tc,Jh,2h,3h,,4,1,69.6,0.8,29.6
Ks,8c,4c,9h,Ac,,,3,1,53.0,2.6,44.4
Qh,Jc,Td,5s,Qc,4d,2h,5,8,25.0,1.4,73.6
7d,Js,2d,Jh,8h,,,3,4,36.2,2.8,61.0
7d,9s,Js,7s,Td,,,3,3,29.2,8.0,62.8
7h,Ad,Jd,Tc,Qh,Js,,4,5,3.8,7.2,89.0
Th,Kc,,,,,,0,8,14.2,2.8,83.0
5c,9d,Ac,2h,3d,Qd,,4,6,3.4,3.8,92.8
6s,2d,,,,,,0,3,17.4,3.4,79.2
8c,3d,,,,,,0,2,19.6,3.2,77.2
6d,Ks,8c,9s,Jh,Kd,3h,5,1,76.6,4.8,18.6
8h,Ah,,,,,,0,8,15.4,2.4,82.2
3c,4d,8s,Ad,7h,,,3,2,6.0,1.4,92.6
Qh,Td,3h,2s,6s,Ks,Ad,5,7,0.0,0.0,100.0
Ks,9h,8c,Qd,Js,Tc,,4,2,88.2,5.2,6.6
2h,9d,,,,,,0,7,6.4,2.0,91.6
7c,3s,2h,9s,Js,Kc,Th,5,1,8.0,3.8,88.2
Ah,5h,Qc,5d,4s,,,3,6,15.4,1.2,83.4
Tc,4s,Ah,8c,As,7s,4c,5,4,6.6,1.2,92.2
Jd,Qh,8c,2s,6d,6s,,4,4,8.0,0.4,91.6
Jd,2s,Qc,2d,6d,Kc,,4,1,50.4,1.8,47.8
7h,2h,,,,,,0,7,10.0,1.0,89.0
Td,8s,Ks,2d,6d,Ac,4c,5,7,0.0,0.0,100.0
Tc,Kc,,,,,,0,4,27.6,2.0,70.4
Tc,7h,8h,Qh,Kh,,,3,1,49.6,4.0,46.4
As,3h,8h,4c,8c,Jh,,4,1,44.8,4.0,51.2
7c,7d,,,,,,0,6,18.6,0.8,80.6
3d,Kd,9c,5c,4s,,,3,3,11.0,4.2,84.8
Kd,9d,2c,Tc,Td,6s,,4,3,13.2,1.8,85.0
5s,Qc,9s,Tc,Kh,Kd,3h,5,8,0.0,0.0,100.0
Th,Tc,3s,Kc,5s,As,2h,5,1,53.2,0.2,46.6
Qd,5d,,,,,,0,7,10.4,3.0,86.6
Jc,3s,Ac,7c,Qh,2d,9c,5,6,0.0,0.0,100.0
9d,8h,,,,,,0,8,8.6,3.4,88.0
Qs,6d,4h,2d,7s,Th,,4,7,2.0,0.0,98.0
6s,7d,5s,7s,3c,,,3,1,70.8,4.8,24.4
6c,2h,,,,,,0,3,14.6,1.6,83.8
Kh,7s,8s,8d,5d,9h,,4,7,3.4,5.4,91.2
9h,Js,6c,Qd,8d,8s,Jh,5,6,8.6,4.8,86.6
Ah,7d,2s,Th,5s,,,3,3,16.6,1.2,82.2
Qs,3s,9h,2h,Th,5h,8h,5,8,0.0,1.6,98.4
8c,Ac,3s,5c,Qh,,,3,5,12.2,0.6,87.2
5h,Tc,,,,,,0,6,9.4,3.8,86.8
8c,Ts,,,,,,0,2,31.6,5.2,63.2
8h,6d,Kd,Th,Ah,Ac,8s,5,8,0.6,0.6,98.8
9d,Kd,,,,,,0,6,18.6,1.4,80.0
Qc,5h,Kh,6c,Js,Kd,7s,5,5,0.0,0.0,100.0
7s,7d,2s,8d,9d,,,3,3,27.4,1.2,71.4
Kc,8s,9h,Ac,3d,,,3,4,6.0,1.6,92.4
6s,Kh,,,,,,0,1,53.4,3.4,43.2
Jd,4h,Kd,6c,6h,3h,Kh,5,3,6.0,5.2,88.8
Th,Kc,Qd,2s,7c,7d,Ks,5,8,12.6,20.4,67.0
5s,5h,,,,,,0,6,15.6,1.0,83.4
4s,Kc,5c,3d,Js,Qh,,4,8,1.4,0.4,98.2
7c,As,Kh,Ad,2d,6s,7s,5,5,88.6,1.4,10.0
9s,Qs,Kc,As,Td,Th,,4,4,6.0,10.0,84.0
9d,8h,,,,,,0,3,23.6,3.0,73.4
Ah,7c,Kc,5s,9h,2d,6h,5,5,0.2,0.0,99.8
Kh,3s,Ah,6h,Jh,6c,,4,4,23.0,4.2,72.8
Tc,9d,,,,,,0,3,24.2,2.8,73.0
3s,9h,6d,4h,Td,,,3,6,1.0,0.6,98.4
4h,Jh,,,,,,0,4,17.6,3.4,79.0
7s,5c,,,,,,0,1,38.2,7.4,54.4
3h,4d,4s,Td,6h,Ac,,4,3,17.6,1.8,80.6
Jh,8d,9h,Ah,9c,,,3,7,5.0,1.8,93.2
Tc,Ah,Qc,9s,2h,,,3,6,7.2,0.8,92.0
5h,Ac,,,,,,0,4,19.8,4.2,76.0
Qc,3h,Ts,9c,Qs,2d,,4,5,23.2,5.8,71.0
Jd,6d,4c,4s,Ts,Jh,5h,5,4,39.6,10.6,49.8
6c,5c,Jc,4s,Kh,,,3,7,9.8,0.6,89.6
Qc,5h,9d,8c,5c,9h,7h,5,7,0.4,0.2,99.4
Kc,6s,9h,8h,Td,9d,9c,5,1,38.4,8.2,53.4
4c,8c,2h,9d,3d,,,3,4,5.2,1.2,93.6
Ac,2c,Qd,6d,Jh,7d,Ks,5,2,5.2,2.4,92.4
Qd,9c,,,,,,0,8,12.4,2.8,84.8
9d,9s,,,,,,0,8,15.2,1.4,83.4
3c,5d,7h,8h,5s,,,3,3,17.0,2.4,80.6
3s,8d,,,,,,0,2,18.4,2.4,79.2
As,Kc,2s,2c,7c,Jh,Th,5,7,0.6,0.0,99.4
3h,Js,,,,,,0,7,7.2,1.8,91.0
6h,4d,2h,5s,3s,7h,,4,1,93.6,2.8,3.6
2d,Jh,Td,8h,7d,Jc,4d,5,8,2.2,0.4,97.4
Ts,Ks,2s,Tc,Kc,3d,Js,5,6,71.6,1.6,26.8
Js,Kh,4c,Kc,5s,7h,9c,5,7,18.2,1.0,80.8
Qh,Qs,3h,Ts,Kd,4c,8s,5,7,15.2,0.0,84.8
9c,7d,9h,2d,Ad,,,3,1,72.8,1.2,26.0
9d,Kc,4s,3d,5c,5d,,4,5,5.0,0.8,94.2
7c,9c,,,,,,0,2,30.8,4.0,65.2
Ah,3h,2s,Th,2d,,,3,6,7.8,4.0,88.2
6c,7c,9c,9d,8s,,,3,5,19.8,3.2,77.0
Ah,6c,Ks,6d,Qd,,,3,5,16.6,1.4,82.0
6d,Qc,5c,7d,Jd,,,3,8,3.8,1.6,94.6
5c,3h,,,,,,0,7,10.2,1.4,88.4
Qs,Th,,,,,,0,3,30.8,3.0,66.2
6h,7s,Td,Ks,Th,3d,,4,8,0.2,0.6,99.2
6s,Td,8h,8c,Qs,,,3,5,2.4,4.4,93.2
2c,8s,Qc,Jh,Td,6c,,4,7,0.8,1.8,97.4
5c,Kh,Ac,5d,Qd,4d,2h,5,7,0.4,0.0,99.6
8c,Qs,,,,,,0,1,51.0,4.4,44.6
9d,2d,,,,,,0,1,39.0,5.4,55.6
Th,4c,Qc,Ks,As,3s,7s,5,8,0.0,0.0,100.0
8h,7c,4d,Qc,Jd,7d,,4,6,7.2,1.0,91.8
7d,9c,Ks,Kd,5h,2h,6h,5,8,0.0,0.0,100.0
8h,Ac,2c,7d,6s,Jd,Tc,5,7,0.0,0.0,100.0
9d,9h,,,,,,0,8,19.2,1.2,79.6
Jh,2h,Qh,Qs,Ac,4c,Th,5,2,10.0,6.2,83.8
Ac,Tc,,,,,,0,8,16.8,2.8,80.4
6d,7d,4h,6s,5c,,,3,4,28.8,16.8,54.4
2h,4h,Qd,3h,Ac,3s,Kd,5,3,0.0,11.0,89.0
5c,Kc,4c,Td,Kh,8s,,4,4,44.0,5.8,50.2
9s,8d,,,,,,0,6,14.0,3.2,82.8
7h,Kc,5c,7c,4d,Js,,4,2,43.8,0.2,56.0
9h,Qh,7h,6h,5s,5c,7c,5,2,8.6,4.6,86.8
Qc,3h,Ac,As,Tc,Js,5h,5,5,0.0,0.0,100.0
3h,6c,5d,Tc,3c,8h,6h,5,1,89.2,0.2,10.6
4d,Qh,,,,,,0,1,54.2,3.0,42.8
9c,3h,4h,Js,2d,,,3,1,27.6,2.0,70.4
Tc,Ad,,,,,,0,6,19.6,1.8,78.6
Jd,7c,5d,2s,2d,Kc,,4,3,5.0,2.4,92.6
Jd,2d,8d,7s,3h,Kd,,4,6,17.6,0.4,82.0
9h,8d,5h,As,8s,6c,9c,5,2,62.4,1.2,36.4
Jc,3d,Tc,6s,4d,2c,,4,5,5.0,3.6,91.4
Qc,4d,Td,Th,Ad,2s,,4,3,8.0,5.2,86.8
Jd,2s,Kh,6d,Js,,,3,6,17.0,4.2,78.8
3d,Tc,8c,6s,6h,2d,,4,8,1.0,0.4,98.6
9h,5s,Jc,8c,Jh,Ah,8d,5,1,0.0,68.0,32.0
Th,7s,5d,9d,Ad,Qh,Ah,5,8,0.0,0.0,100.0
3s,2h,Qd,6c,Kh,,,3,6,2.8,0.2,97.0
Ad,Td,Jh,2c,5d,,,3,1,55.0,1.0,44.0
8h,Kd,Ts,Jd,2d,3c,5h,5,4,0.0,0.0,100.0
2s,6h,Qh,2h,Kd,Qd,5c,5,2,30.0,6.4,63.6
Ac,8c,5s,Jh,9s,,,3,7,3.2,2.0,94.8
9c,Ts,4c,Th,4d,6h,,4,6,20.2,5.0,74.8
6h,9c,,,,,,0,7,8.4,2.6,89.0
6d,9d,Tc,Th,3c,8d,,4,7,6.2,1.8,92.0
Ks,2s,3d,Td,Kh,,,3,8,16.0,5.8,78.2
6h,9d,,,,,,0,4,17.0,2.4,80.6
Qd,9h,Ks,6d,5h,Ah,Ts,5,8,0.0,0.0,100.0
4s,8h,5c,4c,9c,9h,,4,3,16.4,3.0,80.6
2s,4h,Kd,5c,Td,Jh,,4,5,0.0,0.2,99.8
4h,As,,,,,,0,4,18.0,2.4,79.6
9d,4d,9s,Qs,3d,,,3,7,16.2,2.4,81.4
Jd,4c,5s,7d,8h,Kd,Kh,5,6,0.0,0.0,100.0
Tc,Ts,8h,5c,Ks,8d,,4,5,21.6,0.0,78.4
7s,7d,Qs,4d,3c,5s,,4,5,15.0,4.0,81.0
3s,Jh,5d,7s,As,6c,,4,5,1.8,1.0,97.2
6d,5s,8d,5c,4d,2s,5h,5,4,65.4,1.0,33.6
4c,4h,6s,2c,Kc,9c,Kh,5,6,3.0,0.0,97.0
2d,8d,7s,2h,Ad,,,3,2,32.4,4.0,63.6
Qd,4d,5c,3c,Ac,,,3,4,6.6,5.4,88.0
8d,Ad,9c,2c,9h,,,3,1,52.8,5.4,41.8
5s,Jc,6h,9s,5h,Ts,,4,8,7.6,0.2,92.2
3s,6h,4s,7s,Ts,,,3,4,13.2,2.6,84.2
7d,9c,Kd,Ad,4c,6d,,4,8,2.2,0.0,97.8
5h,Kc,,,,,,0,6,14.4,2.6,83.0
5s,Tc,Jd,3d,2s,7d,2h,5,7,0.0,0.0,100.0
5d,Th,3h,9c,Qh,,,3,2,16.6,2.2,81.2
4c,2d,9s,3d,Ts,2c,,4,8,4.6,0.8,94.6
Qd,4c,9c,Jh,Ts,Ad,,4,2,18.8,6.2,75.0
8h,Js,,,,,,0,5,15.8,2.4,81.8
Qc,9h,,,,,,0,7,14.0,2.4,83.6
9s,8h,Js,8s,Kh,Kd,,4,7,2.6,5.8,91.6
Ac,7d,8d,Td,3d,Th,,4,6,5.8,0.8,93.4
8d,9s,4s,7s,6c,2s,3d,5,1,0.0,1.0,99.0
Kc,Kd,5s,8s,2c,7c,7d,5,1,87.0,0.2,12.8
9d,5s,Kh,3s,5h,8c,Jd,5,5,5.8,0.4,93.8
6h,Kc,8d,6d,Td,3h,,4,5,8.4,0.2,91.4
6c,Jc,4h,7d,Ad,2d,,4,3,3.6,0.2,96.2
2h,Kh,,,,,,0,6,13.0,2.0,85.0
9s,Jc,As,Ah,Ad,4h,Qd,5,2,16.6,9.8,73.6
8h,Jd,4c,9d,Qs,8d,,4,8,7.6,6.0,86.4
3c,Js,8h,Ad,Qc,,,3,5,4.0,1.8,94.2
6d,2h,7c,5s,Tc,4c,2d,5,3,4.2,0.2,95.6
5c,Td,8s,5s,6d,Tc,Qd,5,6,52.8,0.8,46.4
9s,3d,,,,,,0,4,10.8,2.4,86.8
Td,6s,Kh,8d,Ad,5s,8h,5,4,0.0,0.6,99.4
2s,4h,As,Kh,Ac,2c,,4,8,1.0,2.0,97.0
Jc,2s,Kc,8c,4s,5d,,4,8,0.4,0.4,99.2
Jh,Js,,,,,,0,6,27.0,0.4,72.6
2h,3d,Ts,Qh,Jd,,,3,1,11.8,12.4,75.8
Jh,Ks,Kd,Js,4s,Ah,2c,5,7,57.4,2.4,40.2
Qd,8d,,,,,,0,2,35.2,3.0,61.8
8h,Jd,2d,3d,Ad,5c,,4,4,17.6,2.2,80.2
Ts,Kc,,,,,,0,8,12.8,3.8,83.4
4c,4d,3c,As,5d,,,3,8,10.6,6.6,82.8
Ks,4d,9h,Ad,6d,,,3,5,3.4,1.0,95.6
8d,Jh,5h,Kd,Ac,,,3,2,14.0,4.2,81.8
8h,Kh,6s,2h,6c,Ts,,4,8,0.6,0.8,98.6
9c,4s,9s,Ac,8h,5h,As,5,7,15.8,9.6,74.6
9d,6h,6c,7s,Ad,8d,6d,5,8,37.4,1.4,61.2
Js,5s,,,,,,0,6,13.8,2.6,83.6
Kc,Qs,Tc,3h,8s,Qh,5c,5,6,43.2,2.0,54.8
4h,3c,Js,6c,8h,Qd,,4,3,0.6,0.2,99.2
7h,Qh,Ts,8d,Th,,,3,3,12.8,4.6,82.6
Td,Js,5h,3c,6c,As,,4,4,3.8,0.4,95.8
3d,2c,,,,,,0,1,29.4,5.2,65.4
3s,Qh,6d,Jh,7d,,,3,6,3.4,1.0,95.6
5c,Qd,Tc,Js,4h,9c,Ad,5,5,0.0,0.0,100.0
5c,Ks,Ts,2c,6d,8d,,4,1,26.8,3.0,70.2
Jc,Td,,,,,,0,4,24.8,3.0,72.2
2c,5c,9c,2s,Td,8s,Qs,5,1,25.8,5.4,68.8
2c,Ks,Ts,2h,7c,,,3,5,14.6,1.2,84.2
7d,6s,Qd,8c,5s,2s,Jc,5,4,0.0,0.0,100.0
Kh,8s,Qc,6c,3s,2s,5d,5,2,2.8,0.4,96.8
Qh,3h,Kc,7c,Ah,2s,4s,5,3,1.6,0.0,98.4
5d,Kd,Td,Jc,Qh,4s,,4,2,19.8,5.6,74.6
9d,Ah,4h,Ad,Jh,,,3,7,34.6,3.8,61.6
7c,Jd,Ks,Qd,Kh,2h,8c,5,3,2.2,1.0,96.8
Ts,4c,Js,8c,9h,,,3,4,15.6,10.4,74.0
6s,Ad,As,9d,Ts,6h,,4,2,79.6,2.4,18.0
5s,Jd,,,,,,0,8,6.2,3.4,90.4
3h,8h,,,,,,0,6,11.0,2.8,86.2
Th,As,Ah,9h,Jh,,,3,7,32.2,5.2,62.6
Jc,9c,,,,,,0,6,17.8,2.2,80.0
5c,Td,5d,2d,9d,,,3,3,45.4,1.0,53.6
8c,Kh,Tc,Qd,9c,Ts,,4,3,8.6,6.2,85.2
8c,Th,,,,,,0,2,34.0,3.8,62.2
8h,4h,4s,Js,8s,5s,,4,8,7.2,1.6,91.2
6c,Qc,,,,,,0,2,32.8,3.8,63.4
5s,6d,7s,Tc,3d,Ad,Ah,5,2,0.0,0.4,99.6
Ac,5s,4c,8c,Kd,6h,Tc,5,2,7.6,1.2,91.2
3c,8d,Kh,8s,Tc,,,3,7,6.0,1.2,92.8
Kh,2d,7s,2h,Ah,Ks,Jd,5,8,54.2,2.2,43.6
9h,Tc,9c,Js,Kh,,,3,1,70.8,5.2,24.0
Ad,5h,6h,Ts,As,,,3,1,79.0,3.8,17.2
Jc,4h,5h,6d,Ac,7d,8c,5,4,22.6,19.0,58.4
8d,6s,6d,Qh,3s,7h,,4,6,6.8,0.8,92.4
As,6c,5h,2s,6d,Ad,,4,3,78.6,0.8,20.6
Ac,Ts,4c,5c,4h,5h,,4,4,10.8,11.6,77.6
7c,9c,6h,8s,3h,5c,,4,6,77.4,10.0,12.6
4s,4h,6s,Jh,Ts,,,3,1,51.4,0.4,48.2
3s,Tc,Ah,5c,7c,3h,3d,5,6,65.6,0.4,34.0
5c,2c,5h,9d,Ts,7d,,4,5,8.2,0.8,91.0
4s,6d,4h,3d,8d,6h,8c,5,6,17.6,3.2,79.2
9d,4c,Ks,2c,Jh,,,3,6,2.0,0.4,97.6
Ks,4d,Ac,Kd,8d,9c,,4,5,24.6,5.4,70.0
6d,2d,8h,4h,Jc,3c,,4,5,9.0,0.6,90.4
3s,7c,7s,5d,8s,4c,Ac,5,8,0.0,0.0,100.0
Ks,3c,5s,Qs,6c,Ts,Ah,5,3,2.0,1.0,97.0
8h,3c,2s,4s,5d,3s,,4,8,0.2,1.6,98.2
8c,9c,7h,3h,5s,,,3,7,14.0,2.6,83.4
4s,8d,5h,2h,Kc,8s,Ad,5,6,3.6,0.8,95.6
8s,Ac,5s,Jh,6s,Kd,,4,4,6.0,0.8,93.2
6h,Qs,Ks,3h,2s,7s,,4,5,18.2,0.2,81.6
Js,8h,Ad,5h,7c,,,3,6,6.0,2.0,92.0
2c,3c,Ad,6s,6c,,,3,4,5.8,4.4,89.8
7d,9d,9h,Tc,3c,Kd,Qd,5,3,9.0,2.0,89.0
6s,Ah,,,,,,0,7,9.4,2.2,88.4
Qs,Qc,9c,7s,7d,As,,4,2,58.6,0.2,41.2
8h,8s,8c,Kc,5d,9h,,4,6,67.6,0.0,32.4
4s,As,,,,,,0,7,15.8,2.0,82.2
5h,6d,,,,,,0,6,11.4,2.2,86.4
Jh,4d,2h,9d,8h,,,3,8,3.2,1.8,95.0
Ac,5c,Th,6c,6h,Qh,5d,5,6,2.2,0.2,97.6
9d,Kh,,,,,,0,2,36.0,1.6,62.4
4s,Kd,,,,,,0,8,9.4,1.8,88.8
Js,4c,Qh,7h,2s,Qd,,4,7,1.6,0.6,97.8
7h,7s,,,,,,0,7,18.0,0.8,81.2
Js,4c,4d,Jd,3s,5d,Kd,5,8,0.4,0.0,99.6
As,4c,8h,3s,Kh,8s,,4,6,3.0,1.8,95.2
3d,8d,3c,Ks,8c,4d,Jh,5,2,84.8,0.4,14.8
Qc,2c,5d,As,Tc,,,3,6,5.2,3.6,91.2
Qs,Td,8h,5d,2h,Jc,,4,5,13.6,0.4,86.0
2h,Jh,9s,Td,9h,Ks,,4,8,1.0,4.2,94.8
2s,Jh,,,,,,0,7,6.6,2.8,90.6
8h,5c,Jh,9d,As,,,3,4,4.4,2.8,92.8
7h,5s,,,,,,0,1,38.2,4.6,57.2
6h,5h,3s,Kh,2s,4c,Kc,5,7,79.2,4.4,16.4
2d,8d,,,,,,0,4,16.4,3.6,80.0
5h,6h,,,,,,0,2,30.4,3.2,66.4
9h,3c,,,,,,0,5,9.0,4.0,87.0
6c,3c,8c,4s,Tc,3s,,4,3,29.2,1.8,69.0
3s,4h,,,,,,0,1,33.6,6.8,59.6
Kd,Qh,2d,Qs,Ts,Ad,,4,2,61.2,4.6,34.2
6h,Td,7s,3c,4s,4c,Jh,5,8,0.0,0.0,100.0
5h,Ad,Th,Td,8c,5c,,4,3,30.8,4.0,65.2
8s,4s,2d,Kd,Ac,3d,3h,5,3,0.0,0.4,99.6
9c,Th,Kh,2d,7c,2c,Ts,5,2,41.4,8.0,50.6
As,2c,,,,,,0,5,14.4,3.2,82.4
Qd,7h,2s,9c,3s,Jd,As,5,2,4.8,0.2,95.0
9d,As,2s,3c,3s,6s,6c,5,8,0.4,4.0,95.6
7h,8c,Kc,4h,Qd,Qs,2c,5,3,0.0,0.0,100.0
5d,4d,6h,2s,5s,5c,Ts,5,8,33.8,5.0,61.2
7d,6d,7h,8d,7c,Tc,,4,6,46.6,11.0,42.4
3c,5h,,,,,,0,1,33.8,7.0,59.2
4d,Ts,,,,,,0,7,5.2,4.2,90.6
2c,9c,3d,Qs,Ad,Kc,,4,8,0.0,0.0,100.0
8c,8d,Jc,3s,5h,5c,9s,5,5,9.0,0.2,90.8
3h,Jd,5h,4d,9h,Jh,,4,2,57.2,1.4,41.4
Qs,7h,4h,3d,5d,Kh,,4,4,7.4,3.2,89.4
Qh,5h,,,,,,0,3,27.8,2.4,69.8
6h,Kd,Qh,Td,8d,Ah,5d,5,6,0.0,0.0,100.0
6c,5c,4c,Kc,Ad,,,3,6,29.6,0.4,70.0
6h,Jc,7c,9h,9d,Qc,3s,5,6,0.0,0.0,100.0
Ac,Ad,7h,Ts,Kd,4d,,4,6,44.0,0.0,56.0
Jd,Th,Ah,2c,6d,,,3,6,6.2,0.0,93.8
Jd,7h,8s,Ad,4d,Kc,3s,5,6,0.0,0.0,100.0
7h,9s,Tc,5h,6h,,,3,6,13.8,2.0,84.2
Th,Js,4d,3c,2c,6c,,4,3,2.6,2.4,95.0
5h,3d,9s,6d,Ac,Th,4s,5,6,0.0,0.0,100.0
Qh,8h,,,,,,0,8,12.8,2.8,84.4
Ah,9h,7d,Th,Jd,Tc,8h,5,2,70.4,21.2,8.4
Qc,6h,9s,2s,5c,Td,,4,1,24.0,2.0,74.0
Qd,7d,4h,6c,8d,4d,Kc,5,7,0.0,0.0,100.0
4s,6c,Jh,Ts,2d,,,3,3,7.2,0.6,92.2
9d,Tc,6d,9c,Kh,,,3,8,12.4,2.4,85.2
Qh,8c,,,,,,0,7,10.2,4.0,85.8
5c,Kc,,,,,,0,5,17.6,4.2,78.2
3h,5s,6h,Ad,Qc,2h,8h,5,7,0.0,0.0,100.0
Ac,8d,3c,Jh,9d,6h,2d,5,6,0.4,0.0,99.6
5s,As,3h,8d,3c,,,3,7,4.4,2.2,93.4
6d,3s,Jh,Qs,7c,,,3,7,2.8,0.6,96.6
7h,9s,Kh,Kd,9c,7d,Qd,5,6,5.4,5.6,89.0
Td,Qs,,,,,,0,2,41.2,2.4,56.4
Ad,Kd,3h,6c,7c,,,3,5,11.2,0.4,88.4
7h,Ah,8h,Qs,9s,Jc,,4,8,0.4,1.6,98.0
6d,Kc,5h,5d,9h,4d,7h,5,7,0.0,0.0,100.0
Ks,8h,2s,3d,5c,,,3,5,6.8,0.8,92.4
7h,5s,As,4d,Ad,Jc,6c,5,6,0.0,0.0,100.0
Jh,3c,8c,6h,Qc,Ah,,4,5,0.6,0.6,98.8
5s,8s,Jd,2s,Tc,Qd,,4,6,1.2,0.8,98.0
Th,Ah,,,,,,0,5,26.4,2.0,71.6
Jc,3s,5s,9d,4d,7d,Ad,5,8,0.0,0.0,100.0
8d,6s,As,5h,Jc,,,3,6,4.4,0.8,94.8
Ts,2c,Kd,7h,Kh,,,3,6,2.0,2.6,95.4
Ts,3c,5s,As,Kh,6h,,4,8,0.0,0.0,100.0
2d,8h,7d,3h,Kc,Jc,As,5,4,0.0,0.0,100.0
9d,9h,Js,3d,3c,7d,,4,5,22.0,0.2,77.8
2c,5h,Tc,8s,3s,Qh,,4,7,0.0,0.0,100.0
6s,Qs,6c,9s,Ah,8c,Kc,5,2,20.8,0.4,78.8
3c,Ah,,,,,,0,5,17.0,4.4,78.6
Kh,6c,,,,,,0,8,6.8,2.2,91.0
3s,2d,9d,5s,8h,7c,4c,5,5,0.0,0.0,100.0
Ks,9s,,,,,,0,3,30.8,2.6,66.6
Jc,Ah,Kh,Ac,Qs,8c,,4,4,53.4,7.8,38.8
8s,Th,,,,,,0,7,11.0,2.2,86.8
5d,3h,Qs,6d,Ks,Js,,4,4,0.2,0.0,99.8
9s,4s,Qs,2d,Js,,,3,7,31.4,1.0,67.6
Ks,4d,Jc,6s,6c,,,3,5,3.2,4.2,92.6
Kc,Ah,Ac,6d,9s,8c,,4,6,31.4,1.4,67.2
Kc,9h,5h,5s,9d,Qh,,4,6,11.4,3.4,85.2
Qh,9h,3c,Jc,5c,,,3,5,3.2,1.8,95.0
6c,9s,,,,,,0,8,7.8,1.6,90.6
9s,6d,,,,,,0,8,7.4,3.8,88.8
4s,8c,,,,,,0,3,17.6,4.0,78.4
8d,4s,Qc,3c,Ah,2c,3d,5,3,0.0,0.0,100.0
3s,Qc,9s,2h,5h,Ad,Qh,5,7,5.6,1.6,92.8
Qs,4c,5s,4s,6s,,,3,8,13.4,2.0,84.6
Kd,Ac,6h,5c,As,5h,Kc,5,7,38.2,1.8,60.0
Ah,6c,,,,,,0,3,20.4,4.4,75.2
Th,7c,,,,,,0,8,7.4,2.6,90.0
Jc,Tc,Td,5s,3c,,,3,4,45.6,2.0,52.4
Kd,Ts,4h,6h,6d,Qd,,4,3,9.6,2.6,87.8
3h,4d,3c,2c,Ts,,,3,2,39.6,5.8,54.6
5c,8s,Td,Jc,7s,8d,5d,5,6,11.0,0.2,88.8
Td,Ad,5h,Ac,6d,Qh,2h,5,3,58.0,0.8,41.2
2h,Kc,,,,,,0,1,46.6,3.4,50.0
Kh,5s,9d,6d,Qs,9s,,4,4,2.8,4.0,93.2
7d,As,3d,4s,5h,,,3,7,4.8,11.4,83.8
9s,8c,,,,,,0,3,24.6,3.0,72.4
8d,Ac,Qc,7s,5h,6s,Ks,5,8,0.0,0.0,100.0
9s,Kd,7h,Tc,8h,,,3,8,6.8,11.8,81.4
2h,3h,8d,Kc,As,3d,,4,4,9.4,2.8,87.8
Qd,Jh,3s,6s,6h,,,3,4,10.0,2.6,87.4
2c,Ad,3h,7d,Td,3d,7s,5,1,54.4,10.6,35.0
5h,Td,Qs,As,6s,Ac,8c,5,8,0.0,0.0,100.0
Jc,8h,Js,6c,5d,8c,Qc,5,7,37.6,1.6,60.8
Kh,6s,,,,,,0,7,11.0,1.4,87.6
Jc,Kd,,,,,,0,4,24.4,2.8,72.8
4c,6s,,,,,,0,5,9.2,2.2,88.6
Ad,Ks,Qc,4h,Jh,6d,,4,2,30.4,0.6,69.0
4s,6s,Jc,8d,Tc,Th,,4,5,0.0,0.2,99.8
7d,9c,Qc,3h,Jd,3c,,4,3,2.4,3.8,93.8
5s,7s,,,,,,0,6,14.0,2.6,83.4
Ks,9c,7c,7s,8c,4d,2c,5,5,0.0,0.2,99.8
5c,Jd,Kd,9h,6c,6s,6d,5,3,3.4,3.0,93.6
2c,9d,4d,3s,Jd,,,3,4,5.2,0.6,94.2
9d,Td,3h,8c,5d,,,3,6,14.2,1.0,84.8
2s,4s,Tc,7h,3h,,,3,3,7.6,0.8,91.6
Qs,5c,5h,Th,9s,,,3,8,9.4,1.2,89.4
8h,Ks,5d,Ah,7c,4h,,4,8,2.0,5.4,92.6
7s,Ad,,,,,,0,6,13.6,2.2,84.2
Th,4c,,,,,,0,5,7.8,2.8,89.4
6s,Kc,Qc,6d,7s,,,3,6,16.6,0.4,83.0
Ah,Jc,7c,8h,Kc,8d,As,5,3,55.0,17.8,27.2
2d,7c,8h,9s,6c,4c,,4,6,6.0,8.2,85.8
Tc,7h,2c,4h,3h,3s,,4,6,2.6,0.0,97.4
3d,Tc,Jc,3s,9s,Qc,,4,6,6.2,8.6,85.2
4s,7h,Ts,2h,Qc,8c,8s,5,3,0.0,0.2,99.8
2s,7s,Js,Jc,Jd,8s,,4,4,8.4,7.8,83.8
Ad,8s,Ks,Kc,2c,,,3,3,18.8,5.8,75.4
3s,Qh,8h,2d,Jc,,,3,7,2.4,1.4,96.2
9c,Ad,2h,2c,3s,2d,Jh,5,7,0.6,1.2,98.2
Ah,2d,Jd,Qd,7c,8h,,4,7,1.4,0.6,98.0
Ks,Jc,4c,6c,Ah,,,3,1,52.4,2.2,45.4
9c,Kc,3s,7h,2c,9s,7d,5,5,48.2,1.0,50.8
7c,Qs,Jd,Ks,9c,2c,5s,5,4,0.2,0.0,99.8
Th,Ah,2s,Jd,3d,2d,,4,5,4.0,1.6,94.4
Ah,8c,6s,5s,9c,3s,,4,4,5.8,1.6,92.6
Jh,7c,3s,6h,4h,Kh,,4,4,18.6,2.2,79.2
9s,Kd,3s,7c,2s,4d,2d,5,7,0.0,0.0,100.0
Td,Qc,,,,,,0,3,30.0,3.0,67.0
3d,5c,As,Ks,5h,6s,,4,5,5.2,1.2,93.6
Ah,2d,Jc,Qc,6s,,,3,3,8.2,3.6,88.2
8s,Kh,Ks,7c,9c,Ts,3d,5,4,47.6,1.8,50.6
5c,2h,,,,,,0,1,32.0,5.8,62.2
Th,Qh,,,,,,0,2,43.2,2.4,54.4
Kd,5h,Ah,4d,5c,7d,6c,5,2,12.8,0.4,86.8
9d,4d,Ac,8d,Ad,8h,,4,7,3.0,3.8,93.2
9c,Jd,,,,,,0,7,9.6,2.0,88.4
9h,6s,,,,,,0,3,18.4,4.2,77.4
5s,Th,3s,Qh,2c,6h,,4,8,2.8,4.2,93.0
3h,As,4s,2c,2d,4d,3s,5,2,52.8,1.4,45.8
Th,5h,9d,5s,Qd,Ac,,4,6,8.8,2.0,89.2
3d,6d,6h,7s,2d,5d,4c,5,4,25.4,21.2,53.4
5c,8s,Th,3s,Kc,,,3,7,0.4,0.4,99.2
Js,8c,6c,5c,Qs,,,3,1,37.2,3.6,59.2
Tc,4c,3d,Ah,Qd,4h,Th,5,1,83.0,0.6,16.4
Ts,Jc,6c,4c,3c,Qh,Th,5,2,49.2,0.6,50.2
5h,2c,,,,,,0,4,12.2,3.6,84.2
8d,Jd,6h,Ac,3s,Ks,2c,5,8,0.0,0.0,100.0
6d,2d,,,,,,0,7,10.0,1.8,88.2
Ah,3c,Tc,Ks,7c,3s,,4,5,12.2,0.0,87.8
8c,5c,,,,,,0,7,10.6,2.2,87.2
Ts,5h,,,,,,0,5,11.6,3.0,85.4
Qc,Ts,5s,6s,7c,Tc,9d,5,2,48.0,1.0,51.0
5s,Kh,,,,,,0,3,21.0,3.4,75.6
Kd,7c,5c,8s,9s,,,3,8,3.4,8.8,87.8
5d,Th,4c,Qs,Ks,,,3,3,6.2,3.6,90.2
Kh,9h,,,,,,0,6,17.4,3.0,79.6
Qd,2h,,,,,,0,3,19.2,3.0,77.8
Jd,9h,4h,Td,2s,5c,,4,1,20.2,0.6,79.2
Ks,Th,4h,4s,Qc,3c,,4,7,1.8,1.8,96.4
Jc,As,9s,7c,8c,6d,4s,5,3,0.4,0.4,99.2
7d,5s,Kh,4d,Tc,5d,Qs,5,4,5.0,1.2,93.8
5c,2s,,,,,,0,1,34.0,6.4,59.6
5s,9h,Jh,Tc,8s,,,3,4,12.4,10.4,77.2
Jh,Js,,,,,,0,5,32.8,1.2,66.0
Ad,8s,7d,8h,6c,2c,5s,5,7,0.6,0.2,99.2
8h,5s,Tc,4h,5d,Ah,,4,2,30.2,4.8,65.0
8c,2c,,,,,,0,2,25.8,4.4,69.8
5c,4s,,,,,,0,6,11.6,2.8,85.6
Ad,2s,,,,,,0,5,13.0,3.0,84.0
4s,Ts,5h,As,3s,,,3,3,40.2,4.2,55.6
8s,9c,,,,,,0,5,13.4,3.4,83.2
6c,3c,,,,,,0,2,22.6,1.6,75.8
Qh,Qs,9s,Qc,2h,,,3,2,95.0,0.0,5.0
As,Ad,8c,Qd,9s,9c,,4,7,33.0,0.2,66.8
Qh,5d,3d,3s,6d,4h,2d,5,4,39.6,30.8,29.6
9d,3c,2d,Kh,Jc,,,3,8,0.6,0.2,99.2
Td,5h,,,,,,0,5,10.4,2.4,87.2
9c,Td,3h,Jh,3s,7d,,4,3,10.8,2.0,87.2
8h,Qc,,,,,,0,8,6.6,2.4,91.0
4c,2s,5h,Th,9d,4s,Qd,5,7,0.0,0.0,100.0
5d,Jd,Ts,Ks,6s,7h,,4,7,0.0,0.4,99.6
Qh,8d,6d,Jh,9d,,,3,4,22.8,2.0,75.2
3h,Qd,7d,8h,5s,8c,,4,4,2.8,0.4,96.8
7s,6c,,,,,,0,3,20.0,2.8,77.2
2h,9d,Tc,Ts,8h,As,Th,5,2,4.4,4.2,91.4
Ks,Ah,2c,Th,4h,8s,6s,5,4,1.2,0.0,98.8
Qd,Qh,2s,Qc,4s,8s,6s,5,6,2.0,0.0,98.0
7s,Ah,3s,7d,6d,Jh,,4,3,34.8,1.2,64.0
4s,Ks,Ad,Td,Qd,2d,6h,5,4,0.0,0.0,100.0
9h,Ah,5d,Kc,5h,Kh,4d,5,1,67.6,11.8,20.6
Qs,2h,,,,,,0,8,7.6,3.2,89.2
5c,3d,Qs,Ah,4s,9d,,4,5,7.4,0.2,92.4
5d,4s,,,,,,0,5,10.6,1.8,87.6
5d,7h,,,,,,0,8,6.6,1.4,92.0
Ts,2h,3h,3c,9s,Kd,8h,5,4,0.0,0.2,99.8
Th,4c,,,,,,0,2,24.2,3.4,72.4
Td,Qs,Jh,2d,8s,Kd,3h,5,5,0.0,0.0,100.0
7h,3d,6h,7c,2c,,,3,2,45.0,4.0,51.0
4h,9s,Qc,3s,7c,,,3,2,8.4,1.2,90.4
5h,Js,Ts,8h,9d,Jd,5s,5,4,13.0,0.6,86.4
Tc,Qc,3h,5c,9d,,,3,8,10.0,0.2,89.8
3c,3s,,,,,,0,8,13.6,1.0,85.4
3d,9d,4s,4d,3c,9s,4h,5,1,84.2,10.2,5.6
Th,5d,Jh,6d,Qc,3s,Kh,5,8,0.0,0.0,100.0
Jc,7h,6s,8h,Qc,Ts,,4,3,8.6,3.6,87.8
Qd,2s,Ts,6h,3h,Ac,4h,5,8,0.0,0.0,100.0
Jh,Kd,4c,8d,5c,4h,5s,5,4,2.8,3.8,93.4
7h,7c,4s,Ts,6c,,,3,8,7.6,1.8,90.6
2c,4s,6s,6d,9s,Ah,3h,5,7,0.0,0.0,100.0
Qs,6h,Kc,4s,8d,5s,2h,5,4,0.4,0.0,99.6
7h,Ts,3s,2s,3h,8s,,4,3,15.0,0.8,84.2
Jc,2s,4d,7c,5h,Td,9s,5,8,0.0,0.0,100.0
5s,Ks,3h,4c,Qc,2h,,4,6,9.6,8.6,81.8
Qc,Ac,2s,Ah,Qd,,,3,6,68.6,2.6,28.8
8c,9d,,,,,,0,1,46.6,3.6,49.8
9d,5d,7d,7h,8s,Th,Ts,5,1,16.8,4.4,78.8
4d,Qs,,,,,,0,8,5.8,2.4,91.8
Qd,9d,Ah,Qs,7d,5s,,4,7,17.2,3.0,79.8
2s,8c,6s,5h,7d,Qc,5c,5,3,0.0,0.0,100.0
Qc,Ac,,,,,,0,6,25.0,1.0,74.0
7h,3s,7s,Ts,6c,Kc,,4,1,57.0,3.2,39.8
3d,Jd,9c,Kh,3c,3h,Qc,5,3,70.2,9.8,20.0
4s,Qs,5c,9c,8s,6h,,4,2,4.0,5.8,90.2
3c,Qc,5c,Th,Ad,Ac,,4,5,16.8,1.6,81.6
3h,Kc,3s,3c,9c,2h,,4,1,94.6,0.4,5.0
7s,Ks,Qd,6s,Qh,7h,Jh,5,6,8.2,0.6,91.2
3c,4s,,,,,,0,1,31.6,8.0,60.4
Kc,7s,8s,7d,2h,Jc,5d,5,1,62.2,0.2,37.6
6d,3h,,,,,,0,8,7.4,0.8,91.8
Qc,6s,2c,2h,Qs,,,3,3,48.0,8.6,43.4
Qs,4c,9s,7h,Td,8c,3h,5,8,0.0,0.0,100.0
Qs,7h,,,,,,0,4,14.6,3.4,82.0
2s,4s,,,,,,0,6,13.4,1.8,84.8
Js,4h,7s,Kc,9c,2c,,4,7,0.4,0.0,99.6
9s,3h,8d,Qd,6h,,,3,8,1.6,2.8,95.6
5h,2c,Kc,9s,3h,Ks,2h,5,6,0.8,1.0,98.2
2c,Ah,Js,7d,Qd,5s,,4,8,0.2,1.2,98.6
Ac,3c,9s,6h,6s,Qh,Js,5,7,0.2,0.0,99.8
Qs,Qd,7d,2s,Jc,4s,4h,5,8,34.0,0.2,65.8
Td,2c,5h,Ts,Jh,,,3,2,49.8,3.6,46.6
8c,4d,,,,,,0,6,7.6,3.4,89.0
Th,9c,8d,Kc,Qh,3h,,4,1,36.0,1.6,62.4
4h,4s,7c,Td,Kc,Kh,,4,8,3.0,0.0,97.0
Jc,8s,6s,8d,Qs,Qh,,4,8,12.8,4.4,82.8
Td,7s,6s,Jd,8h,2d,,4,7,6.0,0.4,93.6
3s,8c,,,,,,0,1,35.2,6.0,58.8
3s,2s,3c,8c,Kc,,,3,7,3.4,1.6,95.0
Ts,Qh,Ah,4c,2c,6c,8h,5,2,5.2,0.2,94.6
5c,Qs,2s,Td,Jh,,,3,3,10.4,3.4,86.2
5s,3c,8s,Js,4s,Ah,Qh,5,6,0.0,0.0,100.0
8d,Ad,,,,,,0,4,26.4,4.6,69.0
6s,2d,8s,7h,7d,,,3,2,9.6,4.4,86.0
8d,4s,,,,,,0,3,15.0,3.2,81.8
Tc,Kh,9h,4c,5c,4s,,4,6,2.8,0.0,97.2
7s,Kh,8c,Js,2c,,,3,1,43.8,1.6,54.6
5s,8c,Td,Js,Ah,2c,,4,2,4.2,2.0,93.8
6h,Js,2c,6s,8h,9d,Ah,5,5,3.2,0.0,96.8
8d,3d,,,,,,0,6,12.8,2.0,85.2
5h,7c,4c,Ah,Kd,3h,Kh,5,5,0.0,0.0,100.0
Kh,Ac,Td,Ad,Qh,6s,9h,5,1,88.0,0.2,11.8
5c,3d,,,,,,0,6,11.4,2.2,86.4
4c,7d,8s,6s,Js,Ac,,4,2,9.8,0.2,90.0
6h,8s,3c,6s,9h,Kc,Ad,5,8,0.2,0.0,99.8
Js,Jh,Qh,2h,3c,,,3,3,43.2,0.2,56.6
9s,Qh,7c,3d,Th,3s,Kd,5,7,0.0,0.0,100.0
8s,Js,Jh,6s,Ac,9c,,4,8,8.4,1.8,89.8
9c,2h,7c,Kh,7s,,,3,3,3.6,4.6,91.8
Kh,6h,3c,Jc,Tc,8d,Ac,5,5,0.0,0.0,100.0
6h,8c,2h,2c,Jh,4d,4s,5,7,0.0,0.0,100.0
4s,Ks,5s,9h,Td,Kc,,4,7,18.0,6.2,75.8
6d,8h,,,,,,0,2,24.0,4.4,71.6
3s,2c,8d,2s,Kd,2h,,4,3,78.2,6.4,15.4
8s,Kd,Qs,Kc,9s,,,3,8,17.2,5.6,77.2
9c,Tc,Ah,7s,7d,2s,6s,5,7,0.0,0.0,100.0
6h,Js,,,,,,0,1,46.6,6.2,47.2
Qc,Qd,,,,,,0,5,36.2,0.6,63.2
2c,9s,4h,5h,Js,6d,Ac,5,8,0.0,0.0,100.0
5h,Th,,,,,,0,8,8.4,2.6,89.0
Ad,7c,2d,7s,9s,3h,9c,5,6,42.4,2.0,55.6
5h,Js,6d,Kc,7c,Ks,Jc,5,8,8.4,4.8,86.8
9h,7c,Jc,5h,2h,4h,,4,5,5.8,0.2,94.0
Ah,8s,Th,9d,9c,3c,5d,5,5,1.2,0.0,98.8
5s,3c,As,Js,9h,3h,5c,5,4,70.6,1.0,28.4
7c,4c,Td,4h,Jc,2h,,4,7,8.8,1.2,90.0
8s,7s,Jd,Ts,Ad,6d,,4,1,21.6,5.6,72.8
Jh,Kd,7s,Kc,3c,,,3,5,42.4,2.6,55.0
Jc,9c,Ah,4s,Kc,,,3,6,6.0,1.0,93.0
4s,Td,Qc,3h,4d,,,3,4,19.8,1.8,78.4
Tc,Ts,8s,2s,Th,7d,,4,2,82.4,0.0,17.6
8d,3c,,,,,,0,2,21.8,3.8,74.4
5d,9d,Qs,2c,3d,,,3,6,6.8,2.4,90.8
8d,3d,9c,Ks,Qs,,,3,2,6.6,5.0,88.4
5c,5h,Kd,Jd,Qh,,,3,8,3.4,0.2,96.4
Th,Jh,7d,Js,4c,Td,6d,5,1,88.8,0.2,11.0
3h,Jc,2d,5h,3s,Kc,3c,5,4,77.6,0.8,21.6
9s,7s,Qd,6c,8c,Jh,Kh,5,4,0.0,0.4,99.6
4c,4d,Jh,8h,Jc,7c,,4,3,15.0,0.4,84.6
2h,Th,2d,7s,6h,,,3,4,18.2,1.6,80.2
8d,Qd,5d,3c,2s,8c,,4,4,29.8,0.8,69.4
Qc,5c,Jc,7d,3h,,,3,4,11.4,1.4,87.2
9s,Td,5d,4d,5c,Kd,,4,8,4.6,0.2,95.2
6c,8h,8d,6h,Td,5h,,4,3,57.2,1.0,41.8
Th,8s,7h,2s,Ah,9s,,4,4,18.6,0.6,80.8
3c,Tc,3s,Kh,Qd,,,3,5,15.4,3.2,81.4
Jc,8c,,,,,,0,4,23.4,4.2,72.4
Th,Kh,6h,2d,Qs,8c,,4,7,4.2,0.2,95.6
Td,5d,8h,4h,Ts,,,3,2,49.6,4.6,45.8
Jh,8h,,,,,,0,7,14.4,3.4,82.2
2d,Ts,Ah,9c,Td,,,3,3,35.4,6.6,58.0
Ah,3d,7d,Jh,Qh,5h,,4,2,31.6,2.2,66.2
7h,2d,,,,,,0,4,10.4,2.4,87.2
3s,Js,,,,,,0,6,15.2,1.6,83.2
3c,Td,7h,8h,5s,7s,,4,5,2.8,0.6,96.6
Jd,Qs,,,,,,0,1,57.0,2.4,40.6
Tc,Qc,,,,,,0,8,15.8,3.2,81.0
Ts,6c,3c,Js,Ks,2s,,4,5,11.8,0.0,88.2
8d,Kc,8h,5h,4c,,,3,4,28.8,1.6,69.6
Tc,7s,8h,Ts,Ah,Jh,Js,5,7,2.6,3.2,94.2
4h,2h,9s,Tc,Kh,,,3,5,3.4,1.8,94.8
7d,8c,2d,8s,8d,,,3,8,58.6,9.8,31.6
5c,9c,3s,2s,9d,Jc,,4,1,72.0,2.6,25.4
4s,7s,Kd,Qd,3d,,,3,5,1.0,1.0,98.0
Ts,Th,Ks,8d,5d,5c,,4,2,54.4,0.0,45.6
2d,8c,Td,3s,2s,6s,3c,5,5,2.4,0.6,97.0
Ts,9c,Td,7d,Qc,,,3,3,36.0,3.6,60.4
Th,6s,Jd,3h,5d,,,3,7,2.6,1.6,95.8
4d,Jd,Ts,8c,Ad,2s,Kc,5,8,0.0,0.0,100.0
9d,3h,Ac,3c,Qd,4h,7h,5,6,1.0,0.0,99.0
2d,3s,Th,Qh,Jc,,,3,3,2.2,3.4,94.4
Ah,3s,3h,6d,Qh,Jc,,4,5,11.4,0.8,87.8
5h,2d,,,,,,0,1,32.8,5.8,61.4
Ac,4c,,,,,,0,8,13.4,5.2,81.4
Js,Kh,,,,,,0,5,21.2,2.4,76.4
9s,2c,,,,,,0,6,7.2,2.2,90.6
5c,Kd,,,,,,0,7,9.6,3.6,86.8
5c,7h,8d,Ac,Ks,8s,5d,5,3,14.6,8.6,76.8
8h,9c,8c,Qh,6h,,,3,8,10.6,4.4,85.0
Js,Jh,5d,Kh,Qd,,,3,7,8.6,2.8,88.6
2d,3c,,,,,,0,4,12.0,1.8,86.2
8h,7h,Ad,3h,Js,Qd,7d,5,5,1.6,2.4,96.0
6d,Jc,,,,,,0,3,22.8,4.4,72.8
Ah,5h,,,,,,0,3,29.6,4.8,65.6
4c,2h,2d,Js,8s,,,3,3,19.6,2.8,77.6
Qc,3h,,,,,,0,3,20.6,4.6,74.8
5c,7s,,,,,,0,4,14.0,3.2,82.8
Qs,4h,Kd,6s,Ac,,,3,4,4.2,3.0,92.8
7d,2d,3c,Ad,Js,Jd,Ts,5,1,9.0,3.8,87.2
Qh,Qd,9c,3c,As,Jh,,4,7,13.6,0.0,86.4
6s,Ah,,,,,,0,3,27.0,3.2,69.8
Jh,2d,Ts,6c,7h,Ad,5s,5,4,0.0,0.0,100.0
5c,Js,,,,,,0,2,22.8,3.8,73.4
5h,Qc,7h,8d,Qs,7c,Ac,5,3,30.8,11.8,57.4
7c,Qc,Qh,As,5s,,,3,8,12.4,1.4,86.2
8d,Qs,,,,,,0,8,7.4,3.0,89.6
7s,2d,,,,,,0,3,13.2,2.0,84.8
Kc,Tc,4c,7h,2c,,,3,5,38.2,0.2,61.6
6h,2c,Kh,3h,9s,,,3,6,2.0,0.0,98.0
4h,2c,Jh,Td,Kc,6s,,4,1,6.2,7.6,86.2
4c,Jd,,,,,,0,3,16.8,3.8,79.4
Jd,5s,,,,,,0,4,14.8,3.6,81.6
Jh,Kc,6s,9c,Jd,6c,Kh,5,1,83.2,0.4,16.4
3h,9h,,,,,,0,4,17.0,1.4,81.6
9h,8d,8c,As,Ac,,,3,2,51.4,8.8,39.8
Qs,Ts,Jd,8c,Th,,,3,6,21.6,10.6,67.8
Ad,6c,,,,,,0,3,24.4,5.2,70.4
Kc,4d,2c,8s,7h,Ah,Jh,5,3,1.4,0.6,98.0
7d,5c,,,,,,0,7,7.2,2.2,90.6
6d,Js,Td,Jh,Kc,,,3,5,17.0,5.6,77.4
Th,9h,,,,,,0,8,14.8,1.8,83.4
Ah,4c,Th,3s,Qc,3d,Ad,5,3,47.8,15.0,37.2
5s,2c,,,,,,0,1,29.6,7.4,63.0
6h,Jd,5h,7h,5s,3d,,4,2,14.8,4.0,81.2
3s,2d,Ks,Tc,4c,3d,,4,7,5.0,0.4,94.6
3h,2d,,,,,,0,6,8.2,1.6,90.2
3c,Ts,Ad,3h,7h,,,3,7,8.2,0.6,91.2
3d,2h,9h,5s,7c,4s,,4,3,10.4,1.8,87.8
8h,Ts,Js,Qh,9c,Kd,9s,5,7,24.6,51.6,23.8
3h,Jc,7d,6s,5s,,,3,2,11.4,7.2,81.4
7h,Qc,,,,,,0,6,10.0,1.8,88.2
3h,Ac,Kc,4s,9d,5c,,4,1,44.4,2.4,53.2
Kh,2d,5s,5c,2s,,,3,4,16.0,3.2,80.8
6c,Ac,7s,4c,5c,,,3,2,59.8,7.8,32.4
9c,2d,4c,Ad,Qh,Ac,4h,5,7,0.0,0.0,100.0
Qd,4c,,,,,,0,5,15.8,3.0,81.2
3s,Jd,4c,As,7s,,,3,1,28.8,4.2,67.0
Kd,Td,,,,,,0,5,26.8,2.4,70.8
3h,4s,8h,5h,4h,,,3,7,6.4,1.4,92.2
Kc,7d,Qh,7c,4h,Ac,,4,7,11.0,0.4,88.6
Ad,Js,Qd,Qc,4d,,,3,1,58.6,2.6,38.8
9c,Ks,Jc,8s,5h,7s,,4,3,17.0,5.4,77.6
6s,3c,9c,9h,2d,,,3,2,16.4,3.6,80.0
8s,Js,9s,5s,4s,4c,2h,5,4,82.8,0.0,17.2
7h,8d,Js,2c,4d,,,3,5,5.4,0.2,94.4
As,4s,,,,,,0,5,20.2,3.8,76.0
Ac,8d,Td,Kh,4c,,,3,6,5.6,2.0,92.4
Ks,4s,2d,6c,2c,Kh,,4,3,47.6,10.0,42.4
8d,2h,Qs,4s,4d,Ks,4c,5,1,0.0,51.2,48.8
3c,Kc,3d,5d,7s,4s,5c,5,1,44.2,0.8,55.0
Js,8d,7s,Ad,5c,9h,4c,5,6,0.0,0.0,100.0
8h,6h,,,,,,0,7,11.6,3.4,85.0
6h,7s,,,,,,0,3,19.0,3.4,77.6
4d,Ts,3c,6d,Kd,9h,,4,5,1.8,0.0,98.2
4c,6h,,,,,,0,4,12.2,3.6,84.2
7c,Td,3c,4c,8c,5h,Ts,5,4,32.4,1.2,66.4
Qs,Jd,5d,6d,Ad,Qh,,4,7,21.4,0.8,77.8
8s,4d,,,,,,0,2,21.8,4.2,74.0
Kd,6d,Qh,Qc,Tc,Kh,,4,1,72.2,6.2,21.6
3d,7s,9d,Tc,Qs,2c,6h,5,2,0.2,0.2,99.6
8c,4s,,,,,,0,7,6.8,3.8,89.4
4s,2s,Js,Kh,Jc,2d,Qh,5,3,11.6,4.0,84.4
6c,Ah,Tc,5s,4h,Kd,,4,5,4.8,0.2,95.0
7s,Td,,,,,,0,3,22.6,5.2,72.2
Kd,Js,5h,8d,2s,8s,,4,6,5.4,1.0,93.6
4s,Ad,Qs,8c,5s,Th,,4,6,1.4,1.6,97.0
Qs,9s,,,,,,0,5,23.4,1.8,74.8
9h,Ac,,,,,,0,2,38.0,3.8,58.2
Jd,4s,3s,Tc,5d,Jh,Qh,5,1,69.2,1.6,29.2
2d,As,Td,9d,5d,2h,5s,5,4,11.0,0.2,88.8
3s,Qs,Jh,Tc,3c,7s,,4,1,53.6,0.2,46.2
Js,6c,5h,Th,4h,8c,8h,5,2,0.4,0.0,99.6
Js,Td,Jh,9d,Qc,5h,2c,5,8,7.4,0.6,92.0
Th,5d,7s,7h,5h,As,,4,6,4.8,4.2,91.0
8d,3c,7d,Ks,Td,2d,4c,5,4,0.0,0.0,100.0
Td,9s,3s,Kd,Qh,Kh,2h,5,5,0.0,0.0,100.0
4h,6h,5c,3s,3c,2h,,4,6,62.4,7.0,30.6
2h,8c,3s,7d,7c,,,3,7,1.2,0.8,98.0
9s,8h,Ts,2s,Kc,2d,,4,3,2.6,2.8,94.6
Kd,4d,2c,4s,7h,5s,9s,5,5,2.0,0.0,98.0
7d,9d,,,,,,0,7,16.0,3.6,80.4
Kd,As,6h,9d,9s,8d,,4,8,3.4,0.4,96.2
6d,2h,,,,,,0,2,16.4,4.0,79.6
4c,2s,Qc,Qs,Tc,Th,2d,5,8,0.0,0.0,100.0
6c,9h,Jd,Qc,Ac,8d,Kc,5,7,0.0,0.0,100.0
5c,2c,Kc,3h,Qd,Ts,,4,1,7.2,6.0,86.8
6s,7h,3h,Jh,5c,Jc,Kc,5,3,0.0,0.0,100.0
As,3c,Th,Jd,4c,9c,,4,1,30.4,4.6,65.0
5s,6d,Ks,8d,2c,,,3,6,5.4,0.4,94.2
9d,Ks,2h,As,3d,6s,,4,4,6.4,0.0,93.6
3d,5s,Ac,2c,Kd,5c,4c,5,6,1.6,2.4,96.0
Tc,Jh,3d,5c,8d,,,3,7,5.2,0.6,94.2
Js,7h,Td,7d,Ks,Ts,,4,2,38.4,8.4,53.2
9h,7h,Js,Ad,3s,Td,,4,5,8.0,0.8,91.2
Kh,6c,,,,,,0,7,9.4,3.0,87.6
8d,8s,Ts,4d,Th,Qd,7c,5,4,32.6,0.4,67.0
9c,7s,,,,,,0,5,16.6,2.6,80.8
8d,3h,Kd,Ac,9s,Jc,,4,4,0.2,0.2,99.6
4h,Qh,,,,,,0,4,20.4,2.4,77.2
5h,4d,,,,,,0,1,34.4,6.6,59.0
2s,Qs,5s,9h,Jh,,,3,3,11.8,1.6,86.6
5h,3s,As,4c,6c,4s,,4,4,12.6,2.6,84.8
2h,Td,2c,2s,9s,,,3,4,73.0,3.0,24.0
5d,9c,Td,Jc,6c,Qc,Ad,5,5,0.0,0.0,100.0
Th,6s,Qh,Jd,Ah,Jh,Tc,5,1,41.2,7.6,51.2
9c,6h,Ac,8s,9h,,,3,4,28.8,5.4,65.8
9c,3c,,,,,,0,2,26.4,3.0,70.6
8h,4d,,,,,,0,1,33.8,4.8,61.4
6h,4h,2h,Kh,Ah,Qc,,4,6,67.8,0.0,32.2
Jd,5d,,,,,,0,1,47.6,4.6,47.8
Ad,4d,,,,,,0,1,58.0,4.0,38.0
Qd,4c,,,,,,0,6,8.6,2.6,88.8
4h,9c,Ac,As,8h,6s,Kc,5,5,0.0,0.0,100.0
7s,5c,,,,,,0,2,26.4,4.0,69.6
9s,As,3c,Ks,7d,,,3,3,20.8,1.2,78.0
9s,2c,,,,,,0,1,38.0,5.8,56.2
2s,6s,,,,,,0,7,10.8,1.4,87.8
7c,Qh,7s,Tc,5h,,,3,2,50.2,1.4,48.4
8d,3h,,,,,,0,4,9.4,3.2,87.4
Jd,9s,8d,Kd,8h,5d,3h,5,7,0.0,0.0,100.0
3d,8s,,,,,,0,4,12.0,1.4,86.6
8s,Qd,,,,,,0,3,22.4,3.6,74.0
6s,5s,7d,Td,Ac,,,3,1,12.6,9.2,78.2
6d,6h,,,,,,0,3,31.2,1.2,67.6
Kc,4s,,,,,,0,7,8.6,3.8,87.6
6h,7s,,,,,,0,5,11.6,3.0,85.4
3d,Jh,6c,4d,9c,Th,,4,5,0.8,0.2,99.0
8h,6s,Qd,7h,Qh,9s,2h,5,8,0.0,0.0,100.0
6d,Th,5d,2c,5s,,,3,2,15.2,3.6,81.2
2h,2d,Ks,Th,9c,5s,,4,7,3.2,0.0,96.8
6h,Ah,,,,,,0,2,39.6,3.4,57.0
Kh,9s,9h,4c,Ac,,,3,7,16.2,1.2,82.6
Qs,Qc,,,,,,0,7,25.8,1.4,72.8
6c,9s,3d,6s,6d,4h,Jc,5,2,88.6,0.8,10.6
Kh,7h,6h,Qd,9d,7s,Ad,5,5,5.0,0.0,95.0
As,Kc,Ts,2d,2c,Ks,Th,5,4,43.0,0.4,56.6
8d,7s,Tc,6c,6h,Td,,4,4,6.0,6.6,87.4
6c,5c,Jc,8s,2h,4h,Kh,5,1,1.4,1.4,97.2
4d,Ad,4c,3h,9c,9s,,4,5,19.4,1.8,78.8
4s,7h,Ks,Ts,Kh,,,3,1,20.6,13.4,66.0
9c,4d,9h,7s,3c,Kd,,4,4,27.2,3.4,69.4
9h,Jc,3h,As,4h,2h,6c,5,5,0.0,0.0,100.0
8d,3h,7d,6c,Qh,,,3,6,2.4,2.8,94.8
Th,Ad,5c,7c,Qs,9d,,4,6,3.0,0.0,97.0
Ts,Ah,Qh,8s,2s,Tc,,4,2,54.6,1.0,44.4
9d,7s,,,,,,0,1,43.6,5.4,51.0
Ad,8c,Td,2h,Ts,Jd,9s,5,5,0.0,0.4,99.6
Ac,Qs,,,,,,0,3,33.6,1.8,64.6
7s,2h,Qs,Qh,4c,Ks,,4,3,2.6,2.2,95.2
4s,3h,4h,8d,3c,6d,,4,4,47.0,0.2,52.8
9d,4h,5s,4d,Kd,Jh,2s,5,7,0.0,0.0,100.0
3c,4s,,,,,,0,3,13.4,2.2,84.4
Qd,2s,Kh,4d,3d,6d,,4,8,8.8,0.6,90.6
3d,5s,2c,9s,8s,,,3,8,2.4,0.0,97.6
4h,Qs,,,,,,0,6,9.0,2.0,89.0
6s,Qh,4h,Qc,7s,Ts,4d,5,6,24.2,11.2,64.6
As,Ts,6c,4h,6h,2d,8c,5,1,45.8,0.4,53.8
6c,4s,,,,,,0,6,9.4,2.2,88.4
7c,Qh,,,,,,0,8,4.8,2.6,92.6
3h,Qd,,,,,,0,8,6.6,2.2,91.2
Ts,3h,,,,,,0,6,8.8,3.4,87.8
2h,2c,,,,,,0,2,30.8,1.4,67.8
Jc,8d,6d,2d,4h,Qc,7s,5,4,0.0,0.0,100.0
Td,4s,4d,5c,Tc,2c,2s,5,3,49.2,1.4,49.4
8c,Jc,5s,4d,4h,6s,,4,4,8.2,3.6,88.2
Qd,9d,,,,,,0,1,51.4,6.0,42.6
9h,5d,2s,5s,2h,,,3,4,19.6,4.0,76.4
5h,3d,Qc,Qh,Jd,6d,,4,3,2.0,1.4,96.6
3h,3d,4s,8c,Kd,,,3,2,22.0,0.6,77.4
7h,4h,Ts,9s,8c,,,3,2,16.8,10.4,72.8
8c,2h,4d,9c,3d,9s,2s,5,2,28.6,1.0,70.4
Tc,Jh,Qs,Ad,7s,8h,,4,2,27.6,2.0,70.4
3c,4s,6h,Ts,8c,,,3,6,1.0,0.4,98.6
7s,Jd,6c,Jh,9c,,,3,3,41.4,4.4,54.2
5d,8h,,,,,,0,2,23.6,4.6,71.8
Js,5h,5d,4d,3c,2s,Qd,5,5,2.0,0.0,98.0
7h,Qs,Ac,Jh,Td,,,3,8,3.4,9.4,87.2
Kc,Ah,Td,4s,4c,Ks,,4,8,30.6,2.8,66.6
Kc,9d,6s,4h,3d,,,3,5,6.6,0.8,92.6
Ac,7h,Ah,9c,2c,,,3,6,36.6,6.4,57.0
9h,9d,9c,Qd,8d,7h,As,5,7,67.0,0.0,33.0
6s,2d,,,,,,0,8,5.4,2.6,92.0
9h,6h,7s,Ks,Kd,4c,2d,5,4,0.0,0.0,100.0
4h,Ad,9h,5s,Tc,3d,3h,5,5,0.4,0.6,99.0
6c,Td,,,,,,0,5,11.2,2.2,86.6
4d,As,3c,2d,Jh,Ts,Th,5,7,0.0,0.0,100.0
6c,6d,7s,Kd,6s,9c,Th,5,6,25.4,0.0,74.6
8c,3s,Qc,Jh,5c,,,3,1,22.4,5.6,72.0
3c,Kc,As,8d,2c,6c,Qc,5,6,95.4,0.0,4.6
4c,Qd,8h,7d,Jh,8c,5d,5,2,2.6,1.2,96.2
9d,5s,9s,6s,4s,,,3,3,42.4,4.0,53.6
2c,Th,,,,,,0,6,6.2,2.8,91.0
7s,2s,,,,,,0,5,14.2,1.8,84.0
9d,6h,,,,,,0,4,15.2,2.8,82.0
9h,7h,Qd,Qs,5h,,,3,3,13.6,3.6,82.8
5h,Ah,Jh,2h,3h,2c,3d,5,1,81.0,0.0,19.0
8h,Ad,6h,2c,5c,3d,,4,6,0.8,1.6,97.6
3s,3d,Td,3h,9h,6s,Qd,5,2,87.8,0.0,12.2
7d,Ts,7c,6s,7h,9h,,4,5,62.8,5.6,31.6
Qd,7d,Ac,3c,7h,,,3,4,23.4,2.4,74.2
Ks,8c,5s,Jh,Ad,,,3,7,2.2,1.2,96.6
7d,8h,,,,,,0,7,9.2,2.2,88.6
4d,7h,7c,Kh,5h,6c,Kc,5,6,9.6,3.2,87.2
6h,Qs,Ac,Qd,Jd,2c,4s,5,7,10.4,0.4,89.2
Qd,Th,8h,6s,Td,,,3,8,15.0,2.4,82.6
Qs,4c,Kh,Jd,4d,Js,Tc,5,4,5.2,4.0,90.8
9d,Td,5c,Ac,3d,4s,Ad,5,5,0.0,0.0,100.0
9d,Qh,3c,3s,8h,,,3,6,6.6,1.4,92.0
Kc,4h,Ah,6h,Qs,5d,Qh,5,4,1.6,0.6,97.8
9d,Ks,8h,8s,Jd,8d,,4,6,3.8,5.8,90.4
2s,Jc,5d,Jh,Js,5s,9h,5,3,87.4,10.8,1.8
5d,Qc,,,,,,0,7,8.8,1.8,89.4
9c,4c,Qh,6h,2h,Qd,,4,8,0.6,0.0,99.4
7c,Kd,Td,6c,7d,,,3,5,23.0,1.4,75.6
Qs,Qc,Qh,6s,Kh,,,3,7,71.2,0.0,28.8
Kh,Tc,As,Kd,3h,,,3,1,81.0,1.4,17.6
Jd,Qs,,,,,,0,8,12.6,1.8,85.6
6s,5d,,,,,,0,3,16.4,3.4,80.2
6d,Kc,,,,,,0,5,15.8,3.8,80.4
9h,Ks,6h,7h,5c,8c,,4,7,26.6,44.8,28.6
Ac,9d,,,,,,0,4,19.6,3.0,77.4
Ks,8c,2h,9s,4s,5s,,4,7,16.6,0.4,83.0
3d,3s,5h,6c,Ks,,,3,4,8.4,1.0,90.6
Ac,Js,9s,Th,6h,Ah,,4,3,46.0,0.8,53.2
3d,Jd,3s,2h,9h,,,3,8,13.4,0.6,86.0
Qs,2c,Ks,7s,9c,,,3,5,6.0,1.0,93.0
8d,Kc,8c,3h,4d,5c,,4,4,30.2,1.4,68.4
8h,Ks,Tc,7d,3s,5d,,4,5,4.0,0.0,96.0
8h,Th,Ah,5d,3s,,,3,6,7.6,0.4,92.0
5d,9h,Tc,Ac,Ts,,,3,2,9.8,10.2,80.0
3h,Kd,6d,As,8d,,,3,5,6.0,1.0,93.0
2s,4s,,,,,,0,3,17.6,2.0,80.4
Ts,5d,2s,3c,Js,Ac,8s,5,1,14.8,1.0,84.2
7h,Ad,6h,4c,9c,9d,6c,5,5,7.4,9.4,83.2
Ac,7c,Ks,2c,Tc,8s,9d,5,1,28.0,5.4,66.6
Jh,6h,Qd,5d,8d,Jc,4d,5,1,43.8,0.0,56.2
Ac,7h,4s,Jh,2h,Jc,Qs,5,8,0.0,0.0,100.0
3s,9h,,,,,,0,3,14.8,3.8,81.4
Kd,6c,Qc,Qd,8h,,,3,6,4.0,2.8,93.2
4s,Tc,,,,,,0,5,9.0,2.4,88.6
Ah,9h,Kh,5h,Qh,Jd,7c,5,4,100.0,0.0,0.0
Ks,Kc,2c,4s,Qd,5d,Ah,5,5,9.4,0.0,90.6
5d,2s,6c,Qh,Qd,,,3,5,2.6,0.6,96.8
9d,Qs,3s,Js,9c,Ks,,4,2,55.6,3.6,40.8
Qh,Tc,9s,5h,2s,Qs,,4,5,26.0,1.2,72.8
7d,Ac,,,,,,0,8,9.8,3.6,86.6
3d,8c,Kh,9c,Qs,Ks,Qc,5,8,0.0,0.0,100.0
6d,2d,Th,Qd,2s,,,3,2,33.6,6.2,60.2
9c,6s,Qc,Ah,7c,6d,Td,5,1,45.6,4.2,50.2
6s,9d,8s,Tc,8d,2d,8c,5,8,0.0,0.0,100.0
Js,6d,,,,,,0,2,30.8,4.4,64.8
Ad,Kc,4c,6c,Ah,Ts,,4,3,70.6,0.8,28.6
5d,Ts,8s,6s,Qh,7s,,4,1,41.4,4.2,54.4
7h,6c,3h,7s,6s,5d,,4,1,71.4,4.8,23.8
Js,9c,6c,Jc,Ts,As,4h,5,6,18.8,1.0,80.2
Ks,Ad,,,,,,0,3,41.6,2.2,56.2
6s,6h,4h,Kd,Jc,9h,2c,5,8,1.2,0.0,98.8
Jh,7d,3h,Ks,9d,,,3,5,5.8,2.2,92.0
9s,5d,Qh,2s,4d,6s,8d,5,6,0.0,0.0,100.0
Td,Kc,6d,8d,Js,3s,,4,6,2.6,0.2,97.2
7c,Ad,Kc,Jh,9d,6s,,4,7,2.6,0.4,97.0
4s,Qs,4h,8s,Th,7s,Jd,5,2,12.2,0.4,87.4
Kd,Kh,9s,2c,Jh,,,3,5,41.0,0.2,58.8
4h,7h,9d,Ad,Qs,,,3,2,7.8,3.4,88.8
Jc,6d,9s,Qh,Ac,2d,,4,6,1.0,0.6,98.4
7d,5h,,,,,,0,2,24.6,4.2,71.2
7d,5s,,,,,,0,6,9.0,3.2,87.8
Kd,Jc,4h,5s,9s,,,3,3,14.4,1.0,84.6
4c,Tc,9s,Th,Js,Qd,,4,6,0.6,6.4,93.0
4s,9s,8c,6c,3d,Qh,9d,5,8,1.6,1.6,96.8
Th,Qd,Kh,3h,Qc,4d,Jc,5,4,36.0,0.6,63.4
Kc,5c,5d,3h,Ac,8d,,4,6,11.0,0.4,88.6
5c,Th,8h,9d,4d,Ks,,4,3,2.6,0.6,96.8
3h,8d,Qs,2c,9c,8s,Ts,5,6,0.0,0.2,99.8
Ks,3d,2s,3h,Jh,3c,Kc,5,8,96.4,1.2,2.4
9d,3s,,,,,,0,4,9.6,2.4,88.0
3d,5s,,,,,,0,4,14.6,2.2,83.2
6c,2d,Qc,2s,Kh,,,3,1,49.8,5.6,44.6
Th,Jc,6h,9s,6c,2s,9d,5,3,1.4,2.6,96.0
2s,Kd,,,,,,0,8,6.6,2.8,90.6
4h,3c,,,,,,0,5,11.4,3.0,85.6
8s,2h,Js,2d,7c,,,3,1,52.2,2.6,45.2
7c,Qh,,,,,,0,6,12.6,2.2,85.2
2h,6c,9h,3c,4c,,,3,7,12.0,1.0,87.0
Kh,Jh,7c,5d,4h,Jc,3s,5,4,21.6,0.8,77.6
9h,4c,6c,Qs,Ks,,,3,8,0.8,0.0,99.2
Jd,9s,6c,Ks,Ac,,,3,3,9.0,2.8,88.2
Kh,Ah,5h,5c,Tc,,,3,3,24.8,2.8,72.4
8d,Jd,Qd,6h,4h,5d,Ts,5,7,0.0,0.0,100.0
7c,8c,,,,,,0,7,12.0,3.2,84.8
4d,8c,9d,8h,Qc,9h,9s,5,4,26.4,14.6,59.0
3s,Qd,2d,8d,3d,,,3,1,75.4,0.6,24.0
2h,4d,Qc,6d,Th,6c,Qs,5,5,0.0,0.0,100.0
2s,2d,,,,,,0,6,14.6,0.2,85.2
6c,Ts,,,,,,0,6,8.2,2.2,89.6
Js,6s,Ks,4h,Jh,Kc,8c,5,4,45.0,11.8,43.2
Jd,Ac,8s,4c,Ks,,,3,6,7.4,0.6,92.0
2d,Ts,As,5s,4s,5h,,4,7,5.2,3.2,91.6
8c,7c,3d,8h,Tc,Ks,Ah,5,5,3.2,1.4,95.4
Kh,2s,4d,6s,Ah,Qc,,4,1,38.6,2.6,58.8
Kh,8h,8s,Ks,Th,8d,,4,6,90.0,4.2,5.8
4s,9s,8h,Qc,Qs,5d,Kc,5,4,0.0,0.0,100.0
Td,3h,4h,5d,Qc,,,3,3,7.0,1.0,92.0
7h,8s,As,5h,Td,Tc,5s,5,1,0.0,66.6,33.4
3c,Kd,5c,Jh,9h,2d,6c,5,7,0.0,0.0,100.0
Tc,Kd,,,,,,0,6,17.2,3.2,79.6
Ks,3h,4d,2h,6d,,,3,8,3.0,5.4,91.6
Kc,Js,Ts,6h,Jh,As,,4,5,23.6,6.2,70.2
Jd,Th,Ac,Kc,4c,,,3,7,4.4,1.2,94.4
5h,3c,7h,Qh,Kd,7c,Ad,5,8,0.0,0.0,100.0
2c,6d,8s,Jh,Ts,,,3,5,0.0,0.8,99.2
4h,As,8s,6h,Ad,Jh,,4,2,67.4,6.0,26.6
Th,9s,2s,4c,Js,Jh,,4,3,9.2,0.8,90.0
6c,Qh,4d,Ks,5d,7d,,4,6,3.2,7.0,89.8
Kc,Qc,5h,3d,Ts,5c,,4,8,2.2,0.4,97.4
8d,Kh,9s,Ac,3c,,,3,6,2.8,0.4,96.8
8h,9s,Qd,Jh,7c,5s,2c,5,8,0.0,0.0,100.0
Kh,Qd,6s,Jc,Kc,,,3,5,44.6,3.0,52.4
3c,Ts,,,,,,0,3,18.4,3.6,78.0
6c,6d,6h,8c,7c,Qc,Jh,5,7,56.4,0.0,43.6
Qd,6c,4d,Jc,6h,9c,,4,3,29.0,0.2,70.8
3d,5c,5s,4d,7s,Qd,7h,5,8,1.2,1.8,97.0
Tc,9s,9h,5d,2s,3h,8h,5,6,15.2,0.8,84.0
Td,9s,8c,Qh,Ts,3s,Th,5,4,82.4,1.0,16.6
4h,Jh,7d,5d,2h,7s,,4,1,24.4,2.6,73.0
Tc,3h,5h,9h,5s,2d,6d,5,4,0.0,0.0,100.0
2d,Qc,,,,,,0,8,6.2,3.2,90.6
3s,9c,Qc,6h,6s,,,3,7,1.4,0.8,97.8
9s,8c,6s,5s,Ac,Js,,4,8,11.4,1.0,87.6
Jc,Ks,7d,7h,2h,Qs,9d,5,3,4.6,0.2,95.2
7d,2d,,,,,,0,1,37.0,5.4,57.6
9s,4s,7c,6s,3c,3s,,4,8,13.0,1.8,85.2
Kc,3h,Ks,2s,9c,Qs,,4,7,11.4,4.6,84.0
3s,Ac,7d,2h,9h,Th,Ks,5,6,0.0,0.0,100.0
9c,7s,Qd,7d,4h,8s,4d,5,1,52.2,5.0,42.8
Tc,5d,9s,9d,6d,Ad,8h,5,4,0.0,0.0,100.0
Jh,6d,7d,8d,9h,,,3,8,6.8,13.0,80.2
4s,Kc,2d,9s,Ac,6d,8s,5,2,7.2,2.8,90.0
7d,Tc,2h,Qc,Jh,4d,6h,5,3,0.0,0.0,100.0
As,Ad,Kd,Qs,Jh,2h,,4,4,49.2,4.4,46.4
Qs,Ad,,,,,,0,4,24.4,2.4,73.2
8h,As,6s,Th,6h,,,3,6,6.2,5.6,88.2
Td,As,,,,,,0,1,57.4,2.6,40.0
5h,7c,3s,6s,2d,,,3,3,18.6,1.2,80.2
4h,4d,3d,Kc,9h,7c,8h,5,7,0.0,0.0,100.0
5c,2c,Jh,5s,4d,Qh,,4,1,56.6,4.2,39.2
9d,Tc,Qd,Ts,3s,,,3,5,24.4,3.4,72.2
Ks,Jc,Qc,Qd,6c,Tc,,4,8,17.4,0.4,82.2
Ad,Qd,Tc,5h,Qc,4s,,4,3,65.2,0.8,34.0
8s,9d,,,,,,0,2,31.8,3.2,65.0
6s,2c,4s,4h,Kd,3d,,4,6,5.2,1.6,93.2
Ah,Jd,Ts,Kh,Ac,,,3,5,42.8,11.0,46.2
Jh,3d,Qs,Ks,Ac,8c,,4,8,1.2,4.4,94.4
9c,8d,8s,5h,Tc,,,3,4,24.4,4.6,71.0
7d,Qs,,,,,,0,3,25.2,4.4,70.4
As,2h,9d,6s,3c,,,3,1,40.0,2.0,58.0
Tc,8c,5s,Qs,Th,,,3,8,9.4,2.8,87.8
8s,Qc,2h,2s,Th,,,3,8,2.4,2.2,95.4
4s,3h,,,,,,0,1,32.8,4.2,63.0
9s,6s,2s,5s,4h,,,3,4,42.6,3.8,53.6
7d,4c,As,Kc,9h,5s,5c,5,6,0.0,0.0,100.0
5c,5s,Js,8s,4c,2c,4s,5,8,0.4,0.0,99.6
Qc,Ts,,,,,,0,5,22.4,3.4,74.2
6h,7h,3d,7d,8c,Ad,,4,8,3.8,0.8,95.4
6s,Ac,8d,Kd,Qc,Ks,2c,5,4,3.4,1.2,95.4
As,5h,5c,6s,Ad,,,3,7,50.4,2.6,47.0
2d,3c,4s,Qs,9s,,,3,8,1.0,0.2,98.8
3s,3c,As,9d,2d,8c,,4,6,4.2,0.0,95.8
Jc,Qc,7s,3s,2c,9d,Ac,5,8,0.0,0.0,100.0
3h,Js,8s,7c,Jd,Tc,,4,7,3.0,2.6,94.4
7h,As,6s,Td,6h,,,3,1,51.0,8.2,40.8
Jc,6h,4s,Kd,6d,Ks,Td,5,5,12.6,0.4,87.0
2c,8c,7s,Jd,5d,,,3,8,1.4,3.4,95.2
8s,8d,9c,3s,8h,9d,,4,1,97.4,0.0,2.6
4c,3s,3d,3h,Ah,,,3,6,57.0,9.0,34.0
4c,6h,3h,5c,7d,,,3,8,54.8,16.6,28.6
4h,5d,2s,4d,As,9h,,4,4,14.8,4.4,80.8
Qc,7h,Tc,9d,Js,,,3,7,7.8,16.2,76.0
9d,5d,Qh,Kh,2h,5c,3h,5,2,13.6,0.2,86.2
6s,Jd,9d,6h,5s,Qh,Tc,5,4,6.2,0.2,93.6
8d,Js,Kd,Qd,6s,2c,,4,2,14.4,1.2,84.4
9s,Ah,,,,,,0,7,16.0,4.2,79.8
Kc,9c,,,,,,0,3,32.2,1.4,66.4
4c,8s,9h,7c,2s,5h,,4,3,6.0,1.4,92.6
2c,Jc,Qh,8c,7s,7h,,4,6,0.4,0.6,99.0
Jd,Kh,7d,4h,6d,,,3,6,6.6,0.8,92.6
Ac,5h,,,,,,0,6,12.4,5.6,82.0
3h,Js,9d,9h,4s,,,3,3,8.6,1.8,89.6
7h,4s,Ad,Ac,4h,Th,9h,5,8,0.4,0.4,99.2
6h,9d,Kd,3s,9s,Jd,6s,5,3,65.8,0.6,33.6
3h,3d,,,,,,0,5,16.6,0.6,82.8
As,Jd,Ts,Ac,Jh,,,3,6,55.6,2.4,42.0
2h,Ks,2d,5d,6h,6c,,4,6,4.0,1.6,94.4
8s,Ah,4d,3s,8c,,,3,2,59.0,0.6,40.4
8s,4s,6d,Jd,7d,,,3,4,8.8,1.4,89.8
8h,8d,,,,,,0,1,65.2,0.4,34.4
4c,4d,7h,6h,Th,8c,,4,3,7.6,4.2,88.2
7h,5s,Td,7s,2c,4s,,4,5,19.2,1.4,79.4
Ad,Kh,3c,Ks,3h,Kc,,4,7,68.8,27.2,4.0
4c,Js,8h,4h,Kc,3c,,4,5,10.6,1.4,88.0
4c,5d,,,,,,0,2,20.2,2.6,77.2
As,7d,,,,,,0,1,60.4,3.8,35.8
3d,Jc,3h,Qs,9d,,,3,8,9.8,3.0,87.2
Kd,4h,8c,8d,Kc,9h,,4,7,18.2,9.4,72.4
8h,9h,2d,6d,Js,4s,3s,5,2,0.0,0.0,100.0
Ad,2h,Kh,Js,Ts,,,3,7,6.0,9.4,84.6
8d,5c,Td,Ks,6d,6c,,4,3,2.6,2.6,94.8
9h,Tc,,,,,,0,6,13.8,3.2,83.0
Qs,Ac,,,,,,0,3,37.8,1.2,61.0
Jd,Kc,7s,Kd,9d,,,3,1,81.6,1.0,17.4
4h,Th,Kc,4s,2d,,,3,8,14.2,0.8,85.0
7c,Jd,4c,7d,Kh,Ts,Qd,5,6,1.0,0.0,99.0
5d,Qd,,,,,,0,1,50.0,4.0,46.0
2d,7s,5d,8h,8s,7d,,4,4,18.4,7.0,74.6
2d,9c,5c,Jd,9s,6c,Kd,5,4,13.6,1.2,85.2
5d,7c,Js,Ts,9d,,,3,3,5.0,4.2,90.8
Jd,5c,As,9h,7c,,,3,6,1.6,1.6,96.8
8s,6s,Jh,6d,8h,Qs,,4,8,30.6,1.8,67.6
Qh,6h,,,,,,0,7,12.0,3.0,85.0
7h,4c,3c,6s,Qc,7s,Qd,5,3,43.8,7.0,49.2
3c,Ac,Jh,Qd,2c,Qh,Kd,5,8,0.0,0.0,100.0
2d,9c,6h,5c,8c,As,3s,5,4,0.0,0.0,100.0
Ts,8c,6s,2h,5d,,,3,2,17.4,2.2,80.4
7d,7c,4c,Ks,8s,5s,,4,7,5.2,1.8,93.0
Kd,4d,Ac,Qc,Th,4s,3s,5,3,19.0,0.8,80.2
Kd,2c,2d,2h,7d,,,3,6,67.0,4.2,28.8
Jd,6s,2s,Qs,Qd,6d,Ah,5,4,17.6,8.2,74.2
Ah,2s,Td,Ad,3c,6c,,4,3,51.0,4.2,44.8
8c,9s,Kd,6d,9h,6s,,4,3,26.4,9.6,64.0
Qd,7c,Ah,Tc,6s,7h,,4,7,7.2,0.8,92.0
2s,9d,,,,,,0,1,39.4,4.6,56.0
7h,Ks,,,,,,0,2,35.2,3.4,61.4
Ad,8h,,,,,,0,8,11.0,3.6,85.4
8h,4d,8s,2c,Kc,5d,,4,3,35.8,2.0,62.2
3d,Ac,,,,,,0,2,39.0,3.0,58.0
Ah,5d,,,,,,0,2,31.0,3.4,65.6
Jd,As,6c,Td,Kd,,,3,8,16.8,2.8,80.4
5h,5c,6h,Ks,Ad,Qd,Th,5,4,0.6,0.0,99.4
8d,4s,3c,9c,Qs,,,3,4,4.0,1.0,95.0
Jd,Ac,,,,,,0,2,44.6,3.2,52.2
7h,2h,5c,Ad,3h,Qs,Kc,5,2,0.0,0.2,99.8
Jc,6d,Ts,Qc,2c,3c,,4,1,39.6,0.8,59.6
3d,4h,Jd,Qs,As,7s,,4,5,0.0,0.0,100.0
9s,Ts,Ah,2c,As,2s,7c,5,3,1.4,1.6,97.0
Qd,4s,8d,4d,Tc,4c,3c,5,8,53.0,1.6,45.4
Ts,Ah,2c,9h,4d,5s,Ad,5,7,7.0,0.2,92.8
Kh,Qc,Ks,2d,Ts,2c,,4,6,33.8,4.4,61.8
3c,9c,Kh,7s,9d,5d,,4,7,8.6,1.4,90.0
Js,9s,5c,Kh,Td,8h,5d,5,6,0.0,0.0,100.0
Jh,3h,3d,6h,7c,Th,Kc,5,8,0.0,0.0,100.0
Tc,Qs,5c,5d,Th,6s,8d,5,6,29.2,1.0,69.8
4c,4s,,,,,,0,6,17.4,1.2,81.4
Jc,6s,6d,7h,Ah,Kc,Js,5,4,69.8,0.6,29.6
9s,Ts,2s,Jd,Th,4h,Tc,5,1,95.6,0.6,3.8
6d,Kd,Qd,Ad,As,2d,4c,5,4,91.8,0.0,8.2
9h,Ks,7c,9c,Ts,,,3,3,28.6,3.0,68.4
Jh,4c,Tc,2s,2d,,,3,4,4.2,2.0,93.8
Qd,7c,4d,7h,Qc,Ks,Th,5,7,51.4,2.2,46.4
4d,9c,9d,7d,Tc,,,3,7,7.6,2.2,90.2
Ac,Tc,,,,,,0,2,41.6,2.4,56.0
7d,9d,,,,,,0,2,32.8,3.2,64.0
7s,Td,,,,,,0,8,7.2,2.8,90.0
As,Ks,5s,4h,Td,Kd,4c,5,7,31.8,1.8,66.4
8c,3h,Tc,Td,6c,,,3,4,6.2,2.0,91.8
9c,7d,,,,,,0,8,7.0,3.2,89.8
4c,3s,,,,,,0,8,6.2,1.6,92.2
6h,2s,Qd,9c,Th,6c,8c,5,5,0.0,0.2,99.8
Kh,Jd,Kc,4c,4d,Tc,6h,5,2,69.2,1.2,29.6
5s,4s,5d,8h,Ks,Td,,4,5,8.8,1.6,89.6
5h,Qd,2c,8h,Qs,2d,Qh,5,7,69.6,27.4,3.0
5d,Th,Ah,5c,8s,,,3,8,10.0,2.0,88.0
Qd,Qh,,,,,,0,5,34.0,0.4,65.6
Kh,5d,6s,8c,6h,Qh,4h,5,1,28.0,4.8,67.2
4h,Qh,,,,,,0,4,22.0,2.4,75.6
8d,4c,,,,,,0,1,36.6,5.6,57.8
Qc,6h,Qs,6d,Th,,,3,7,47.6,4.2,48.2
3s,9d,Jh,Qh,5c,5h,,4,7,0.0,0.0,100.0
Th,6h,3s,Ah,8c,,,3,1,33.4,3.8,62.8
Jd,Ts,,,,,,0,7,14.8,1.6,83.6
5c,5h,8h,8s,3s,,,3,5,20.4,0.0,79.6
Td,8d,Qh,As,9c,,,3,3,21.4,2.8,75.8
9d,Kh,3c,2s,9h,8d,,4,8,24.0,1.4,74.6
3h,8d,5c,7h,7d,7s,Jh,5,5,0.0,0.0,100.0
4h,3s,8h,Kc,8d,,,3,1,13.4,13.6,73.0
9c,6h,7h,Qh,9h,,,3,8,9.0,2.6,88.4
8s,Ah,,,,,,0,3,29.2,4.4,66.4
3d,4h,5d,4d,Ah,Ts,Jc,5,6,0.2,0.0,99.8
Ad,6s,Kd,Td,2s,Tc,,4,1,49.0,5.2,45.8
8s,7h,3h,Ks,2d,6h,,4,5,1.8,0.2,98.0
2h,Kc,7d,Td,Ah,7c,Ad,5,6,1.2,2.6,96.2
6c,Ts,Kh,Qd,Ac,6s,3h,5,5,3.0,2.2,94.8
2d,5s,,,,,,0,2,22.8,3.0,74.2
As,Kh,8h,6c,8d,9s,,4,4,9.0,2.8,88.2
9c,2h,5c,7d,9s,Qh,3c,5,6,9.4,1.0,89.6
As,3c,,,,,,0,2,30.4,6.4,63.2
Qd,Kc,Jc,9d,Jd,,,3,8,11.6,2.4,86.0
3s,7s,7d,6d,2c,Qh,,4,1,65.2,2.6,32.2
Qh,Jc,2s,4d,6h,Kh,,4,2,11.6,0.8,87.6
3h,Jc,,,,,,0,3,19.4,4.2,76.4
9s,7d,Ad,6c,Qc,,,3,2,14.0,2.6,83.4
Qh,5d,,,,,,0,7,10.2,2.4,87.4
4h,2s,,,,,,0,5,9.0,1.0,90.0
4c,4h,6h,5s,8d,Js,4s,5,4,31.8,0.0,68.2
2c,Ks,,,,,,0,3,22.8,3.0,74.2
Kd,9c,,,,,,0,7,13.2,4.6,82.2
7d,5h,8c,Js,Qs,,,3,8,1.8,0.8,97.4
3s,Jh,5c,8c,Kh,9h,5d,5,6,0.0,0.0,100.0
5c,Jh,2c,Tc,3s,3c,Ac,5,5,13.0,0.0,87.0
9c,Tc,,,,,,0,6,18.2,2.8,79.0
6c,5d,,,,,,0,4,14.0,1.8,84.2
2h,3h,Kc,Ts,4s,Ad,8d,5,6,0.0,0.0,100.0
Qd,7h,2c,8s,Ad,9c,,4,7,0.6,0.6,98.8
Td,2c,Kd,4d,Kh,Ad,6s,5,8,0.0,0.0,100.0
9h,Th,,,,,,0,2,38.2,4.0,57.8
2d,Td,Ac,8c,3c,7h,Tc,5,4,2.2,0.2,97.6
Jh,Th,Kc,Kd,Qc,3c,4h,5,1,35.0,0.6,64.4
Qc,Ks,,,,,,0,4,27.2,2.4,70.4
7d,Qd,9h,4d,2s,7c,6s,5,6,12.6,0.6,86.8
Tc,5s,,,,,,0,5,9.2,2.8,88.0
6h,2c,9c,Ah,7d,7s,,4,2,4.8,5.6,89.6
Qh,9s,,,,,,0,3,26.6,2.6,70.8
Jh,5c,,,,,,0,7,7.6,3.4,89.0
6d,2d,Jd,3c,2h,4c,7h,5,8,0.0,0.0,100.0
Ks,4h,Jh,8d,6s,Th,2c,5,4,0.0,0.0,100.0
2s,Ts,,,,,,0,1,43.0,3.6,53.4
Kd,4s,Jd,8s,Kc,2h,2s,5,2,64.6,9.8,25.6
9c,2h,7d,8c,Js,,,3,1,32.0,7.4,60.6
9s,8h,7c,2d,2s,5d,,4,4,10.4,0.0,89.6
7c,Qh,9d,Th,3h,Ks,Qd,5,7,1.2,1.8,97.0
Jh,3c,3d,6h,2s,2h,7h,5,6,0.6,0.0,99.4
8h,4s,Kh,Qd,4h,9d,8d,5,3,64.4,0.4,35.2
9d,5h,Ah,Qs,3h,,,3,3,10.0,1.0,89.0
9s,3s,Jc,9d,4s,Kd,2h,5,7,2.6,0.2,97.2
9h,7d,,,,,,0,5,14.0,2.8,83.2
Td,2d,5h,As,3h,,,3,5,7.8,6.0,86.2
4s,Qs,,,,,,0,5,16.8,2.6,80.6
6c,3s,4c,2h,3h,8h,9c,5,5,0.8,0.4,98.8
3d,Jh,,,,,,0,7,6.4,3.2,90.4
5c,Jd,3c,4s,Kd,Qh,8h,5,3,0.8,0.0,99.2
Th,Ac,7s,8s,5s,6s,,4,2,5.2,12.8,82.0
Tc,8h,,,,,,0,1,49.2,3.6,47.2
Jd,4h,2s,Qh,Tc,9c,,4,8,3.4,8.2,88.4
6s,9c,,,,,,0,4,18.2,4.0,77.8
2c,Qc,7c,4h,Jd,Kc,6c,5,3,97.0,0.0,3.0
9c,Qd,,,,,,0,7,13.4,3.0,83.6
2s,9s,7s,Qs,Ac,Jh,Td,5,1,21.4,6.4,72.2
8c,Ac,2h,7h,8s,5c,As,5,3,82.2,0.4,17.4
Th,4s,Jh,6d,8h,,,3,2,15.6,2.0,82.4
6c,5c,Tc,Ah,Qd,,,3,6,4.6,2.2,93.2
Ts,7d,3h,As,8c,,,3,5,6.2,0.6,93.2
Kc,9h,Jc,7h,7s,Tc,,4,2,28.8,6.8,64.4
Jh,Ac,6d,Kd,6h,Ks,,4,3,25.6,14.8,59.6
4d,6d,Ks,3c,8s,9h,Kc,5,5,0.0,0.0,100.0
6h,4s,5s,Ah,4c,9d,Qd,5,4,1.4,1.0,97.6
Jh,Qh,Js,Kh,Qs,Ks,,4,3,29.6,11.6,58.8
Ac,4d,Qd,3s,Jh,Th,3d,5,5,0.6,0.4,99.0
3c,Jh,Js,7c,9d,Ad,7s,5,3,30.0,11.8,58.2
Jc,8d,3c,4s,Ad,7s,,4,8,0.6,0.2,99.2
Kd,5s,,,,,,0,7,9.4,3.2,87.4
9c,Kc,Qs,Ad,Jc,8c,,4,5,20.0,4.6,75.4
8d,2c,6c,Ts,4d,Kd,,4,5,1.2,0.0,98.8
Kh,Jh,5d,8h,Ts,,,3,1,47.2,1.0,51.8
Td,8s,Jd,4d,Qd,As,,4,3,22.0,3.6,74.4
8s,Jc,Js,5s,9h,Qc,4s,5,1,71.4,0.2,28.4
4d,Ks,,,,,,0,4,16.6,3.4,80.0
Ac,Jc,7h,8s,Qd,7c,,4,2,25.8,5.0,69.2
3h,9h,Qd,5d,2c,5h,,4,7,0.4,0.6,99.0
8c,Kd,6d,9s,3c,4h,,4,1,27.4,1.4,71.2
As,Js,Td,9s,Ks,7c,,4,8,28.0,4.2,67.8
5d,4s,Ah,Qh,8c,7d,5h,5,3,3.4,1.4,95.2
Ad,9h,5s,3h,Ah,8c,Kd,5,6,39.0,1.4,59.6
7h,Kh,Ac,5d,4s,,,3,8,2.6,2.4,95.0
4c,6s,Ah,7s,8d,4h,Tc,5,7,0.0,0.0,100.0
Ad,8c,,,,,,0,6,15.2,3.4,81.4
9c,Jh,Qd,2c,6s,Ts,,4,8,14.8,0.8,84.4
6h,Th,6s,9s,Ac,,,3,1,59.4,3.6,37.0
7h,Kc,Ac,Td,5s,5h,Ad,5,3,15.8,11.0,73.2
Qh,Jh,,,,,,0,1,59.4,2.2,38.4
8c,Qh,9s,5s,Kd,Ac,3s,5,6,0.0,0.0,100.0
Kd,9h,7c,9c,3s,6c,,4,5,16.6,0.4,83.0
Jd,5d,5s,Qc,Ah,,,3,7,9.4,4.0,86.6
6c,2h,,,,,,0,1,31.0,5.0,64.0
9h,2s,4d,2h,7h,,,3,8,9.6,0.6,89.8
Ah,Ts,Ac,5s,Tc,,,3,5,68.2,1.2,30.6
2d,5d,2s,Qc,9h,Js,,4,6,5.0,2.0,93.0
2c,Ks,Js,9s,Tc,,,3,4,14.0,5.4,80.6
3h,Th,8c,7d,4d,2c,9d,5,7,0.0,0.0,100.0
Ts,Jh,,,,,,0,3,30.4,3.0,66.6
2d,6c,Qh,Ks,7c,6d,,4,2,26.8,5.4,67.8
Ah,Kd,Qd,Td,Ac,,,3,3,62.0,8.4,29.6
7h,5d,2d,Tc,6s,8c,,4,1,22.6,4.8,72.6
2d,3c,,,,,,0,6,5.2,1.0,93.8
6s,Th,9s,Td,9h,4d,2h,5,5,41.2,2.2,56.6
7d,8h,Kd,Qh,Js,Ad,,4,6,0.0,8.4,91.6
5c,2s,,,,,,0,6,7.0,0.8,92.2
5h,6d,,,,,,0,7,9.6,1.4,89.0
5d,5s,Ac,Ah,Jh,,,3,3,21.6,2.0,76.4
Td,Th,9c,Jh,Tc,Ks,Qc,5,7,0.0,18.8,81.2
Ts,Kc,3h,6s,8c,7h,6d,5,7,0.0,0.0,100.0
Ts,Ad,,,,,,0,8,11.4,2.0,86.6
6c,7d,6s,9d,2h,5s,Tc,5,8,1.2,0.2,98.6
2c,9d,,,,,,0,5,8.4,1.6,90.0
5s,9h,9s,8c,Ts,,,3,5,11.0,3.0,86.0
Kh,3d,Qc,9s,7d,,,3,5,4.6,1.4,94.0
4h,6c,3d,8c,8d,7s,4d,5,3,22.0,1.8,76.2
2h,2d,8h,8c,4d,,,3,1,45.2,3.8,51.0
5d,8c,7s,Qd,Qc,9d,,4,5,7.4,0.8,91.8
5c,8h,2c,3s,6d,6c,,4,3,7.8,2.6,89.6
Th,4c,7d,Td,4s,9c,Jd,5,7,8.2,0.2,91.6
3s,9h,Ah,Ac,2d,Kh,,4,3,3.6,3.0,93.4
5h,9s,Tc,2d,6h,Kh,,4,5,1.0,0.0,99.0
9d,3c,7h,3h,8d,,,3,5,12.4,1.2,86.4
Kh,2c,As,2h,7c,Jc,,4,3,20.8,1.0,78.2
3c,4c,,,,,,0,5,15.2,3.4,81.4
6s,8c,,,,,,0,8,8.0,2.0,90.0
8d,Td,3c,Kh,2d,Ks,,4,6,3.6,0.2,96.2
Ts,Kc,,,,,,0,6,19.8,3.6,76.6
8s,Qd,6d,9s,5h,,,3,2,23.8,7.4,68.8
Qs,8h,6c,3c,Kc,Qh,Ks,5,8,16.4,0.4,83.2
2d,5d,Ac,7c,7h,7d,,4,4,3.0,10.4,86.6
9h,4h,,,,,,0,6,13.8,2.2,84.0
7d,5c,2s,9h,Jh,8s,8h,5,7,0.0,0.0,100.0
7h,Ah,2c,Ad,3h,4s,,4,2,42.0,6.8,51.2
Ac,Ts,,,,,,0,6,17.2,2.6,80.2
Kh,Jd,,,,,,0,7,14.6,2.0,83.4
6h,6s,3c,Ac,8d,Td,,4,7,3.2,0.0,96.8
Qc,3s,Ah,Ts,4h,Qh,8c,5,3,32.6,4.8,62.6
9h,Js,,,,,,0,2,33.0,2.6,64.4
Ac,4s,9s,Ks,Kh,8c,As,5,4,35.0,14.0,51.0
4c,5c,Qc,Qh,Th,3h,Jc,5,4,0.0,0.0,100.0
8d,2d,,,,,,0,6,10.6,2.2,87.2
Th,6s,7c,5s,4s,Ks,Td,5,2,50.2,1.4,48.4
7s,2h,Ad,7c,8s,,,3,5,13.0,3.4,83.6
5h,8s,7c,As,Kd,8d,2h,5,2,39.4,4.4,56.2
5d,Kh,3d,2h,3h,Ad,,4,6,1.6,6.4,92.0
Ah,6s,8c,8s,Ks,As,,4,6,21.6,15.2,63.2
Kd,3c,Ad,5s,Js,,,3,2,19.6,5.0,75.4
3d,9c,9d,Td,Qc,,,3,3,20.0,4.6,75.4
2h,4h,6h,Ad,3h,,,3,5,33.2,2.0,64.8
Ah,Qc,,,,,,0,8,18.2,1.6,80.2
Ks,4s,6s,Td,7d,,,3,7,8.2,0.8,91.0
5d,Jh,5h,Kd,5c,9s,Jc,5,3,97.4,0.4,2.2
Qh,Kc,3d,6h,Th,Js,,4,6,17.4,1.4,81.2
4s,Jd,5h,6s,Ks,4d,6d,5,1,49.0,5.4,45.6
6c,4s,6h,Jd,Kc,7h,,4,5,11.0,1.4,87.6
2s,Kh,Th,7h,3d,Js,,4,1,30.4,3.0,66.6
3d,9s,4c,Qh,Jc,4s,8d,5,4,0.0,0.0,100.0
Ts,Jh,,,,,,0,5,20.8,2.6,76.6
2h,Jd,Th,Qc,7h,8s,5h,5,5,0.0,0.0,100.0
6c,5c,Ks,4h,2h,Qs,,4,5,6.6,0.4,93.0
Kd,Qh,8c,Kc,Th,,,3,4,42.4,3.6,54.0
Tc,7c,Td,Js,Ks,4d,,4,8,3.8,1.4,94.8
9d,8d,3h,4s,8s,,,3,2,50.8,1.8,47.4
8d,Ah,8c,2s,Js,Kh,,4,7,12.0,0.4,87.6
Ks,Kc,8d,Ah,Js,2h,5d,5,4,36.4,0.4,63.2
6h,6c,Kd,3s,5c,9c,3h,5,2,36.8,0.4,62.8
5h,Kc,,,,,,0,4,15.4,2.8,81.8
Td,Qd,9d,5c,4c,3d,,4,4,25.6,0.0,74.4
9c,Qd,5c,7s,8s,3h,,4,7,4.0,5.0,91.0
8d,5d,2h,9d,Qd,Th,,4,7,19.2,1.2,79.6
5c,Kh,8h,Ah,5d,,,3,7,12.6,0.2,87.2
2h,Ah,3d,7h,7c,,,3,3,21.0,5.6,73.4
Ts,5h,,,,,,0,2,26.4,4.0,69.6
4s,Qh,7d,Kd,5s,3s,8s,5,5,0.0,0.0,100.0
Ad,Jh,9h,4d,2h,8c,Qh,5,1,33.2,1.6,65.2
3h,7s,6s,5h,4h,,,3,1,86.4,6.4,7.2
5c,2s,8h,9d,6s,,,3,1,19.4,7.6,73.0
7s,Kd,Tc,Td,3d,6d,,4,2,34.2,1.6,64.2
Kc,7d,4c,6h,7h,,,3,1,64.6,2.8,32.6
7c,Th,Qd,Tc,3c,8s,9d,5,4,9.4,3.4,87.2
8c,7c,5h,3s,6d,6h,,4,4,16.8,1.0,82.2
2c,2s,5c,9h,5s,Kh,,4,8,4.4,0.0,95.6
5c,4h,,,,,,0,8,8.0,1.8,90.2
8c,Jc,8d,6h,4c,5s,,4,7,3.4,2.4,94.2
7d,Ts,,,,,,0,4,17.0,3.8,79.2
8c,Jh,,,,,,0,3,25.2,4.2,70.6
4s,6c,,,,,,0,3,19.8,4.2,76.0
5h,Jc,,,,,,0,2,27.6,4.0,68.4
2d,3h,Ac,5h,Kc,2c,3d,5,7,8.8,0.2,91.0
2s,4c,Qh,5h,Tc,4s,8c,5,6,0.0,0.0,100.0
4d,Ac,Kh,3h,3d,,,3,2,24.2,8.2,67.6
Ts,4c,3s,8h,7h,6d,7d,5,5,0.0,0.0,100.0
7h,Ac,,,,,,0,4,19.6,3.2,77.2
2h,4d,8d,Tc,6c,Qh,,4,8,0.0,0.0,100.0
3c,Jh,,,,,,0,3,17.6,2.0,80.4
6c,3c,5c,Js,5s,Jd,,4,8,0.2,2.2,97.6
3s,4d,3d,Kc,9s,Ad,,4,2,28.6,4.4,67.0
2c,8d,5c,Jc,Qs,,,3,1,21.8,5.8,72.4
8h,9d,5s,6d,Kh,,,3,3,20.4,1.2,78.4
5h,Qs,,,,,,0,6,8.4,2.2,89.4
Jd,3c,Th,6h,4h,2h,2s,5,4,0.0,0.0,100.0
5h,Tc,5d,Td,Jh,,,3,4,55.0,2.4,42.6
2d,9h,Tc,6d,3h,,,3,7,1.8,0.6,97.6
Tc,Kc,9h,6d,Ts,8d,,4,8,3.2,1.8,95.0
2d,Qs,Js,Jd,Ad,,,3,7,1.4,1.6,97.0
Tc,Td,9s,Ad,Jh,As,Th,5,2,96.6,0.0,3.4
7d,Ks,,,,,,0,4,17.8,4.4,77.8
Tc,2h,3c,Js,8s,6h,Kh,5,1,11.4,2.6,86.0
6s,Qh,7d,9s,Ac,7s,As,5,5,0.8,1.2,98.0
3d,7d,Kd,Qh,Ks,Tc,Td,5,7,0.0,1.2,98.8
6s,Qd,Th,2d,Tc,,,3,1,46.0,4.8,49.2
8s,Jd,,,,,,0,3,27.2,3.6,69.2
5s,Jc,6h,8h,Kc,Kd,,4,6,2.8,0.0,97.2
8h,Qh,,,,,,0,8,14.4,1.6,84.0
2c,4h,2h,5d,Ad,8d,3c,5,1,83.0,10.0,7.0
Ad,Ah,3h,Jd,4h,,,3,3,64.0,1.2,34.8
Ks,Qd,,,,,,0,8,15.2,2.6,82.2
7h,Tc,4c,3c,7d,Jd,4d,5,5,6.2,4.0,89.8
Qh,6c,Ks,4h,Qc,Jd,,4,1,70.4,3.2,26.4
9s,4d,,,,,,0,3,14.6,3.2,82.2
Qs,Ks,2d,8d,3d,9c,,4,5,3.2,0.0,96.8
5d,3d,Th,Kh,3s,2c,,4,6,6.0,1.4,92.6
Kc,Jh,Jd,4d,2c,Ks,5c,5,2,89.0,1.4,9.6
4c,7h,4d,5c,3d,,,3,2,35.6,6.4,58.0
3h,Qd,Jc,2s,4s,Qh,Jh,5,6,22.8,3.8,73.4
Ac,9c,Td,Js,Ts,Kd,4d,5,8,0.0,0.0,100.0
Ac,7h,6s,7c,4h,Qc,As,5,3,84.6,1.2,14.2
7h,Qc,9h,4c,Ks,Kd,6h,5,3,3.8,0.6,95.6
As,8c,,,,,,0,8,12.4,2.8,84.8
4s,Qd,Qc,7c,Js,,,3,3,45.8,6.2,48.0
5s,Ad,2s,Td,Jc,Js,5c,5,5,18.4,1.0,80.6
4s,7d,8s,5s,6s,5d,,4,7,35.8,4.6,59.6
8d,Js,5h,Jh,Ad,7s,,4,7,16.4,1.0,82.6
3s,Ks,,,,,,0,2,34.6,3.8,61.6
Kd,4c,,,,,,0,6,10.0,2.4,87.6
9d,Qh,Jd,3s,3c,5c,,4,1,34.4,4.2,61.4
5c,6s,3c,Th,9c,5s,Qd,5,5,2.8,0.6,96.6
3c,Qd,,,,,,0,8,6.0,3.6,90.4
8d,Ks,Jd,Qs,9h,2c,Th,5,7,35.0,57.8,7.2
Jh,3c,,,,,,0,1,42.0,6.6,51.4
As,7s,4d,5d,2s,,,3,3,20.8,4.0,75.2
Th,Qd,Jc,9d,Qs,,,3,2,68.0,9.8,22.2
Jh,4h,2c,Td,2d,Jc,,4,3,41.6,8.2,50.2
8c,Js,Qc,9d,Ad,,,3,8,10.2,2.6,87.2
3s,Kc,2c,4s,6h,,,3,8,4.2,5.8,90.0
3d,Td,8c,7s,4h,7d,,4,1,16.6,3.4,80.0
2c,Jc,Ts,7h,Qh,2d,,4,1,55.2,1.4,43.4
7s,Qd,Qh,5d,Js,7c,Qc,5,4,98.2,0.8,1.0
6d,5c,8s,Td,Jd,,,3,3,6.4,2.2,91.4
7s,Tc,Jd,4d,Qd,,,3,7,1.0,2.2,96.8
9d,Ac,,,,,,0,1,62.8,2.2,35.0
Kh,4s,Jd,9s,5d,,,3,1,33.8,2.8,63.4
4s,As,2h,8c,Th,6s,,4,3,6.8,1.0,92.2
Th,5h,8d,5c,2s,Kc,9c,5,7,0.2,0.0,99.8
7s,As,,,,,,0,8,14.4,3.4,82.2
3d,Ac,8d,Jh,6c,3c,,4,8,8.8,0.2,91.0
Kh,2h,Kd,Jc,2d,,,3,3,73.0,1.8,25.2
4h,9h,2c,6d,7c,,,3,2,10.8,2.0,87.2
9c,4h,,,,,,0,8,5.8,2.6,91.6
Ks,9s,7h,5d,6d,5c,5h,5,4,2.8,0.8,96.4
As,Td,3h,5s,3c,,,3,2,31.4,5.2,63.4
2d,Ah,2h,5c,5s,,,3,6,11.0,4.8,84.2
Ad,4s,Ts,Kc,Qd,,,3,4,13.6,9.2,77.2
8d,Kh,3h,8h,3s,7s,,4,3,45.0,4.8,50.2
6c,3c,6h,9d,9c,2c,,4,8,17.8,2.8,79.4
2c,Ad,Kh,Js,6d,3h,,4,8,1.6,0.2,98.2
6s,4c,,,,,,0,1,33.6,6.8,59.6
7d,Js,7s,8h,6d,Tc,,4,6,6.6,7.0,86.4
5h,6c,7s,5c,8c,,,3,3,29.6,11.0,59.4
3c,As,6c,9d,Qs,,,3,4,8.0,2.0,90.0
6s,Td,4d,2s,9h,,,3,1,27.8,2.8,69.4
7s,4c,,,,,,0,6,7.0,1.6,91.4
4s,2h,5s,Ad,4d,Jh,8d,5,8,0.0,0.0,100.0
Kd,6d,,,,,,0,1,51.6,3.0,45.4
4c,8c,Jd,9h,Qs,9c,Ts,5,3,28.2,15.8,56.0
As,Kd,,,,,,0,7,18.4,1.8,79.8
9s,Ks,As,9c,9h,,,3,1,95.0,1.0,4.0
Js,Qd,Tc,6s,4h,,,3,5,14.6,0.8,84.6
8c,6s,9s,7d,2s,Ad,,4,5,14.6,0.8,84.6
7s,3d,3s,5s,4d,Ts,Tc,5,4,3.6,0.4,96.0
5d,Qd,2h,Jc,Td,,,3,8,6.0,2.8,91.2
Kc,Qc,7h,Ad,Jc,9c,5h,5,1,38.0,0.6,61.4
Ac,9s,8h,3h,7d,2c,,4,6,3.8,0.0,96.2
Qs,Qh,5h,8c,Js,5d,,4,7,30.8,0.0,69.2
3c,Kh,3h,Jd,8s,2c,4d,5,4,8.0,0.2,91.8
2s,4d,Ad,3s,Ac,8d,9c,5,4,0.0,0.0,100.0
6s,Td,6h,5s,2s,,,3,7,11.6,1.4,87.0
Kc,Kh,5c,7c,Ad,9s,4h,5,8,6.6,0.2,93.2
5s,3d,2h,3c,8s,,,3,7,10.4,3.2,86.4
Kc,2d,Ts,4s,5c,5h,,4,7,0.8,0.6,98.6
Th,7h,Jc,Qd,Qh,7d,,4,3,27.2,8.6,64.2
Kd,4s,8h,Jd,6c,7c,,4,8,1.0,0.8,98.2
Qc,6c,,,,,,0,6,16.6,2.4,81.0
2d,3h,8h,3c,7d,Js,,4,5,7.8,1.2,91.0
Ks,4s,5c,3s,Td,Qs,3d,5,7,0.0,0.4,99.6
As,4c,7d,2h,6d,,,3,7,3.0,1.4,95.6
7s,8h,Qh,3h,Jc,,,3,3,7.4,1.0,91.6
Ac,Td,6s,6c,4s,Jd,3c,5,4,3.2,0.6,96.2
4s,Qd,5s,8h,3h,,,3,2,16.6,2.0,81.4
3d,8s,,,,,,0,1,37.0,5.4,57.6
6s,9h,6h,9d,3c,Ad,,4,2,80.6,1.2,18.2
Jc,3d,Ac,6c,4s,,,3,3,11.2,2.4,86.4
6s,4s,,,,,,0,5,15.4,1.4,83.2
Th,Js,,,,,,0,6,17.0,4.0,79.0
Kd,7s,7c,Ac,5c,9c,Kc,5,1,0.0,76.4,23.6
8c,Qs,Jd,9s,9h,4s,6c,5,8,0.0,0.0,100.0
Qs,5h,,,,,,0,5,11.2,2.6,86.2
9c,3d,Tc,6d,Ks,Ah,,4,4,0.6,0.6,98.8
Ks,6d,3s,4d,Jh,2d,,4,4,8.4,3.0,88.6
Ks,Td,Kd,Ah,As,,,3,7,25.2,13.2,61.6
6d,4h,,,,,,0,3,18.2,2.6,79.2
3s,7h,5h,2c,Th,7s,,4,1,64.4,0.8,34.8
Qc,9h,,,,,,0,7,12.0,3.8,84.2
Tc,Td,Th,9d,Ks,Ah,Jc,5,8,11.6,0.0,88.4
9c,4d,Qc,3h,4h,6d,,4,4,13.6,0.2,86.2
8s,8c,6d,9h,9c,Ks,,4,7,8.6,0.0,91.4
8d,Ah,8h,5s,Jd,,,3,1,72.4,0.4,27.2
Qh,9d,8s,Kd,5h,,,3,1,41.6,1.8,56.6
7d,Ad,7c,Kc,9s,8s,Ks,5,3,18.0,0.0,82.0
Ah,Ts,,,,,,0,8,13.4,1.8,84.8
5h,Js,6s,6h,2d,6c,4s,5,5,0.0,0.0,100.0
8d,9c,4h,Kh,5s,6c,,4,1,22.4,1.0,76.6
7s,Kh,8s,4c,Ac,,,3,6,2.2,2.0,95.8
9h,6s,,,,,,0,1,42.2,4.8,53.0
4c,8d,,,,,,0,5,9.4,2.2,88.4
Jd,3h,,,,,,0,5,10.0,1.4,88.6
Jd,8s,Qd,Ks,9c,Js,,4,8,0.6,1.4,98.0
Kd,9c,Qd,9h,Jh,5d,4d,5,5,7.2,0.4,92.4
5s,7c,Kc,6c,2c,4h,,4,7,12.6,1.2,86.2
7d,8d,5h,Jh,Qh,Ah,Kh,5,4,0.0,38.4,61.6
Kc,7c,As,9s,2s,Jd,5d,5,7,0.0,0.0,100.0
Kh,6h,9c,3c,Qd,5h,Th,5,1,21.6,1.0,77.4
Kc,Th,As,9c,Qc,Qd,,4,5,9.2,3.6,87.2
7s,Kh,7d,2h,Qs,,,3,8,16.2,1.2,82.6
Kh,9d,,,,,,0,3,26.8,3.8,69.4
8s,9h,Ac,2s,6c,Ah,,4,5,3.8,0.4,95.8
8c,6c,3s,As,9h,2d,,4,1,13.0,1.0,86.0
4h,Kc,9d,Ah,9h,,,3,8,1.2,2.2,96.6
8h,Kc,,,,,,0,7,11.6,3.8,84.6
2c,6h,Tc,8h,4h,6s,4s,5,2,30.2,3.8,66.0
Qh,4c,3d,9c,5d,As,,4,6,3.4,5.8,90.8
8h,4d,Ad,Tc,6h,9s,8c,5,5,0.4,0.8,98.8
Ts,Ah,Qc,Ad,Jc,Qh,,4,4,40.0,18.4,41.6
Qs,Td,2h,3h,2c,6d,9d,5,8,0.0,0.0,100.0
Kh,4c,Ks,7d,2c,Th,,4,6,32.2,6.2,61.6
7c,4c,,,,,,0,5,13.2,2.4,84.4
2h,Qh,2d,4c,Ah,Th,,4,5,25.8,1.0,73.2
Js,7d,3s,2s,8s,4d,,4,4,11.4,0.0,88.6
Qs,9c,5s,Ad,3c,Qc,,4,2,51.8,2.0,46.2
8c,8d,Tc,5c,9h,6d,,4,6,8.8,2.6,88.6
3h,7s,,,,,,0,2,21.6,4.2,74.2
2s,6d,As,9d,2c,Kd,5s,5,5,1.0,0.6,98.4
2h,3c,4d,Jc,Kc,Th,,4,8,0.0,0.0,100.0
4s,Jd,6c,Qs,9d,As,4d,5,8,0.0,0.0,100.0
8c,Ah,Qh,4d,Kc,,,3,4,11.4,2.8,85.8
9s,Jc,4d,5s,7d,2s,,4,4,5.2,0.0,94.8
Ks,Kh,Th,9h,Kc,Jd,Kd,5,5,100.0,0.0,0.0
9h,9c,,,,,,0,4,35.0,0.8,64.2
7d,Ah,,,,,,0,2,33.8,3.4,62.8
9d,Qc,6c,Ks,Ad,,,3,1,50.4,4.0,45.6
5s,Tc,5h,3c,8d,7h,,4,2,29.2,1.0,69.8
2s,Js,,,,,,0,1,44.4,4.8,50.8
7d,6d,Jd,6s,2c,9d,,4,5,27.8,1.6,70.6
Jc,9d,Tc,6c,Qs,,,3,5,25.4,3.6,71.0
6s,8h,5d,6d,As,,,3,1,65.6,2.4,32.0
9s,Kd,7s,9d,Js,,,3,6,15.0,2.0,83.0
7d,5c,8d,Qs,Th,7c,,4,1,48.0,3.8,48.2
5c,8s,Qd,Qc,9h,,,3,1,26.6,11.4,62.0
Kc,Tc,8s,Js,3h,,,3,6,9.4,1.0,89.6
As,9s,Jc,Kh,Js,Jd,,4,6,5.2,13.2,81.6
5h,Ks,8h,Kd,6c,,,3,5,31.6,7.4,61.0
8s,6c,,,,,,0,5,15.8,2.2,82.0
7h,5s,Td,Tc,Qs,,,3,7,0.4,1.0,98.6
3h,7d,,,,,,0,3,15.0,3.4,81.6
5d,Kd,8d,2s,Qs,,,3,4,14.4,1.6,84.0
As,6d,Kd,Kc,8d,8s,,4,2,35.6,18.8,45.6
6d,3s,9h,Jd,4h,9s,2c,5,7,0.0,0.0,100.0
Js,As,8c,7d,Kh,Ks,,4,2,28.2,2.4,69.4
4h,4c,Ad,Jc,Qh,9c,,4,3,7.8,0.2,92.0
7d,Kh,9c,2s,2c,5s,,4,2,16.2,3.4,80.4
Qs,Ah,8d,Ts,8s,9h,,4,4,11.2,4.4,84.4
Ah,8c,,,,,,0,2,39.0,5.2,55.8
2d,5s,Qd,3c,Ac,,,3,7,11.2,1.0,87.8
Js,2s,4s,3h,4c,Ks,4h,5,8,0.0,0.0,100.0
5c,9d,2h,4c,5d,2s,2c,5,4,46.6,19.6,33.8
Ad,As,4h,5d,3h,Jc,Ts,5,8,28.0,0.0,72.0
5c,Qs,5d,6c,6d,3h,Kd,5,8,1.0,1.4,97.6
2h,Ac,,,,,,0,7,9.6,3.4,87.0
4c,9h,3h,5c,5s,4d,8d,5,2,40.8,0.8,58.4
Tc,2d,Ah,Ad,Kh,2s,,4,6,4.2,4.2,91.6
2c,6h,8c,3d,Jh,9h,,4,4,0.2,0.4,99.4
3h,5s,7s,5d,Ad,9s,3s,5,4,52.0,0.8,47.2
Qc,4h,7d,6h,Qh,Jd,3h,5,6,24.8,4.8,70.4
2s,3c,Jc,7s,2h,4d,8s,5,7,0.0,0.0,100.0
Ah,9c,,,,,,0,3,31.0,2.0,67.0
Kc,4h,9d,5d,3c,5h,4s,5,5,13.8,0.8,85.4
9d,5d,Ks,4d,5h,6h,9s,5,2,82.2,0.0,17.8
Jd,Tc,Ad,2h,3c,Ks,8h,5,1,29.8,0.4,69.8
Th,Qc,,,,,,0,6,22.0,3.2,74.8
8c,Qd,6h,Jd,5d,8h,,4,1,70.0,0.8,29.2
Ac,8h,9c,6c,Ts,,,3,5,13.6,7.6,78.8
7s,Qh,,,,,,0,2,32.8,3.8,63.4
2s,As,6s,2d,Kh,6d,,4,2,39.6,3.6,56.8
7s,Ks,Kc,Kd,3s,4c,Ts,5,1,97.4,0.2,2.4
5c,As,,,,,,0,6,12.8,3.4,83.8
6s,Qh,,,,,,0,1,43.4,4.8,51.8
8h,Jd,,,,,,0,2,31.0,4.4,64.6
Ac,Tc,5c,Ad,6d,3d,,4,2,50.2,0.6,49.2
8c,4s,7s,6c,Tc,6h,8s,5,5,2.8,1.4,95.8
5s,4d,6d,Kc,3s,4s,,4,4,16.8,8.6,74.6
8c,3d,7h,4c,5h,2d,,4,5,8.8,6.6,84.6
2c,Qc,,,,,,0,6,15.0,2.6,82.4
7c,8s,As,Ah,Qd,7d,8h,5,6,6.2,7.8,86.0
5c,Jc,5d,4h,8d,3h,Qs,5,7,2.8,1.0,96.2
4d,2d,8c,8d,9c,3s,,4,3,2.6,0.4,97.0
2d,8c,,,,,,0,3,13.8,3.0,83.2
6s,5s,,,,,,0,7,13.4,3.2,83.4
As,9h,,,,,,0,4,22.6,3.2,74.2
2c,2h,Td,Ah,7d,,,3,1,42.2,1.4,56.4
Kc,9s,8s,4d,Jd,4s,,4,8,0.6,0.8,98.6
2s,6h,,,,,,0,1,28.8,5.0,66.2
2h,Jc,,,,,,0,5,10.0,2.4,87.6
6c,Qs,,,,,,0,1,47.6,4.8,47.6
9s,Qh,4s,Js,7d,2c,Qc,5,5,45.8,1.8,52.4
2h,Qc,Ah,3c,Td,Js,,4,2,13.0,5.4,81.6
Qh,8s,,,,,,0,7,9.0,2.8,88.2
As,7c,8s,4c,4h,9c,Td,5,1,35.0,5.4,59.6
Qd,5d,,,,,,0,8,11.2,2.6,86.2
4c,5d,,,,,,0,8,8.6,2.2,89.2
6d,7d,4c,Qd,3s,8c,6h,5,8,0.8,0.2,99.0
2d,3h,Tc,Ts,6s,6d,Kd,5,5,0.0,2.8,97.2
Qs,7h,,,,,,0,5,16.2,2.4,81.4
Ah,Th,3h,Qh,5s,Ad,Qd,5,1,82.6,0.8,16.6
4c,8s,7s,3d,Ts,,,3,1,28.6,3.4,68.0
3c,Qh,7c,Ad,Qd,8h,,4,4,28.8,5.6,65.6
7d,Ac,Ks,4s,2d,,,3,5,6.6,0.6,92.8
Qh,2h,4d,Tc,3c,Qc,8d,5,6,22.4,1.0,76.6
2s,5c,7h,6s,6c,,,3,5,1.4,3.0,95.6
8s,5h,Jd,Qh,Tc,7c,,4,1,21.0,6.8,72.2
Ts,6c,6h,5h,As,,,3,8,7.4,1.4,91.2
Kc,4s,5c,Tc,7h,Th,9d,5,7,0.0,0.0,100.0
2c,4d,,,,,,0,8,7.6,1.8,90.6
3d,4c,Kc,Th,5h,,,3,7,3.4,0.4,96.2
Qd,2d,,,,,,0,2,29.8,3.8,66.4
Kd,Ts,Ac,3s,Ah,Kc,7h,5,5,50.4,1.8,47.8
Th,4h,6d,Jc,Td,,,3,5,18.8,2.6,78.6
Jc,As,,,,,,0,8,18.6,3.0,78.4
9c,Th,9s,Td,2c,,,3,1,86.4,0.2,13.4
4c,9h,6d,Th,5s,Jh,,4,3,2.6,0.4,97.0
5h,Jd,6d,Th,7d,7c,Tc,5,3,1.0,1.6,97.4
Kh,5s,6d,Td,Jh,7d,,4,8,0.2,0.2,99.6
7d,8h,6s,Ad,5d,,,3,4,29.4,3.8,66.8
2h,9s,7h,7s,2c,4h,,4,5,6.2,3.2,90.6
3d,Jc,,,,,,0,3,15.0,2.2,82.8
2d,Th,6d,As,5h,3h,,4,2,9.0,2.6,88.4
6d,9h,Kh,Ad,2s,Qd,9s,5,2,26.2,7.4,66.4
6c,3h,,,,,,0,5,11.6,1.6,86.8
9c,4d,Kc,7c,6d,As,,4,2,5.4,0.4,94.2
Qd,4c,6d,6c,8s,3s,,4,7,0.6,1.0,98.4
Ac,6s,Ah,5c,6h,,,3,4,64.2,1.0,34.8
Ks,5c,5h,Ad,8h,,,3,8,8.6,0.6,90.8
5c,4c,3h,9c,Jc,5d,,4,1,68.6,1.8,29.6
Kd,9h,Jd,9d,5s,Tc,Jc,5,5,16.0,1.0,83.0
5d,Jd,5c,8d,6s,Kc,9d,5,8,0.0,0.0,100.0
7s,6d,4c,Jc,Ac,,,3,6,1.8,1.6,96.6
8s,7c,,,,,,0,4,17.2,2.8,80.0
9s,Ah,3s,9c,8h,4c,,4,5,39.2,1.6,59.2
Qc,Jh,7h,Jc,9s,Ts,,4,6,13.2,8.0,78.8
2c,5d,7c,2s,Ad,3d,3s,5,6,1.8,2.0,96.2
Qc,Tc,Kd,9h,4s,9c,,4,5,7.8,1.6,90.6
4h,2d,5d,As,6c,Jh,,4,1,15.6,3.6,80.8
5d,3h,Jh,5h,Kd,Td,2h,5,6,1.2,0.4,98.4
Qc,3c,3h,9s,2s,Kd,,4,7,7.2,0.6,92.2
7d,Kh,9s,Ah,3d,,,3,3,9.8,3.6,86.6
9h,6s,Kh,4c,Qh,,,3,4,7.2,1.6,91.2
3d,Td,,,,,,0,4,16.8,2.2,81.0
Ts,7d,9d,Qh,2d,6c,,4,4,9.6,0.6,89.8
7c,Jd,Js,7h,Kd,,,3,2,74.4,2.0,23.6
Ah,6s,As,Jh,5s,8h,,4,2,63.8,4.8,31.4
4d,Kh,,,,,,0,6,9.8,3.0,87.2
Qd,Th,Qh,9d,Js,,,3,2,62.4,9.2,28.4
6s,6h,8d,Qh,4c,,,3,8,6.6,0.6,92.8
Qs,9s,9h,6c,Th,,,3,7,12.2,2.0,85.8
6d,2d,Jh,8d,Kc,Js,7c,5,8,0.0,0.0,100.0
Tc,2c,Qc,5s,2d,,,3,7,12.2,0.8,87.0
4d,Js,8s,9c,2h,9s,,4,7,0.8,0.4,98.8
Kd,Ts,6c,Qd,Qs,,,3,2,30.6,4.4,65.0
5s,3d,,,,,,0,4,12.0,1.8,86.2
3s,Js,Tc,Kd,3c,,,3,6,9.2,1.8,89.0
6h,3c,,,,,,0,2,25.0,3.6,71.4
4h,Jh,6h,4d,As,7d,Ah,5,3,16.8,0.4,82.8
Kh,9c,8h,Qh,Ac,4d,4s,5,5,0.6,1.6,97.8
5c,3s,,,,,,0,5,7.2,1.2,91.6
As,Ks,6d,6h,5c,Js,,4,6,6.4,1.8,91.8
5s,Ah,7s,6d,3c,Ac,,4,2,70.2,5.2,24.6
Th,8c,7h,Qd,Qc,4c,,4,4,5.6,0.8,93.6
Th,Qd,5c,3d,2c,Ts,Qs,5,7,69.8,2.6,27.6
2c,3h,,,,,,0,6,5.6,1.4,93.0
2s,Qs,7d,Jc,6h,,,3,5,6.0,0.4,93.6
4h,9h,Td,8h,Ac,,,3,8,7.0,2.4,90.6
3c,8c,2d,4c,3s,Qs,,4,6,7.8,0.4,91.8
2c,Kc,7d,7h,4d,Qc,,4,1,37.0,8.0,55.0
Tc,9h,2c,Th,4h,Ad,Qh,5,8,2.2,0.0,97.8
Ts,5h,Ks,Tc,8h,4c,4h,5,1,71.6,6.2,22.2
2d,7c,,,,,,0,4,10.4,2.0,87.6
Th,3d,Qs,5h,Jh,,,3,8,2.8,1.4,95.8
3c,Ad,Ah,5s,Qd,,,3,1,83.4,2.6,14.0
2h,Qd,5s,7d,Jc,Qs,,4,7,19.2,5.0,75.8
Th,6d,Qh,Ah,7s,5d,,4,5,0.6,0.0,99.4
Qh,9h,4s,Jh,Jd,5h,8s,5,5,0.0,0.0,100.0
2s,9d,,,,,,0,1,38.2,3.8,58.0
4c,2s,Kh,Kc,8h,9h,,4,7,0.0,0.0,100.0
Qs,Ks,,,,,,0,6,25.4,2.4,72.2
Jh,4h,,,,,,0,3,20.0,2.8,77.2
6s,4s,Th,7d,7c,,,3,8,1.0,1.2,97.8
9s,6d,Jh,Tc,6h,9h,Js,5,3,22.6,6.8,70.6
7h,3s,4s,9h,Jd,,,3,2,8.0,2.0,90.0
5h,8c,As,Ks,9s,Tc,Jh,5,7,0.0,0.0,100.0
2s,3d,,,,,,0,5,8.8,2.6,88.6
8s,8d,Js,Td,8c,Qh,4c,5,3,49.0,0.0,51.0
7d,4h,,,,,,0,1,38.6,5.0,56.4
Ks,5h,As,Kh,7h,4s,,4,2,54.8,4.2,41.0
6d,9d,Tc,Qd,As,2h,,4,6,0.0,0.2,99.8
Ks,3h,,,,,,0,6,10.6,3.6,85.8
Qd,As,Qc,Ah,9h,,,3,5,66.8,1.8,31.4
7d,6d,3s,Kd,Qd,Ac,,4,3,19.2,1.0,79.8
Js,7s,Qh,Kh,9s,7h,2s,5,4,7.2,0.2,92.6
2h,9s,Qc,Th,Qd,5s,,4,5,1.0,0.8,98.2
Kd,Kc,Qh,Ks,6h,6c,7c,5,6,99.6,0.0,0.4
4d,5h,Jc,3d,5d,2d,,4,2,46.8,3.8,49.4
Qd,Td,Qh,7c,Th,7h,,4,4,39.8,1.8,58.4
Kc,7c,Qs,Kh,Ah,3h,Ks,5,2,79.4,7.0,13.6
Qh,4s,,,,,,0,5,12.6,2.8,84.6
Td,7c,Js,3d,8c,3c,,4,2,13.6,4.8,81.6
4c,8d,2c,Kc,8s,Js,,4,1,61.4,2.6,36.0
Qc,Qh,,,,,,0,1,78.6,0.2,21.2
Kc,Td,6s,5s,5h,,,3,1,37.0,5.0,58.0
Ks,3d,7s,Ts,8s,Tc,,4,4,15.4,2.2,82.4
Qd,2d,9d,6c,2h,,,3,2,34.2,1.6,64.2
3h,Kh,Qc,8s,Ts,,,3,7,2.6,1.6,95.8
3s,9c,Tc,4d,7h,3c,,4,7,8.4,0.0,91.6
5d,Kc,8h,7d,5s,As,,4,2,31.8,1.8,66.4
As,6h,Jh,4h,Ts,,,3,4,10.8,3.6,85.6
Jd,4c,,,,,,0,6,9.4,5.4,85.2
Ks,Jd,Kc,4h,4s,Ad,Ts,5,2,46.6,10.8,42.6
2c,8s,,,,,,0,7,4.6,3.2,92.2
Ac,As,,,,,,0,4,53.0,1.0,46.0
2d,6s,,,,,,0,2,19.8,3.0,77.2
9c,2d,5c,Jd,Th,4s,Js,5,5,0.0,0.0,100.0
Qh,5c,4s,4h,7d,4d,,4,7,1.8,4.4,93.8
Td,5c,Qh,4s,5d,,,3,4,25.6,1.2,73.2
8s,8d,Qd,6d,Js,2c,,4,6,9.4,0.2,90.4
7c,6c,,,,,,0,6,12.4,2.4,85.2
8h,7s,,,,,,0,4,16.0,3.6,80.4
3c,6h,Ah,4c,2h,Th,2c,5,3,0.0,0.0,100.0
4h,Kd,Td,4c,4s,,,3,6,67.4,3.6,29.0
8h,Qd,Ah,Td,Js,Jc,Th,5,2,0.0,49.6,50.4
4h,Ac,Jc,8h,Kc,5h,Ks,5,5,1.0,0.4,98.6
9s,Kh,6s,3h,Qd,,,3,1,45.6,1.2,53.2
Tc,2s,8c,6h,3h,As,Qd,5,1,14.2,2.8,83.0
2d,8c,Kc,7c,Jh,6d,Kh,5,4,0.0,0.0,100.0
Ks,Ac,5d,6s,8s,Kd,,4,7,25.8,1.8,72.4
3s,3c,Qc,2c,6c,,,3,6,7.2,0.0,92.8
Kd,As,4h,3s,5c,2c,9h,5,6,8.2,17.0,74.8
Jc,Ah,Js,Jh,8s,,,3,7,60.2,6.4,33.4
7h,Ac,3s,5d,9d,Js,Qc,5,4,1.2,0.0,98.8
4h,7s,3c,8d,Ah,Kh,9s,5,2,0.0,2.2,97.8
7h,6c,Kc,Jh,5c,,,3,7,4.0,1.0,95.0
4c,Qc,8s,4h,Kh,Kc,,4,1,65.0,2.4,32.6
2h,Kh,8d,Js,Th,6s,8s,5,3,1.2,1.6,97.2
4s,8h,7d,6s,Ac,,,3,4,17.2,3.6,79.2
2s,3h,Kc,Td,4d,9d,3c,5,3,5.8,1.8,92.4
9c,Qd,Tc,Jh,6h,4d,,4,4,22.0,1.4,76.6
Qd,Qh,9d,3h,6c,9c,,4,7,30.4,0.2,69.4
5c,Ks,,,,,,0,8,8.2,3.2,88.6
5s,7h,4h,3h,9d,6s,Kc,5,8,92.8,7.2,0.0
6h,5d,Qc,4d,3h,Jh,,4,8,14.0,1.2,84.8
7c,3h,Qc,Ad,Jd,6h,,4,1,10.2,6.6,83.2
9d,Kd,3c,7h,Qh,,,3,8,6.2,0.8,93.0
Td,4h,9d,4s,8c,Js,,4,6,11.8,9.6,78.6
9c,6s,Qs,4h,5s,,,3,6,3.6,2.4,94.0
5c,Ad,Jh,6s,4s,4h,,4,7,1.2,1.4,97.4
5s,2c,3s,3h,7h,,,3,7,2.6,2.0,95.4
2c,4s,Jd,Qd,7c,,,3,8,0.4,0.0,99.6
4h,Ac,Js,8h,Ts,,,3,4,5.6,3.6,90.8
9c,Tc,6h,3s,6s,8s,Kh,5,7,0.0,0.0,100.0
Jc,3c,5s,6d,As,6s,,4,6,0.4,1.4,98.2
As,Qd,6c,9d,Jc,,,3,7,8.0,0.6,91.4
Ac,Td,As,Jd,Js,,,3,7,23.4,12.2,64.4
8s,Ts,Jd,3d,2s,Ah,,4,7,0.8,0.0,99.2
3s,Qh,Th,9d,9s,,,3,4,4.2,4.0,91.8
6h,2h,Ah,Ac,Kc,8h,,4,4,14.2,1.6,84.2
6h,5d,,,,,,0,5,14.4,2.4,83.2
7h,7c,8s,6h,7d,9c,Jd,5,8,1.0,0.0,99.0
6h,7c,,,,,,0,1,40.0,5.0,55.0
9h,2c,,,,,,0,1,37.0,6.4,56.6
Td,5c,5d,2c,9s,4c,Kc,5,7,2.4,0.0,97.6
Kc,6s,,,,,,0,3,23.0,4.8,72.2
3c,2c,9s,8d,Ah,Ac,6c,5,8,0.0,0.0,100.0
6d,4h,Tc,Qh,2h,Qd,,4,6,1.2,0.8,98.0
8c,2h,,,,,,0,3,12.4,3.2,84.4
Td,Tc,Ac,Ts,7c,,,3,6,71.4,0.0,28.6
Qd,Jc,7d,2d,8s,5h,7c,5,6,0.0,0.0,100.0
8h,Js,8c,Ad,4h,,,3,7,15.6,2.0,82.4
6d,Ah,5h,2c,3c,,,3,6,7.6,8.0,84.4
8c,Jd,Ad,5d,7d,,,3,8,14.6,0.6,84.8
Kh,3h,,,,,,0,6,13.8,2.6,83.6
5h,2h,Td,Kc,7d,,,3,8,0.8,0.6,98.6
Js,5h,6c,8s,2s,4c,2d,5,4,0.0,0.0,100.0
7c,5s,,,,,,0,6,8.8,2.6,88.6
6s,Tc,4d,8c,5c,Jd,4s,5,4,0.0,0.2,99.8
2d,Tc,4s,Ts,2s,,,3,3,50.2,3.6,46.2
4s,8s,9h,Tc,4c,3s,,4,6,8.8,1.0,90.2
8h,3s,Kd,7c,9d,Ts,,4,1,25.2,7.2,67.6
7s,Qh,Jc,6d,Kh,,,3,1,39.0,4.0,57.0
5s,9c,Th,5d,9s,Qc,,4,2,67.6,2.0,30.4
7h,3h,8c,Ad,Jh,,,3,1,22.6,8.2,69.2
6d,9d,Ts,Jd,Jc,9h,,4,3,21.6,5.6,72.8
6s,8c,,,,,,0,8,10.6,3.4,86.0
8s,5s,Js,2s,9s,,,3,5,70.0,0.0,30.0
2h,Th,Qc,8c,6s,,,3,3,6.2,0.8,93.0
Tc,6s,,,,,,0,4,15.4,3.2,81.4
3s,8c,9s,6h,Ad,Ks,,4,6,0.2,0.0,99.8
Ac,4h,6c,9h,5c,5s,9s,5,6,1.8,3.8,94.4
6c,7c,3s,6h,Ts,Kh,As,5,7,0.2,0.2,99.6
Jd,8h,6d,6h,8s,,,3,7,13.8,4.0,82.2
Js,3h,,,,,,0,2,26.0,4.6,69.4
7d,2s,9h,Ad,6s,5h,Qh,5,4,0.0,0.0,100.0
Ks,3s,Jd,4h,7d,As,5s,5,8,0.0,0.0,100.0
Ac,8h,2d,9h,7c,5h,9c,5,4,3.2,0.2,96.6
9c,5c,,,,,,0,4,19.6,2.0,78.4
7c,9d,,,,,,0,2,28.4,5.2,66.4
7s,2d,7c,Qs,5c,3c,9c,5,6,0.0,0.0,100.0
4s,7h,5d,9s,7d,Jd,,4,7,4.2,0.2,95.6
8s,9c,5h,6h,5s,Kc,,4,7,7.6,1.4,91.0
Qc,8s,,,,,,0,4,18.4,3.2,78.4
5s,Tc,7c,7h,9s,,,3,4,6.2,6.0,87.8
3h,Ks,Qc,8s,8h,Ad,4s,5,1,43.6,8.8,47.6
9c,Th,5d,7d,Ah,Jh,4h,5,8,0.0,0.0,100.0
3c,Td,,,,,,0,1,41.8,5.6,52.6
5d,2c,6h,2d,Kc,,,3,2,35.8,2.6,61.6
4s,Th,5h,5c,3d,,,3,4,8.8,4.4,86.8
6d,5h,Jc,3c,As,3d,,4,8,0.2,0.2,99.6
5h,9h,8h,5c,9d,6s,Ac,5,3,41.0,0.2,58.8
2h,8s,7s,5s,Tc,9h,7d,5,6,0.0,0.0,100.0
Tc,7c,4s,4c,6s,9d,,4,6,8.8,1.4,89.8
Ac,Kc,,,,,,0,5,30.6,2.6,66.8
9d,Th,,,,,,0,7,13.0,2.0,85.0
2s,Kd,Ac,7h,As,Js,Jd,5,4,22.4,19.2,58.4
7h,8d,3s,Js,Kc,4s,,4,5,0.6,0.0,99.4
5h,7c,Js,As,3c,Qs,2d,5,6,0.0,0.0,100.0
6s,Kh,5h,7h,4h,Tc,3c,5,2,65.2,23.0,11.8
6s,2s,Jh,Ks,Qs,,,3,1,45.4,9.2,45.4
8h,9s,Qc,Th,3d,,,3,4,14.6,2.6,82.8
5h,6d,,,,,,0,1,39.6,6.2,54.2
8h,Th,3s,9s,Kh,6c,,4,6,10.8,0.8,88.4
Qd,Ts,5c,Ac,8c,,,3,2,14.8,5.6,79.6
9d,Kc,Tc,Qh,5h,Js,,4,3,80.6,8.6,10.8
9s,9c,,,,,,0,4,34.6,0.6,64.8
2h,5s,Jc,8h,9h,Tc,,4,3,0.0,7.8,92.2
4d,9d,3s,Ac,4h,,,3,8,9.6,1.4,89.0
Kh,Qc,,,,,,0,5,25.0,2.0,73.0
As,5d,9d,7d,6h,6s,,4,8,0.8,0.4,98.8
6c,7s,6s,Qs,As,Tc,,4,7,7.0,1.0,92.0
Th,Qh,8c,2c,7h,3d,4s,5,7,0.0,0.0,100.0
Tc,Kh,2s,4s,2c,Kc,6s,5,4,36.6,1.2,62.2
2c,9d,2h,Jh,Tc,7s,As,5,7,0.0,0.0,100.0
5h,As,7d,Ac,Td,,,3,1,80.0,2.4,17.6
Kd,2h,Th,Ts,Qs,,,3,2,18.6,10.6,70.8
4d,Jc,Tc,2c,Qd,Qs,,4,7,1.4,0.8,97.8
6d,Td,As,Qc,8d,Jc,,4,8,3.0,10.8,86.2
3c,9c,Ac,5h,4s,,,3,8,6.6,9.0,84.4
Jh,Ac,,,,,,0,4,26.2,2.4,71.4
Jh,Jc,5s,4s,9c,2s,,4,8,9.6,0.0,90.4
9d,3c,Qd,7h,Qc,,,3,5,3.0,0.8,96.2
8d,6d,,,,,,0,6,13.8,2.0,84.2
Kc,Ah,,,,,,0,6,23.8,2.8,73.4
2s,Qh,Qc,Ad,As,,,3,8,11.8,9.8,78.4
3c,2c,5c,7s,As,3d,,4,5,4.8,2.0,93.2
7c,9c,2c,2s,6d,3d,,4,4,4.6,0.2,95.2
4c,9c,5h,3h,7d,Kd,,4,6,2.2,3.4,94.4
Qs,5h,2d,7c,4s,,,3,5,5.6,2.8,91.6
Qd,8s,,,,,,0,8,10.0,4.4,85.6
6c,Qs,,,,,,0,6,11.4,3.6,85.0
Qs,8s,,,,,,0,8,17.6,3.8,78.6
5c,7h,,,,,,0,7,8.6,2.4,89.0
Js,6d,Jd,6h,2h,2s,,4,7,33.0,1.8,65.2
8h,9h,3c,8c,Td,4h,8s,5,1,96.0,0.4,3.6
5c,9h,5d,As,8d,,,3,1,60.2,2.6,37.2
5h,7h,8s,3h,3c,9c,5s,5,5,3.2,1.6,95.2
2s,Kd,4s,8s,9d,5d,,4,6,1.2,0.4,98.4
Jc,6c,9h,Kd,5d,7d,2c,5,1,16.2,0.6,83.2
7d,Kd,Ac,9c,2s,,,3,6,3.6,0.6,95.8
Ah,4s,9d,Qs,5s,Js,,4,4,8.0,0.0,92.0
Ac,5h,4s,Qh,2s,9d,Kc,5,5,0.0,0.0,100.0
Kd,Ts,3h,7d,2h,Jh,,4,1,31.2,0.4,68.4
4s,5c,,,,,,0,3,17.8,2.4,79.8
5s,Ks,,,,,,0,7,13.2,3.4,83.4
6d,4h,,,,,,0,6,9.6,2.4,88.0
9c,2c,3d,6s,7s,8h,Th,5,6,39.0,53.2,7.8
7d,Ah,2c,8s,Tc,Jh,Js,5,5,0.4,0.8,98.8
3h,Jd,3d,Qc,Js,4d,5h,5,6,49.2,1.4,49.4
9d,Jd,6h,Qs,7d,,,3,6,10.4,2.2,87.4
5d,Ad,4d,8c,Qh,3h,Tc,5,7,0.0,0.0,100.0
4d,8c,,,,,,0,8,5.2,2.8,92.0
4d,Ks,8c,Kd,Ts,5d,Qh,5,3,53.6,7.2,39.2
4c,9d,9s,Kc,Ah,6s,6d,5,8,0.4,2.4,97.2
3c,2s,4h,8h,3d,Kd,Jc,5,4,1.2,0.2,98.6
9s,Kc,4d,Kh,Ah,,,3,5,27.2,2.8,70.0
6h,3c,8d,2c,Kc,Kd,7d,5,1,2.4,3.0,94.6
Js,2c,,,,,,0,8,6.6,2.4,91.0
6c,2s,,,,,,0,6,6.6,2.6,90.8
Th,Kc,8s,5c,7h,,,3,4,10.8,2.0,87.2
As,3h,Th,2c,Qd,,,3,8,3.6,1.4,95.0
4d,8s,9c,2s,7s,6d,,4,8,4.4,10.6,85.0
5c,Kc,8d,2d,4c,,,3,2,23.4,1.4,75.2
4h,2s,4c,2d,Jd,6s,Kh,5,3,69.2,0.8,30.0
As,Th,2s,Qc,2c,3d,,4,8,1.2,1.0,97.8
Ks,3d,,,,,,0,3,20.2,3.8,76.0
5d,4c,,,,,,0,3,17.0,4.0,79.0
9c,3d,Ad,Kh,As,Kc,6d,5,7,0.0,0.2,99.8
As,3s,2s,8d,Js,Qd,,4,5,20.2,1.8,78.0
Td,6d,,,,,,0,6,12.6,1.6,85.8
6c,2s,3d,Js,4d,,,3,6,11.8,3.8,84.4
9d,Jh,2h,4s,Qs,,,3,5,6.8,0.2,93.0
8d,8h,5c,6h,3d,,,3,1,66.0,1.6,32.4
Jh,Ks,Js,6c,8c,Qh,Qd,5,6,40.2,1.4,58.4
Ts,Ks,8s,Jd,7c,,,3,1,47.8,4.8,47.4
7c,Ah,2s,2c,7s,,,3,8,14.6,2.6,82.8
Js,9s,Jc,8s,8h,Qs,,4,8,18.8,6.8,74.4
Qc,2d,7c,Kh,6s,4h,3d,5,7,0.0,0.0,100.0
Js,8h,Jc,3s,5c,,,3,4,35.8,3.4,60.8
Ac,Qc,9c,6d,9s,,,3,5,17.0,4.2,78.8
2d,7h,5c,6d,5h,3h,5d,5,4,0.0,0.0,100.0
8c,Js,Kh,4s,Kc,3c,,4,1,33.2,1.4,65.4
Jc,8c,Ah,4c,Ts,As,,4,3,6.2,3.0,90.8
Js,6d,5d,Qd,2s,Jc,8c,5,6,15.2,0.8,84.0
8s,9c,2d,Kh,5h,5c,8c,5,3,30.0,10.0,60.0
Kh,5d,Qd,4h,6h,,,3,6,7.0,2.8,90.2
5c,8d,3d,Jh,2c,7d,,4,4,1.0,0.2,98.8
Jc,5h,Ac,2s,2d,Td,Qh,5,8,0.0,0.0,100.0
2d,Ah,5d,8h,7h,4s,,4,8,1.2,1.2,97.6
Kh,As,7c,3c,Qc,8s,Ah,5,2,73.8,0.8,25.4
6s,9d,5c,4s,4c,Ah,Qc,5,2,1.6,2.2,96.2
2h,6h,9d,7s,6s,7d,,4,4,8.6,3.6,87.8
6c,4s,,,,,,0,8,6.2,1.4,92.4
9d,Ac,3s,Th,7c,,,3,1,45.4,2.4,52.2
9c,6c,9h,7h,3h,3c,7s,5,1,66.0,0.6,33.4
5h,8d,Ac,8c,Ts,9d,,4,6,4.0,0.8,95.2
5c,Kd,Qs,4d,6h,,,3,6,6.6,2.8,90.6
3s,7c,6h,4c,Qc,Qs,,4,7,7.2,1.0,91.8
7d,As,6d,Qc,Qd,,,3,2,33.4,5.2,61.4
4d,4s,Kh,5s,Js,2s,Qd,5,5,1.4,0.0,98.6
7d,Kc,,,,,,0,6,13.2,4.2,82.6
6d,2d,8d,3h,6s,,,3,7,11.8,2.8,85.4
Qh,3s,As,9d,5h,8s,,4,3,2.6,1.8,95.6
9h,2d,,,,,,0,4,10.6,2.4,87.0
Qd,Th,4d,9c,4h,,,3,2,26.8,2.0,71.2
Jd,Kd,Jc,5d,Jh,,,3,6,79.6,5.8,14.6
5s,2s,9c,3c,8d,Qs,5d,5,8,0.2,0.0,99.8
3c,2c,Td,5c,3s,Jc,2d,5,4,61.0,1.2,37.8
5d,8d,,,,,,0,8,10.8,2.6,86.6
4c,5s,Jd,9h,Jc,,,3,5,1.6,0.8,97.6
Qd,As,5s,3h,7s,Ah,6s,5,2,47.2,1.4,51.4
7h,Td,Kc,9s,2s,,,3,5,5.8,0.8,93.4
Qs,As,,,,,,0,8,15.2,2.2,82.6
7d,9d,,,,,,0,5,21.0,2.6,76.4
Qs,As,Tc,7h,2c,7c,6d,5,5,0.4,0.0,99.6
Ts,6c,9s,Kd,7d,,,3,3,18.6,2.4,79.0
Qd,2h,9s,7d,9c,Jc,,4,2,10.2,4.8,85.0
8s,3c,Ts,4c,7c,9d,Ac,5,2,1.0,0.2,98.8
Kh,5d,,,,,,0,2,32.6,2.2,65.2
Jd,7h,Kh,4c,4s,Ac,Kc,5,6,0.0,4.4,95.6
Kd,Ac,Td,7c,Ts,3c,,4,6,7.0,1.2,91.8
9d,7s,Jh,8h,Kd,,,3,3,13.2,2.6,84.2
Qs,5c,7h,4c,8d,8h,,4,6,4.2,4.2,91.6
6c,4d,8h,9c,Qs,8s,,4,7,0.0,0.2,99.8
7s,2d,,,,,,0,6,5.2,0.8,94.0
2h,7d,6d,5h,Jc,,,3,3,8.4,2.2,89.4
Td,As,7d,9s,6h,Ks,Qd,5,7,0.2,0.0,99.8
Ks,Kh,7c,Kd,6d,,,3,4,78.0,0.0,22.0
3d,Ah,4c,5d,2s,5h,4h,5,8,13.0,1.6,85.4
4h,Td,9h,7h,7c,,,3,3,9.4,3.2,87.4
7d,9h,Th,2c,6d,2d,,4,1,28.2,3.6,68.2
7c,Qc,5c,Qd,6d,Ah,,4,6,20.0,3.4,76.6
Qh,As,9h,Qs,3c,5d,,4,1,89.6,0.4,10.0
2c,Jd,4s,8s,Ac,4d,,4,3,4.4,5.8,89.8
6s,Ah,6h,9d,7s,,,3,2,36.6,3.4,60.0
4d,Kh,4s,Ks,8c,Js,,4,7,37.0,2.0,61.0
6d,2c,Ks,5s,Js,9s,,4,2,0.2,9.8,90.0
9c,3h,,,,,,0,7,6.0,2.2,91.8
3h,Kc,,,,,,0,4,17.6,4.4,78.0
As,Js,5s,Th,3d,9c,,4,2,20.8,0.8,78.4
Kc,6d,5d,Td,9s,9d,,4,6,3.2,0.6,96.2
9d,6s,6h,3d,8s,,,3,3,34.0,1.4,64.6
Kh,9s,Qc,Kd,7s,4h,,4,8,28.2,3.6,68.2
7s,Js,9h,Ac,2d,,,3,2,14.2,2.4,83.4
Ac,Kh,4h,2c,7h,,,3,5,15.2,0.6,84.2
As,9d,Td,Qc,7h,8s,,4,3,18.8,5.2,76.0
Ks,Ac,8h,2c,6s,8d,,4,3,17.6,2.4,80.0
2d,3s,,,,,,0,8,4.8,1.2,94.0
6d,9h,Th,Jc,3h,Qh,5s,5,7,0.0,0.0,100.0
Kd,Jd,5c,2d,3h,Tc,,4,4,6.8,0.4,92.8
5h,4s,8h,Ah,5d,,,3,6,9.0,2.2,88.8
3h,7d,,,,,,0,7,5.8,3.0,91.2
Qs,Kd,Ts,2s,Td,,,3,4,16.8,3.8,79.4
2s,9s,Ac,7s,Th,,,3,4,7.4,1.2,91.4
6c,Ts,,,,,,0,2,24.6,5.4,70.0
6c,Ac,3h,6d,Qd,,,3,7,17.0,0.8,82.2
3c,9s,Ts,7d,Qd,7c,,4,7,0.0,0.2,99.8
Ts,6s,5s,As,2c,2d,,4,4,16.4,2.8,80.8
Ks,3d,5h,7s,9d,7c,6h,5,4,0.0,0.0,100.0
Js,6s,,,,,,0,7,11.0,3.2,85.8
Qh,Td,5d,2h,Jc,9h,6s,5,5,0.0,0.0,100.0
Js,4d,,,,,,0,7,7.8,5.0,87.2
9d,2d,Jc,Qd,Qh,,,3,7,4.4,2.2,93.4
Ks,Qd,7h,Td,Kh,Jc,,4,2,66.0,3.2,30.8
5s,2c,Ac,Jh,3c,4c,Qd,5,3,84.4,3.4,12.2
Qc,3d,Jh,Tc,Ts,Js,Qd,5,3,28.4,10.2,61.4
4h,6s,7s,2s,Ad,2h,,4,1,9.0,10.2,80.8
4c,8h,Kc,5s,Js,,,3,7,1.4,0.2,98.4
3h,5s,8s,Kc,Kd,Th,Qc,5,1,0.0,21.0,79.0
Qs,3h,,,,,,0,6,10.2,4.4,85.4
2h,As,Qs,4h,4d,5c,,4,6,7.8,2.4,89.8
Kc,3h,Qh,8h,Tc,2s,,4,2,7.0,2.0,91.0
4h,7d,9c,Jh,Qs,8h,6s,5,3,0.0,0.0,100.0
2c,2s,3h,8s,2d,Ah,,4,8,63.0,0.0,37.0
Tc,5c,5s,9h,Ah,7d,,4,8,6.0,0.2,93.8
Kd,3s,7s,8d,Qc,7c,,4,6,1.2,1.6,97.2
8h,Kc,Th,8s,4d,,,3,3,39.2,1.2,59.6
7s,Jh,7c,6h,8d,8h,,4,2,43.4,4.4,52.2
9s,8s,Ah,Qh,8c,,,3,4,18.0,2.8,79.2
2d,Td,6s,9s,Kd,7h,,4,3,7.4,3.8,88.8
3c,Ah,6c,Td,Th,4h,4c,5,4,7.4,8.8,83.8
Qs,Kd,Th,6s,2c,8d,9h,5,4,0.0,0.0,100.0
9d,Td,8d,4d,Ad,Jd,6s,5,4,69.4,0.0,30.6
8h,Ac,5d,Jc,Ah,9d,Kh,5,6,30.0,14.4,55.6
Ts,9s,,,,,,0,5,22.2,2.0,75.8
Kh,6d,,,,,,0,6,17.6,3.0,79.4
2h,8h,9s,Js,9h,,,3,5,5.6,1.4,93.0
Kh,Jh,7h,2h,Kc,,,3,6,55.8,2.2,42.0
Kh,Qs,8c,Kc,3s,,,3,2,64.8,2.2,33.0
2h,4h,2c,Ac,7s,9h,Qs,5,6,0.8,0.6,98.6
7d,8d,Jh,3d,Td,8h,6h,5,6,3.0,0.0,97.0
Tc,2d,3s,Kh,2c,,,3,3,23.0,2.0,75.0
9c,Ac,Qd,6h,8s,Ad,7h,5,7,30.6,2.0,67.4
Ad,6s,Ac,Qs,Ks,3c,,4,7,20.4,8.6,71.0
Kh,7s,6d,2c,8c,Td,,4,4,7.8,4.0,88.2
3d,Jd,Qd,2c,7d,6s,2s,5,8,0.0,0.0,100.0
2c,Jh,,,,,,0,5,9.6,3.2,87.2
7s,7c,,,,,,0,3,34.4,1.0,64.6
Kc,9c,,,,,,0,5,19.4,2.8,77.8
Jd,Qs,Ks,3s,9c,As,2d,5,8,0.0,0.0,100.0
Js,8c,,,,,,0,7,13.2,2.8,84.0
5d,Kd,2d,4s,Ah,Th,,4,1,40.6,2.6,56.8
8h,Jd,,,,,,0,5,12.0,1.8,86.2
2s,Ah,5c,2d,6s,3h,,4,3,7.4,4.8,87.8
Kc,4d,9s,8c,7s,,,3,1,23.8,7.4,68.8
Tc,3h,Js,As,7c,Ah,,4,4,2.2,1.4,96.4
Kc,5d,8h,4d,3c,2s,3h,5,6,0.0,0.0,100.0
7c,2c,,,,,,0,7,9.0,0.8,90.2
Js,Kh,Kc,6d,Tc,,,3,1,82.6,1.0,16.4
3c,9c,Ks,8d,8s,As,5c,5,2,1.4,1.6,97.0
Jc,Th,,,,,,0,3,32.0,2.6,65.4
4c,2h,3d,6d,Th,7s,,4,4,4.0,3.2,92.8
5c,9h,Ts,9d,Ks,,,3,8,8.4,2.2,89.4
5h,6c,3s,4h,Qs,Qd,4c,5,7,0.0,0.0,100.0
9s,3d,7d,3c,9h,4h,Qh,5,2,76.4,0.8,22.8
5d,Td,2c,Qc,Ks,Kc,Qh,5,7,0.2,0.0,99.8
Jc,Qd,Tc,7h,3c,9h,,4,8,14.8,2.2,83.0
4d,5c,,,,,,0,8,8.0,3.8,88.2
9s,Qh,8c,8s,4c,9d,Kc,5,6,5.0,3.2,91.8
2c,8h,3c,Td,Jd,5h,8c,5,8,1.0,0.0,99.0
6c,Th,2d,5h,Js,Qs,,4,8,0.0,0.0,100.0
4c,2h,6c,7c,8s,6s,5d,5,4,19.2,19.2,61.6
2c,5s,3s,Ad,3d,2d,8h,5,6,1.0,2.4,96.6
4s,Qs,Ks,6d,Js,,,3,7,34.6,1.4,64.0
4c,4h,,,,,,0,5,16.8,0.4,82.8
4s,Ac,Kh,6d,8c,,,3,3,13.6,3.6,82.8
Qc,Ah,Qh,5c,2h,5s,,4,2,73.8,2.0,24.2
2c,6c,,,,,,0,1,36.2,3.8,60.0
6c,3s,7d,Qs,Td,8h,Qh,5,3,0.0,0.2,99.8
5h,2h,7d,3d,Ks,9d,,4,1,5.2,3.4,91.4
Th,Qc,,,,,,0,4,24.4,3.0,72.6
6s,4h,6h,8c,Qh,,,3,1,54.8,2.6,42.6
3c,3h,8h,2s,2d,Td,,4,2,30.8,0.0,69.2
2s,Jh,Th,Ac,6d,,,3,3,7.2,2.6,90.2
Qs,Ac,As,6d,3d,7h,6c,5,8,29.2,2.2,68.6
5s,7d,9h,6c,8h,,,3,7,47.0,12.6,40.4
Jd,5c,4s,Tc,Th,,,3,1,34.0,5.6,60.4
8h,2d,,,,,,0,3,15.2,3.8,81.0
7s,Qh,,,,,,0,7,10.0,4.0,86.0
4c,Js,,,,,,0,6,5.4,3.4,91.2
9d,Qd,2s,4h,Qh,Ac,8h,5,7,7.4,0.6,92.0
4s,5c,,,,,,0,4,14.8,2.6,82.6
6d,4s,9d,8h,6h,,,3,1,49.2,4.6,46.2
3h,Ks,5h,Kh,7d,Ts,,4,4,44.8,6.2,49.0
5h,4s,4h,5d,Qh,7s,As,5,6,42.4,1.2,56.4
Tc,Qh,Ks,4d,2d,6c,,4,2,14.8,0.0,85.2
8h,Kh,2h,6c,8s,,,3,2,59.6,1.2,39.2
3s,9s,2d,3c,7d,3h,8h,5,4,83.2,2.0,14.8
Jc,Kh,9s,Ac,Ad,Kc,2c,5,7,28.2,1.2,70.6
4c,6c,3h,3d,2c,5h,7s,5,7,75.4,5.4,19.2
8h,2h,,,,,,0,1,40.2,4.6,55.2
4c,Ks,5s,4d,5c,,,3,7,7.6,3.2,89.2
5d,8d,Qh,Jc,6c,7c,Ad,5,2,0.6,1.4,98.0
4h,Ad,7s,9d,5c,Tc,,4,5,2.0,0.6,97.4
8d,Kc,5s,As,4h,7d,,4,4,7.6,4.2,88.2
Jc,Js,2d,4d,6d,,,3,5,14.6,0.4,85.0
7h,2d,Jc,Th,7s,,,3,3,19.6,5.6,74.8
As,4d,2c,2h,5d,,,3,8,9.0,3.0,88.0
6c,4d,Ah,5d,Qd,4c,6d,5,4,51.0,1.4,47.6
9d,Jd,3h,9c,Jh,3s,,4,5,44.2,1.6,54.2
8s,6d,,,,,,0,8,6.8,2.6,90.6
8d,6h,4h,Tc,Jc,Td,,4,1,18.6,6.4,75.0
5s,7h,Ks,Qd,As,9s,,4,4,7.0,0.6,92.4
2s,3c,9s,Td,Jh,Ks,2d,5,7,0.0,0.0,100.0
3h,4h,7c,Js,8c,,,3,6,0.8,1.4,97.8
2h,3d,Qh,Kc,3c,Kh,9h,5,3,11.4,6.2,82.4
4c,Js,5h,5s,Ad,3c,2h,5,6,33.6,45.4,21.0
2s,5h,9d,6d,7s,,,3,6,1.4,2.6,96.0
3s,Qh,,,,,,0,3,16.8,4.0,79.2
4h,7c,Td,Kc,5s,Js,,4,4,0.2,0.4,99.4
8h,Qc,,,,,,0,4,17.8,3.4,78.8
3d,Jh,5s,6s,2c,,,3,3,13.2,5.0,81.8
8d,2d,Jh,9s,7d,2c,,4,3,20.0,3.4,76.6
6h,Kd,,,,,,0,5,14.6,2.2,83.2
4d,Kh,,,,,,0,2,32.8,3.2,64.0
Jd,5s,3s,Ks,6c,,,3,4,7.6,2.4,90.0
8c,2h,5h,8d,2d,,,3,4,50.0,1.4,48.6
3c,7s,Kh,Qc,Tc,Qh,,4,3,2.2,4.4,93.4
Qc,3d,,,,,,0,4,17.6,3.2,79.2
9s,Td,8c,4h,8h,,,3,1,32.8,6.2,61.0
9h,Jd,9s,9d,6s,4s,6h,5,8,63.8,35.6,0.6
3h,4c,6d,Td,3s,Th,,4,5,7.4,2.8,89.8
Qh,9h,Td,Ah,8h,4c,3s,5,2,6.2,0.2,93.6
Jc,6d,9h,5c,4s,3h,Qc,5,1,13.8,1.2,85.0
5s,Jh,8h,2c,Ts,Jd,,4,6,18.0,4.0,78.0
3h,3s,Ah,9s,6c,,,3,2,26.6,0.6,72.8
4s,9d,5c,4c,7c,3d,,4,2,18.0,5.8,76.2
Qd,5c,,,,,,0,1,47.8,3.6,48.6
6s,3s,Ad,As,Qs,3h,9c,5,7,0.6,1.6,97.8
8s,Ah,4s,3c,9s,Qd,,4,8,1.8,0.4,97.8
Qc,8c,,,,,,0,1,52.4,3.6,44.0
3d,4c,Td,Js,6c,6h,8c,5,1,0.0,11.4,88.6
Jc,2c,9d,6s,5s,,,3,4,3.0,1.4,95.6
3h,9c,,,,,,0,8,3.2,4.2,92.6
Js,Qs,Th,7h,2d,Ks,,4,3,24.6,1.4,74.0
9d,Jc,,,,,,0,7,10.6,2.6,86.8
7h,Tc,,,,,,0,2,30.2,5.0,64.8
Kc,5s,4c,As,9c,,,3,1,47.2,5.0,47.8
7c,Th,,,,,,0,8,8.4,2.0,89.6
5d,Qd,2h,6h,Th,,,3,3,5.6,1.6,92.8
3s,8h,,,,,,0,8,4.4,2.6,93.0
4h,9h,5s,5d,6d,8c,7h,5,4,49.6,37.6,12.8
2d,Jh,Qs,6h,5s,Ks,,4,1,24.8,2.4,72.8
8s,9d,3c,7s,5c,Jh,Kh,5,6,0.0,0.0,100.0
Qs,4s,,,,,,0,3,23.0,3.2,73.8
5s,Td,,,,,,0,5,10.8,3.2,86.0
Tc,9s,6h,Qs,3s,Qh,3d,5,6,0.0,0.0,100.0
6d,4c,2c,Jh,Ac,Qd,,4,6,0.0,0.0,100.0
Kd,9c,,,,,,0,1,57.8,2.6,39.6
2h,Jh,9h,3h,8d,5d,,4,4,21.4,0.0,78.6
Jd,7s,4c,Td,6c,4d,,4,1,25.0,4.2,70.8
7s,Qs,4d,Qd,Kd,,,3,5,10.8,4.2,85.0
Tc,7d,,,,,,0,4,16.2,2.2,81.6
4c,Ac,,,,,,0,8,12.2,4.8,83.0
6s,Ah,5h,2h,4s,Ks,,4,1,37.6,1.0,61.4
Qd,6c,,,,,,0,5,11.0,2.0,87.0
Ks,7h,6d,8c,4h,8d,5c,5,3,62.2,28.4,9.4
9h,8s,,,,,,0,3,23.0,4.4,72.6
9s,3c,,,,,,0,6,7.0,1.8,91.2
3h,Jd,,,,,,0,6,10.8,2.8,86.4
Qs,8c,6c,Qh,Ks,,,3,1,77.0,3.6,19.4
Ts,Qd,Kh,Ks,Ad,,,3,7,11.4,6.6,82.0
Jc,7d,,,,,,0,1,47.2,3.8,49.0
5s,9s,7h,2c,6c,5c,3d,5,8,0.0,0.0,100.0
Ts,7h,9h,2c,9s,,,3,4,11.2,2.6,86.2
Jd,9s,6d,6s,2s,2c,,4,8,2.8,3.2,94.0
2h,Qd,,,,,,0,1,46.8,4.4,48.8
Js,4c,Ts,Th,Qh,,,3,5,3.8,4.2,92.0
4s,Jh,Td,3h,5d,6d,5h,5,6,0.0,0.0,100.0
4d,9h,Js,Ac,Th,Qs,,4,3,1.8,10.8,87.4
8h,Js,Jh,4s,3c,Qh,2c,5,1,72.6,0.2,27.2
7d,6s,5d,5h,Js,8c,8s,5,4,0.0,0.8,99.2
As,2c,5h,6s,Kh,Tc,3s,5,1,28.0,3.0,69.0
Tc,Th,Ah,3c,2h,Qs,Ts,5,2,91.8,0.0,8.2
4s,9h,8s,Qs,Qc,,,3,2,16.2,5.4,78.4
Jh,Ac,3s,2c,Qd,,,3,5,12.0,0.8,87.2
Kh,8h,2c,7h,Qd,8s,As,5,5,10.4,0.6,89.0
Qd,5s,,,,,,0,5,11.8,3.8,84.4
8h,8c,3c,6s,3d,,,3,8,15.2,0.0,84.8
Th,6d,8c,Kc,3s,Jd,,4,2,7.8,0.8,91.4
7s,9c,5h,8d,2h,Ks,,4,7,6.0,0.4,93.6
Ad,Ah,6h,Td,3d,Kc,7c,5,4,55.2,0.2,44.6
7d,Qh,4h,Tc,3c,As,2d,5,7,0.0,0.0,100.0
8s,4c,5c,Kh,Qh,Kc,,4,8,0.4,0.2,99.4
4s,8s,Ks,8d,9h,9d,5c,5,3,30.6,11.2,58.2
9s,Td,7s,5c,5h,,,3,7,3.8,1.6,94.6
Jc,4d,Td,8c,Kc,,,3,5,7.2,2.6,90.2
Jh,9c,Tc,9d,6c,8d,Ts,5,3,30.2,1.2,68.6
9s,7s,,,,,,0,8,14.0,2.6,83.4
6s,4c,3c,Ks,5d,2s,9d,5,4,95.8,4.2,0.0
Qs,6h,5h,Jd,4d,2d,,4,1,28.8,0.6,70.6
Ts,Kh,Ah,6d,Kd,2c,,4,5,29.4,2.2,68.4
6d,Ah,,,,,,0,8,9.6,2.8,87.6
3h,5d,Qc,As,2h,8h,9d,5,3,0.0,0.0,100.0
9c,Kd,,,,,,0,3,24.0,2.6,73.4
2h,Qs,3c,7d,Ac,,,3,5,1.8,1.2,97.0
Jh,Kd,4c,Kc,5s,8s,6d,5,2,44.8,0.4,54.8
Kd,7s,,,,,,0,7,10.8,2.2,87.0
5h,Qs,6h,7h,2h,,,3,1,48.8,0.6,50.6
7d,3c,Ah,4d,3d,,,3,1,52.2,3.8,44.0
2c,7h,2d,Tc,Kh,,,3,2,29.4,4.2,66.4
Tc,Js,Ts,Jd,Qc,,,3,7,26.4,6.6,67.0
6c,2h,6h,2d,8d,,,3,3,54.0,2.0,44.0
9c,Qh,5d,2s,6h,,,3,6,4.6,2.6,92.8
5c,6h,,,,,,0,2,22.0,2.6,75.4
Kd,4h,Qd,Kc,2c,3d,2h,5,8,14.0,16.0,70.0
8c,As,9s,6c,4s,6d,5h,5,7,0.0,0.0,100.0
3h,As,8c,Jc,5c,,,3,5,2.4,2.0,95.6
2h,4h,,,,,,0,7,11.8,3.4,84.8
Jd,2s,,,,,,0,6,10.0,3.0,87.0
4c,2h,3d,Qs,6d,5c,,4,8,60.2,12.2,27.6
3s,Kh,6h,Ts,2c,6s,,4,3,7.8,3.8,88.4
4c,Ts,Ad,Kh,8d,,,3,8,0.8,0.8,98.4
6c,5d,4h,7c,Qh,,,3,2,32.8,2.4,64.8
Ad,3d,Qc,Th,6s,2d,,4,6,1.4,0.2,98.4
7c,9d,4d,6d,4h,,,3,4,10.8,3.2,86.0
Ts,6s,3c,2h,3d,Ac,As,5,6,0.0,0.4,99.6
Jc,Jd,Kc,4c,Qc,,,3,6,31.0,0.6,68.4
Kd,Ah,Qc,9h,Th,4c,,4,2,26.6,0.4,73.0
Jd,Ac,3s,Ks,Kh,,,3,2,40.2,3.2,56.6
7c,Th,5c,Jh,Td,,,3,7,14.0,2.0,84.0
4h,7s,,,,,,0,5,11.0,2.4,86.6
7d,4s,2d,4c,4d,Jh,,4,3,80.2,6.0,13.8
6c,2d,Kh,6h,4c,5c,,4,1,59.0,3.2,37.8
9d,2h,Kd,4c,6s,6h,,4,8,0.0,0.2,99.8
Kd,5d,5c,Jc,Ad,,,3,6,16.4,1.8,81.8
9d,8d,3c,9s,2s,,,3,4,33.0,1.6,65.4
As,6d,4h,7s,2s,3c,Jd,5,3,2.0,0.2,97.8
Js,2h,Qd,3d,2d,,,3,2,21.6,3.0,75.4
7c,5c,2h,6h,Tc,7h,3c,5,6,7.6,0.6,91.8
Jh,2h,Js,3c,Ah,Th,6s,5,6,10.0,1.2,88.8
Jh,Ts,Ks,4h,Kd,2d,8h,5,5,0.0,0.0,100.0
5d,Jc,Ts,Ad,Qc,8s,,4,2,19.2,6.8,74.0
Jh,Td,,,,,,0,2,36.2,2.8,61.0
Ks,3c,6s,Tc,7s,Kd,,4,2,62.0,5.6,32.4
Kc,Jd,5c,6h,3h,2s,,4,6,2.2,2.0,95.8
Ah,Jc,Qc,Jd,Kd,Ks,Ts,5,2,69.8,25.0,5.2
4s,5h,Kh,7d,Qs,8h,,4,4,7.6,0.4,92.0
8c,8h,6d,Js,Jd,,,3,1,68.6,0.8,30.6
4c,8s,Qd,Ad,4s,,,3,5,11.6,2.4,86.0
2s,4h,Td,7d,Ac,Kc,,4,1,2.2,10.0,87.8
3c,Tc,7d,9h,4s,,,3,7,1.8,2.8,95.4
2c,Td,Qh,3h,Jc,3d,Ts,5,4,6.0,3.2,90.8
Kh,Js,5s,Tc,Ad,8d,,4,8,7.8,0.2,92.0
Qs,9h,Tc,5s,8c,Ts,,4,3,15.4,1.2,83.4
Ad,7s,3c,4h,2s,8d,,4,1,41.4,1.4,57.2
4s,Qc,Ac,3s,2d,Tc,,4,8,1.6,5.6,92.8
6c,Js,,,,,,0,3,20.0,3.8,76.2
3c,Td,,,,,,0,5,9.0,1.8,89.2
3c,2c,8s,Kc,2h,Ts,,4,1,45.6,3.6,50.8
As,7h,6d,3c,9s,,,3,4,7.0,3.2,89.8
7h,9h,,,,,,0,8,15.6,2.2,82.2
2d,3h,,,,,,0,6,7.4,1.6,91.0
9d,8s,6s,9c,Qs,,,3,1,65.6,3.4,31.0
2d,Kc,6d,Qs,Jd,Kh,4c,5,7,16.6,6.4,77.0
Ts,3c,,,,,,0,7,5.0,3.0,92.0
5h,9s,,,,,,0,4,11.6,4.6,83.8
3d,As,Tc,4s,Js,,,3,6,10.0,1.0,89.0
Jh,Qs,2c,6s,2s,,,3,4,12.0,1.8,86.2
8c,2c,3d,Qs,6h,Qh,Ah,5,1,7.4,3.4,89.2
7s,9d,8c,Qc,Th,4c,Ks,5,5,0.0,0.0,100.0
Kc,6d,Ah,Ad,9d,4s,5d,5,7,0.0,0.0,100.0
As,4h,,,,,,0,7,10.6,4.4,85.0
3c,8h,Jd,Qc,Ts,7c,Js,5,3,0.2,0.4,99.4
8c,Kh,Jh,7d,Ah,,,3,4,12.8,3.8,83.4
2d,Th,,,,,,0,8,5.4,2.2,92.4
Ad,2s,5h,Tc,9d,,,3,4,10.8,1.6,87.6
8c,Ac,Td,7s,Kd,Qh,Kc,5,8,0.0,0.2,99.8
Kd,Jh,9s,2h,Ah,,,3,1,55.4,2.4,42.2
7h,Kh,9d,As,Jd,7s,,4,3,20.4,0.8,78.8
3d,5h,,,,,,0,4,13.6,1.8,84.6
Ks,2s,4s,4h,4d,Ac,2h,5,7,5.0,7.6,87.4
2c,Th,Kc,8d,3d,,,3,3,4.2,1.4,94.4
5s,3c,,,,,,0,6,9.6,2.0,88.4
Qh,7s,Js,9c,Ah,3c,2c,5,3,0.8,0.2,99.0
As,Kd,Jd,3d,8s,,,3,8,12.2,0.8,87.0
4h,7s,8s,5c,2d,Ts,7h,5,8,0.4,0.4,99.2
Ad,4c,3s,8c,9d,,,3,4,9.4,3.0,87.6
9d,Jc,Ks,2c,4h,Kc,Ad,5,7,0.0,0.0,100.0
6s,9c,7h,Ts,3h,5c,,4,1,25.6,3.4,71.0
Ac,Jd,3d,5h,7c,8s,Kd,5,5,0.8,0.0,99.2
As,Qs,6c,4h,Ks,9c,Th,5,4,2.2,0.6,97.2
4h,Kh,3h,5c,9c,8c,,4,5,1.8,0.0,98.2
Ah,7h,Js,5s,9s,2d,6c,5,5,0.4,0.0,99.6
Ac,9s,5c,Th,Qd,2s,As,5,2,71.2,1.2,27.6
3c,2s,8s,4c,6d,9c,,4,5,3.2,0.4,96.4
Ah,Tc,2d,Ts,5d,,,3,6,31.2,1.6,67.2
Tc,Jc,2h,8s,8h,Qd,7c,5,2,9.2,0.8,90.0
6d,9s,Js,As,3s,2d,,4,4,11.6,0.0,88.4
Ad,2d,5h,Kc,5s,,,3,4,10.6,5.6,83.8
Kc,Jc,Ah,4h,Ad,5h,,4,8,2.2,0.2,97.6
Jc,Th,,,,,,0,2,37.4,3.4,59.2
6d,Js,7s,4d,4s,5c,,4,1,31.6,4.6,63.8
Qs,Ts,4c,As,5h,,,3,3,16.4,2.4,81.2
Js,2s,Qh,Qc,8d,Ah,,4,4,2.8,3.6,93.6
Th,Ah,Qh,As,6c,,,3,3,66.8,4.2,29.0
7c,7s,5s,Kh,3c,,,3,4,24.4,1.2,74.4
8d,Th,4c,Tc,Ah,6c,,4,1,62.2,2.4,35.4
Js,Ks,9s,7c,2s,,,3,3,45.0,0.8,54.2
3h,9s,Th,Tc,Jd,6c,Td,5,6,0.0,0.0,100.0
Ad,2c,Qd,6c,Kc,,,3,4,9.4,1.6,89.0
7c,Jh,2c,Js,Qh,Ac,,4,7,8.2,1.8,90.0
3h,Ah,Tc,8h,2s,9h,,4,7,19.2,0.6,80.2
7s,6s,,,,,,0,6,17.2,1.8,81.0
5c,Th,8c,5h,8h,Kc,,4,4,14.4,5.2,80.4
4h,5d,,,,,,0,2,23.0,4.6,72.4
6h,Th,,,,,,0,1,46.4,3.0,50.6
As,Qc,7d,3d,6d,,,3,6,3.6,1.0,95.4
Jd,9d,5d,Jc,Kd,,,3,6,49.0,1.4,49.6
Ah,Ac,,,,,,0,6,43.2,0.8,56.0
7h,Th,Tc,3s,5d,Js,6c,5,7,9.0,0.4,90.6
3h,7h,2c,4s,8d,As,,4,7,2.8,4.6,92.6
Tc,2h,Js,Qs,Kd,9c,7c,5,6,38.6,55.4,6.0
Ad,2d,Ac,7h,Tc,Jd,5s,5,8,14.8,6.8,78.4
Ac,Jd,8d,Th,Ts,4h,,4,4,11.8,2.8,85.4
5s,4s,,,,,,0,7,11.6,1.6,86.8
4s,3c,6d,Tc,9h,6c,,4,8,0.0,0.0,100.0
3d,As,7c,3s,Ac,6c,6s,5,1,75.8,1.8,22.4
Tc,7d,Kc,Qd,Jc,3d,Th,5,6,0.0,0.0,100.0
Th,Jc,Jd,8d,Ts,Jh,Js,5,1,100.0,0.0,0.0
Ac,8s,Js,5h,Kh,6s,Ts,5,4,0.6,0.4,99.0
5d,4s,,,,,,0,2,21.2,2.2,76.6
Td,Jc,8d,3h,Ah,,,3,2,20.6,1.8,77.6
4d,Qh,7s,Ah,9c,7c,Ac,5,8,0.0,0.2,99.8
Kc,Qh,9h,7s,8h,Qs,6h,5,7,0.2,0.0,99.8
Qc,3d,2d,As,4s,,,3,1,45.0,3.4,51.6
5c,Jd,6d,Ah,Tc,,,3,1,31.4,2.8,65.8
8c,5c,8h,6s,7c,,,3,7,10.0,11.8,78.2
Jh,Qd,5d,Ts,2h,Th,8d,5,5,0.0,0.0,100.0
9c,4d,Ac,5c,9s,8s,Qd,5,4,11.8,4.0,84.2
2s,4h,As,Td,6c,Kc,3c,5,6,0.0,0.0,100.0
Kd,3s,9c,Qh,5h,4h,5s,5,6,0.0,0.2,99.8
8s,4h,Td,Ac,7d,Qc,8c,5,6,0.4,0.8,98.8
9h,2d,9c,Kh,7s,,,3,7,16.2,3.4,80.4
Ac,6s,,,,,,0,3,27.8,3.0,69.2
2s,As,8s,8c,7h,5s,Qh,5,1,41.6,3.6,54.8
9h,Kc,,,,,,0,8,12.6,3.6,83.8
3d,Th,Jd,Qh,7d,Jc,,4,3,3.8,3.2,93.0
3c,5c,,,,,,0,8,11.2,2.4,86.4
Qh,9h,,,,,,0,6,19.4,2.4,78.2
3s,8s,2d,7s,9h,8c,2s,5,4,13.0,3.4,83.6
Jd,Qh,3s,8d,4h,7c,,4,5,7.4,0.2,92.4
8s,2h,Th,3d,5c,,,3,2,10.4,1.4,88.2
Kh,Jc,,,,,,0,6,21.2,2.8,76.0
3d,Qh,Kh,5h,Ah,5c,9d,5,3,6.0,6.0,88.0
5d,Tc,7s,7h,2d,Jc,Kh,5,5,0.0,0.0,100.0
Kh,5c,8s,4s,9d,2s,6h,5,2,3.4,0.2,96.4
6d,4h,,,,,,0,7,8.6,2.2,89.2
Kc,7s,5d,Ad,Ah,2h,8d,5,5,1.2,0.4,98.4
Jc,7c,Js,Ah,Tc,4d,8h,5,6,8.6,3.2,88.2
Jd,6h,8d,Qs,9h,,,3,3,15.0,5.8,79.2
Ks,7c,Kc,6d,7d,Qc,Kh,5,6,96.2,1.6,2.2
4d,4h,2d,8d,7s,,,3,4,15.8,0.2,84.0
Ad,Qc,7s,3c,6h,5c,,4,1,30.4,7.0,62.6
Jc,Th,Jd,7c,5s,,,3,3,50.2,2.6,47.2
Qc,Kh,7c,4h,As,3d,,4,4,5.2,0.2,94.6
